STATION,STATION_NAME,DATE,MDPR,DAPR,PRCP
GHCND:USC00049855,YOSEMITE PARK HEADQUARTERS CA US,19900101,-9999,-9999,0
GHCND:USC00049855,YOSEMITE PARK HEADQUARTERS CA US,19900102,-9999,-9999,0.68
GHCND:USC00049855,YOSEMITE PARK HEADQUARTERS CA US,19900103,-9999,-9999,0
GHCND:USC00049855,YOSEMITE PARK HEADQUARTERS CA US,19900104,-9999,-9999,0
GHCND:USC00049855,YOSEMITE PARK HEADQUARTERS CA US,19900105,-9999,-9999,0
GHCND:USC00049855,YOSEMITE PARK HEADQUARTERS CA US,19900106,-9999,-9999,0
GHCND:USC00049855,YOSEMITE PARK HEADQUARTERS CA US,19900107,-9999,-9999,0.02
GHCND:USC00049855,YOSEMITE PARK HEADQUARTERS CA US,19900108,-9999,-9999,0.06
GHCND:USC00049855,YOSEMITE PARK HEADQUARTERS CA US,19900109,-9999,-9999,0
GHCND:USC00049855,YOSEMITE PARK HEADQUARTERS CA US,19900110,-9999,-9999,0
GHCND:USC00049855,YOSEMITE PARK HEADQUARTERS CA US,19900111,-9999,-9999,0
GHCND:USC00049855,YOSEMITE PARK HEADQUARTERS CA US,19900112,-9999,-9999,0
GHCND:USC00049855,YOSEMITE PARK HEADQUARTERS CA US,19900113,-9999,-9999,1.8
GHCND:USC00049855,YOSEMITE PARK HEADQUARTERS CA US,19900114,-9999,-9999,1.7
GHCND:USC00049855,YOSEMITE PARK HEADQUARTERS CA US,19900115,-9999,-9999,0
GHCND:USC00049855,YOSEMITE PARK HEADQUARTERS CA US,19900116,-9999,-9999,1.35
GHCND:USC00049855,YOSEMITE PARK HEADQUARTERS CA US,19900117,-9999,-9999,0.87
GHCND:USC00049855,YOSEMITE PARK HEADQUARTERS CA US,19900118,-9999,-9999,0
GHCND:USC00049855,YOSEMITE PARK HEADQUARTERS CA US,19900119,-9999,-9999,0
GHCND:USC00049855,YOSEMITE PARK HEADQUARTERS CA US,19900120,-9999,-9999,0
GHCND:USC00049855,YOSEMITE PARK HEADQUARTERS CA US,19900121,-9999,-9999,0
GHCND:USC00049855,YOSEMITE PARK HEADQUARTERS CA US,19900123,-9999,-9999,0
GHCND:USC00049855,YOSEMITE PARK HEADQUARTERS CA US,19900124,-9999,-9999,0
GHCND:USC00049855,YOSEMITE PARK HEADQUARTERS CA US,19900125,-9999,-9999,0
GHCND:USC00049855,YOSEMITE PARK HEADQUARTERS CA US,19900126,-9999,-9999,0
GHCND:USC00049855,YOSEMITE PARK HEADQUARTERS CA US,19900127,-9999,-9999,0
GHCND:USC00049855,YOSEMITE PARK HEADQUARTERS CA US,19900128,-9999,-9999,0
GHCND:USC00049855,YOSEMITE PARK HEADQUARTERS CA US,19900129,-9999,-9999,0
GHCND:USC00049855,YOSEMITE PARK HEADQUARTERS CA US,19900130,-9999,-9999,0
GHCND:USC00049855,YOSEMITE PARK HEADQUARTERS CA US,19900131,-9999,-9999,0.15
GHCND:USC00049855,YOSEMITE PARK HEADQUARTERS CA US,19900201,-9999,-9999,0.82
GHCND:USC00049855,YOSEMITE PARK HEADQUARTERS CA US,19900202,-9999,-9999,0
GHCND:USC00049855,YOSEMITE PARK HEADQUARTERS CA US,19900203,-9999,-9999,0
GHCND:USC00049855,YOSEMITE PARK HEADQUARTERS CA US,19900204,-9999,-9999,1.13
GHCND:USC00049855,YOSEMITE PARK HEADQUARTERS CA US,19900205,-9999,-9999,0
GHCND:USC00049855,YOSEMITE PARK HEADQUARTERS CA US,19900206,-9999,-9999,0.9
GHCND:USC00049855,YOSEMITE PARK HEADQUARTERS CA US,19900207,-9999,-9999,0.32
GHCND:USC00049855,YOSEMITE PARK HEADQUARTERS CA US,19900208,-9999,-9999,0
GHCND:USC00049855,YOSEMITE PARK HEADQUARTERS CA US,19900209,-9999,-9999,0
GHCND:USC00049855,YOSEMITE PARK HEADQUARTERS CA US,19900210,-9999,-9999,0
GHCND:USC00049855,YOSEMITE PARK HEADQUARTERS CA US,19900211,-9999,-9999,0
GHCND:USC00049855,YOSEMITE PARK HEADQUARTERS CA US,19900212,-9999,-9999,0
GHCND:USC00049855,YOSEMITE PARK HEADQUARTERS CA US,19900213,-9999,-9999,0
GHCND:USC00049855,YOSEMITE PARK HEADQUARTERS CA US,19900214,-9999,-9999,0
GHCND:USC00049855,YOSEMITE PARK HEADQUARTERS CA US,19900215,-9999,-9999,0
GHCND:USC00049855,YOSEMITE PARK HEADQUARTERS CA US,19900216,-9999,-9999,0
GHCND:USC00049855,YOSEMITE PARK HEADQUARTERS CA US,19900217,-9999,-9999,0.8
GHCND:USC00049855,YOSEMITE PARK HEADQUARTERS CA US,19900218,-9999,-9999,0.62
GHCND:USC00049855,YOSEMITE PARK HEADQUARTERS CA US,19900219,-9999,-9999,0
GHCND:USC00049855,YOSEMITE PARK HEADQUARTERS CA US,19900220,-9999,-9999,0
GHCND:USC00049855,YOSEMITE PARK HEADQUARTERS CA US,19900221,-9999,-9999,0
GHCND:USC00049855,YOSEMITE PARK HEADQUARTERS CA US,19900222,-9999,-9999,0
GHCND:USC00049855,YOSEMITE PARK HEADQUARTERS CA US,19900223,-9999,-9999,0
GHCND:USC00049855,YOSEMITE PARK HEADQUARTERS CA US,19900224,-9999,-9999,0
GHCND:USC00049855,YOSEMITE PARK HEADQUARTERS CA US,19900225,-9999,-9999,0
GHCND:USC00049855,YOSEMITE PARK HEADQUARTERS CA US,19900226,-9999,-9999,0
GHCND:USC00049855,YOSEMITE PARK HEADQUARTERS CA US,19900227,-9999,-9999,0
GHCND:USC00049855,YOSEMITE PARK HEADQUARTERS CA US,19900228,-9999,-9999,0
GHCND:USC00049855,YOSEMITE PARK HEADQUARTERS CA US,19900301,-9999,-9999,0
GHCND:USC00049855,YOSEMITE PARK HEADQUARTERS CA US,19900302,-9999,-9999,0
GHCND:USC00049855,YOSEMITE PARK HEADQUARTERS CA US,19900303,-9999,-9999,0.2
GHCND:USC00049855,YOSEMITE PARK HEADQUARTERS CA US,19900304,-9999,-9999,0
GHCND:USC00049855,YOSEMITE PARK HEADQUARTERS CA US,19900305,-9999,-9999,0.71
GHCND:USC00049855,YOSEMITE PARK HEADQUARTERS CA US,19900306,-9999,-9999,0
GHCND:USC00049855,YOSEMITE PARK HEADQUARTERS CA US,19900307,-9999,-9999,0
GHCND:USC00049855,YOSEMITE PARK HEADQUARTERS CA US,19900308,-9999,-9999,0
GHCND:USC00049855,YOSEMITE PARK HEADQUARTERS CA US,19900309,-9999,-9999,0
GHCND:USC00049855,YOSEMITE PARK HEADQUARTERS CA US,19900310,-9999,-9999,0
GHCND:USC00049855,YOSEMITE PARK HEADQUARTERS CA US,19900311,-9999,-9999,0.74
GHCND:USC00049855,YOSEMITE PARK HEADQUARTERS CA US,19900312,-9999,-9999,0.29
GHCND:USC00049855,YOSEMITE PARK HEADQUARTERS CA US,19900313,-9999,-9999,0.2
GHCND:USC00049855,YOSEMITE PARK HEADQUARTERS CA US,19900314,-9999,-9999,0
GHCND:USC00049855,YOSEMITE PARK HEADQUARTERS CA US,19900315,-9999,-9999,0
GHCND:USC00049855,YOSEMITE PARK HEADQUARTERS CA US,19900316,-9999,-9999,0
GHCND:USC00049855,YOSEMITE PARK HEADQUARTERS CA US,19900317,-9999,-9999,0
GHCND:USC00049855,YOSEMITE PARK HEADQUARTERS CA US,19900318,-9999,-9999,0
GHCND:USC00049855,YOSEMITE PARK HEADQUARTERS CA US,19900319,-9999,-9999,0
GHCND:USC00049855,YOSEMITE PARK HEADQUARTERS CA US,19900320,-9999,-9999,0
GHCND:USC00049855,YOSEMITE PARK HEADQUARTERS CA US,19900321,-9999,-9999,0
GHCND:USC00049855,YOSEMITE PARK HEADQUARTERS CA US,19900322,-9999,-9999,0
GHCND:USC00049855,YOSEMITE PARK HEADQUARTERS CA US,19900323,-9999,-9999,0
GHCND:USC00049855,YOSEMITE PARK HEADQUARTERS CA US,19900324,-9999,-9999,0
GHCND:USC00049855,YOSEMITE PARK HEADQUARTERS CA US,19900325,-9999,-9999,0
GHCND:USC00049855,YOSEMITE PARK HEADQUARTERS CA US,19900326,-9999,-9999,0
GHCND:USC00049855,YOSEMITE PARK HEADQUARTERS CA US,19900327,-9999,-9999,0.08
GHCND:USC00049855,YOSEMITE PARK HEADQUARTERS CA US,19900328,-9999,-9999,0
GHCND:USC00049855,YOSEMITE PARK HEADQUARTERS CA US,19900329,-9999,-9999,0.17
GHCND:USC00049855,YOSEMITE PARK HEADQUARTERS CA US,19900330,-9999,-9999,0
GHCND:USC00049855,YOSEMITE PARK HEADQUARTERS CA US,19900331,-9999,-9999,0
GHCND:USC00049855,YOSEMITE PARK HEADQUARTERS CA US,19900401,-9999,-9999,0
GHCND:USC00049855,YOSEMITE PARK HEADQUARTERS CA US,19900402,-9999,-9999,0
GHCND:USC00049855,YOSEMITE PARK HEADQUARTERS CA US,19900403,-9999,-9999,0
GHCND:USC00049855,YOSEMITE PARK HEADQUARTERS CA US,19900404,-9999,-9999,0
GHCND:USC00049855,YOSEMITE PARK HEADQUARTERS CA US,19900405,-9999,-9999,0.15
GHCND:USC00049855,YOSEMITE PARK HEADQUARTERS CA US,19900406,-9999,-9999,0.01
GHCND:USC00049855,YOSEMITE PARK HEADQUARTERS CA US,19900407,-9999,-9999,0.04
GHCND:USC00049855,YOSEMITE PARK HEADQUARTERS CA US,19900408,-9999,-9999,0.23
GHCND:USC00049855,YOSEMITE PARK HEADQUARTERS CA US,19900409,-9999,-9999,0
GHCND:USC00049855,YOSEMITE PARK HEADQUARTERS CA US,19900410,-9999,-9999,0
GHCND:USC00049855,YOSEMITE PARK HEADQUARTERS CA US,19900411,-9999,-9999,0
GHCND:USC00049855,YOSEMITE PARK HEADQUARTERS CA US,19900412,-9999,-9999,0
GHCND:USC00049855,YOSEMITE PARK HEADQUARTERS CA US,19900413,-9999,-9999,0
GHCND:USC00049855,YOSEMITE PARK HEADQUARTERS CA US,19900414,-9999,-9999,0
GHCND:USC00049855,YOSEMITE PARK HEADQUARTERS CA US,19900415,-9999,-9999,0
GHCND:USC00049855,YOSEMITE PARK HEADQUARTERS CA US,19900416,-9999,-9999,0
GHCND:USC00049855,YOSEMITE PARK HEADQUARTERS CA US,19900417,-9999,-9999,0.32
GHCND:USC00049855,YOSEMITE PARK HEADQUARTERS CA US,19900418,-9999,-9999,0.01
GHCND:USC00049855,YOSEMITE PARK HEADQUARTERS CA US,19900419,-9999,-9999,0
GHCND:USC00049855,YOSEMITE PARK HEADQUARTERS CA US,19900420,-9999,-9999,0.14
GHCND:USC00049855,YOSEMITE PARK HEADQUARTERS CA US,19900421,-9999,-9999,0.22
GHCND:USC00049855,YOSEMITE PARK HEADQUARTERS CA US,19900422,-9999,-9999,0
GHCND:USC00049855,YOSEMITE PARK HEADQUARTERS CA US,19900423,-9999,-9999,0.9
GHCND:USC00049855,YOSEMITE PARK HEADQUARTERS CA US,19900424,-9999,-9999,0.38
GHCND:USC00049855,YOSEMITE PARK HEADQUARTERS CA US,19900425,-9999,-9999,0
GHCND:USC00049855,YOSEMITE PARK HEADQUARTERS CA US,19900426,-9999,-9999,0
GHCND:USC00049855,YOSEMITE PARK HEADQUARTERS CA US,19900427,-9999,-9999,0
GHCND:USC00049855,YOSEMITE PARK HEADQUARTERS CA US,19900428,-9999,-9999,0
GHCND:USC00049855,YOSEMITE PARK HEADQUARTERS CA US,19900429,-9999,-9999,0
GHCND:USC00049855,YOSEMITE PARK HEADQUARTERS CA US,19900430,-9999,-9999,0
GHCND:USC00049855,YOSEMITE PARK HEADQUARTERS CA US,19900501,-9999,-9999,0
GHCND:USC00049855,YOSEMITE PARK HEADQUARTERS CA US,19900502,-9999,-9999,0
GHCND:USC00049855,YOSEMITE PARK HEADQUARTERS CA US,19900503,-9999,-9999,0
GHCND:USC00049855,YOSEMITE PARK HEADQUARTERS CA US,19900504,-9999,-9999,0
GHCND:USC00049855,YOSEMITE PARK HEADQUARTERS CA US,19900505,-9999,-9999,0
GHCND:USC00049855,YOSEMITE PARK HEADQUARTERS CA US,19900506,-9999,-9999,0
GHCND:USC00049855,YOSEMITE PARK HEADQUARTERS CA US,19900507,-9999,-9999,0
GHCND:USC00049855,YOSEMITE PARK HEADQUARTERS CA US,19900508,-9999,-9999,0
GHCND:USC00049855,YOSEMITE PARK HEADQUARTERS CA US,19900509,-9999,-9999,0
GHCND:USC00049855,YOSEMITE PARK HEADQUARTERS CA US,19900510,-9999,-9999,0
GHCND:USC00049855,YOSEMITE PARK HEADQUARTERS CA US,19900511,-9999,-9999,0
GHCND:USC00049855,YOSEMITE PARK HEADQUARTERS CA US,19900512,-9999,-9999,0
GHCND:USC00049855,YOSEMITE PARK HEADQUARTERS CA US,19900513,-9999,-9999,0
GHCND:USC00049855,YOSEMITE PARK HEADQUARTERS CA US,19900514,-9999,-9999,0
GHCND:USC00049855,YOSEMITE PARK HEADQUARTERS CA US,19900515,-9999,-9999,0
GHCND:USC00049855,YOSEMITE PARK HEADQUARTERS CA US,19900516,-9999,-9999,0
GHCND:USC00049855,YOSEMITE PARK HEADQUARTERS CA US,19900517,-9999,-9999,0
GHCND:USC00049855,YOSEMITE PARK HEADQUARTERS CA US,19900518,-9999,-9999,0
GHCND:USC00049855,YOSEMITE PARK HEADQUARTERS CA US,19900519,-9999,-9999,0
GHCND:USC00049855,YOSEMITE PARK HEADQUARTERS CA US,19900520,-9999,-9999,0
GHCND:USC00049855,YOSEMITE PARK HEADQUARTERS CA US,19900521,-9999,-9999,0
GHCND:USC00049855,YOSEMITE PARK HEADQUARTERS CA US,19900522,-9999,-9999,0
GHCND:USC00049855,YOSEMITE PARK HEADQUARTERS CA US,19900523,-9999,-9999,0.96
GHCND:USC00049855,YOSEMITE PARK HEADQUARTERS CA US,19900524,-9999,-9999,0
GHCND:USC00049855,YOSEMITE PARK HEADQUARTERS CA US,19900525,-9999,-9999,0
GHCND:USC00049855,YOSEMITE PARK HEADQUARTERS CA US,19900526,-9999,-9999,0
GHCND:USC00049855,YOSEMITE PARK HEADQUARTERS CA US,19900527,-9999,-9999,0.28
GHCND:USC00049855,YOSEMITE PARK HEADQUARTERS CA US,19900528,-9999,-9999,0.51
GHCND:USC00049855,YOSEMITE PARK HEADQUARTERS CA US,19900529,-9999,-9999,0.02
GHCND:USC00049855,YOSEMITE PARK HEADQUARTERS CA US,19900530,-9999,-9999,0
GHCND:USC00049855,YOSEMITE PARK HEADQUARTERS CA US,19900531,-9999,-9999,0
GHCND:USC00049855,YOSEMITE PARK HEADQUARTERS CA US,19900601,-9999,-9999,0
GHCND:USC00049855,YOSEMITE PARK HEADQUARTERS CA US,19900602,-9999,-9999,0
GHCND:USC00049855,YOSEMITE PARK HEADQUARTERS CA US,19900603,-9999,-9999,0
GHCND:USC00049855,YOSEMITE PARK HEADQUARTERS CA US,19900604,-9999,-9999,0
GHCND:USC00049855,YOSEMITE PARK HEADQUARTERS CA US,19900605,-9999,-9999,0
GHCND:USC00049855,YOSEMITE PARK HEADQUARTERS CA US,19900606,-9999,-9999,0
GHCND:USC00049855,YOSEMITE PARK HEADQUARTERS CA US,19900607,-9999,-9999,0
GHCND:USC00049855,YOSEMITE PARK HEADQUARTERS CA US,19900608,-9999,-9999,0
GHCND:USC00049855,YOSEMITE PARK HEADQUARTERS CA US,19900609,-9999,-9999,0
GHCND:USC00049855,YOSEMITE PARK HEADQUARTERS CA US,19900610,-9999,-9999,0.36
GHCND:USC00049855,YOSEMITE PARK HEADQUARTERS CA US,19900611,-9999,-9999,0
GHCND:USC00049855,YOSEMITE PARK HEADQUARTERS CA US,19900612,-9999,-9999,0
GHCND:USC00049855,YOSEMITE PARK HEADQUARTERS CA US,19900613,-9999,-9999,0
GHCND:USC00049855,YOSEMITE PARK HEADQUARTERS CA US,19900614,-9999,-9999,0
GHCND:USC00049855,YOSEMITE PARK HEADQUARTERS CA US,19900615,-9999,-9999,0
GHCND:USC00049855,YOSEMITE PARK HEADQUARTERS CA US,19900616,-9999,-9999,0.02
GHCND:USC00049855,YOSEMITE PARK HEADQUARTERS CA US,19900617,-9999,-9999,0
GHCND:USC00049855,YOSEMITE PARK HEADQUARTERS CA US,19900618,-9999,-9999,0
GHCND:USC00049855,YOSEMITE PARK HEADQUARTERS CA US,19900619,-9999,-9999,0
GHCND:USC00049855,YOSEMITE PARK HEADQUARTERS CA US,19900620,-9999,-9999,0
GHCND:USC00049855,YOSEMITE PARK HEADQUARTERS CA US,19900621,-9999,-9999,0
GHCND:USC00049855,YOSEMITE PARK HEADQUARTERS CA US,19900622,-9999,-9999,0
GHCND:USC00049855,YOSEMITE PARK HEADQUARTERS CA US,19900623,-9999,-9999,0
GHCND:USC00049855,YOSEMITE PARK HEADQUARTERS CA US,19900624,-9999,-9999,0
GHCND:USC00049855,YOSEMITE PARK HEADQUARTERS CA US,19900625,-9999,-9999,0
GHCND:USC00049855,YOSEMITE PARK HEADQUARTERS CA US,19900626,-9999,-9999,0
GHCND:USC00049855,YOSEMITE PARK HEADQUARTERS CA US,19900627,-9999,-9999,0
GHCND:USC00049855,YOSEMITE PARK HEADQUARTERS CA US,19900628,-9999,-9999,0
GHCND:USC00049855,YOSEMITE PARK HEADQUARTERS CA US,19900629,-9999,-9999,0
GHCND:USC00049855,YOSEMITE PARK HEADQUARTERS CA US,19900630,-9999,-9999,0
GHCND:USC00049855,YOSEMITE PARK HEADQUARTERS CA US,19900701,-9999,-9999,0
GHCND:USC00049855,YOSEMITE PARK HEADQUARTERS CA US,19900702,-9999,-9999,0
GHCND:USC00049855,YOSEMITE PARK HEADQUARTERS CA US,19900703,-9999,-9999,0
GHCND:USC00049855,YOSEMITE PARK HEADQUARTERS CA US,19900704,-9999,-9999,0
GHCND:USC00049855,YOSEMITE PARK HEADQUARTERS CA US,19900705,-9999,-9999,0
GHCND:USC00049855,YOSEMITE PARK HEADQUARTERS CA US,19900706,-9999,-9999,0
GHCND:USC00049855,YOSEMITE PARK HEADQUARTERS CA US,19900707,-9999,-9999,0
GHCND:USC00049855,YOSEMITE PARK HEADQUARTERS CA US,19900708,-9999,-9999,0
GHCND:USC00049855,YOSEMITE PARK HEADQUARTERS CA US,19900709,-9999,-9999,0
GHCND:USC00049855,YOSEMITE PARK HEADQUARTERS CA US,19900710,-9999,-9999,0
GHCND:USC00049855,YOSEMITE PARK HEADQUARTERS CA US,19900711,-9999,-9999,0
GHCND:USC00049855,YOSEMITE PARK HEADQUARTERS CA US,19900712,-9999,-9999,0
GHCND:USC00049855,YOSEMITE PARK HEADQUARTERS CA US,19900713,-9999,-9999,0.02
GHCND:USC00049855,YOSEMITE PARK HEADQUARTERS CA US,19900714,-9999,-9999,1.49
GHCND:USC00049855,YOSEMITE PARK HEADQUARTERS CA US,19900715,-9999,-9999,0.11
GHCND:USC00049855,YOSEMITE PARK HEADQUARTERS CA US,19900716,-9999,-9999,0
GHCND:USC00049855,YOSEMITE PARK HEADQUARTERS CA US,19900717,-9999,-9999,0
GHCND:USC00049855,YOSEMITE PARK HEADQUARTERS CA US,19900718,-9999,-9999,0
GHCND:USC00049855,YOSEMITE PARK HEADQUARTERS CA US,19900719,-9999,-9999,0
GHCND:USC00049855,YOSEMITE PARK HEADQUARTERS CA US,19900720,-9999,-9999,0
GHCND:USC00049855,YOSEMITE PARK HEADQUARTERS CA US,19900721,-9999,-9999,0
GHCND:USC00049855,YOSEMITE PARK HEADQUARTERS CA US,19900722,-9999,-9999,0
GHCND:USC00049855,YOSEMITE PARK HEADQUARTERS CA US,19900723,-9999,-9999,0
GHCND:USC00049855,YOSEMITE PARK HEADQUARTERS CA US,19900724,-9999,-9999,0
GHCND:USC00049855,YOSEMITE PARK HEADQUARTERS CA US,19900725,-9999,-9999,0
GHCND:USC00049855,YOSEMITE PARK HEADQUARTERS CA US,19900726,-9999,-9999,0
GHCND:USC00049855,YOSEMITE PARK HEADQUARTERS CA US,19900727,-9999,-9999,0
GHCND:USC00049855,YOSEMITE PARK HEADQUARTERS CA US,19900728,-9999,-9999,0
GHCND:USC00049855,YOSEMITE PARK HEADQUARTERS CA US,19900729,-9999,-9999,0
GHCND:USC00049855,YOSEMITE PARK HEADQUARTERS CA US,19900730,-9999,-9999,0
GHCND:USC00049855,YOSEMITE PARK HEADQUARTERS CA US,19900731,-9999,-9999,0
GHCND:USC00049855,YOSEMITE PARK HEADQUARTERS CA US,19900801,-9999,-9999,0
GHCND:USC00049855,YOSEMITE PARK HEADQUARTERS CA US,19900802,-9999,-9999,0
GHCND:USC00049855,YOSEMITE PARK HEADQUARTERS CA US,19900803,-9999,-9999,0
GHCND:USC00049855,YOSEMITE PARK HEADQUARTERS CA US,19900804,-9999,-9999,0
GHCND:USC00049855,YOSEMITE PARK HEADQUARTERS CA US,19900805,-9999,-9999,0
GHCND:USC00049855,YOSEMITE PARK HEADQUARTERS CA US,19900806,-9999,-9999,0
GHCND:USC00049855,YOSEMITE PARK HEADQUARTERS CA US,19900807,-9999,-9999,0
GHCND:USC00049855,YOSEMITE PARK HEADQUARTERS CA US,19900808,-9999,-9999,0.1
GHCND:USC00049855,YOSEMITE PARK HEADQUARTERS CA US,19900809,-9999,-9999,0
GHCND:USC00049855,YOSEMITE PARK HEADQUARTERS CA US,19900810,-9999,-9999,0
GHCND:USC00049855,YOSEMITE PARK HEADQUARTERS CA US,19900811,-9999,-9999,0
GHCND:USC00049855,YOSEMITE PARK HEADQUARTERS CA US,19900812,-9999,-9999,0
GHCND:USC00049855,YOSEMITE PARK HEADQUARTERS CA US,19900813,-9999,-9999,0
GHCND:USC00049855,YOSEMITE PARK HEADQUARTERS CA US,19900814,-9999,-9999,0
GHCND:USC00049855,YOSEMITE PARK HEADQUARTERS CA US,19900815,-9999,-9999,0
GHCND:USC00049855,YOSEMITE PARK HEADQUARTERS CA US,19900816,-9999,-9999,0
GHCND:USC00049855,YOSEMITE PARK HEADQUARTERS CA US,19900817,-9999,-9999,0
GHCND:USC00049855,YOSEMITE PARK HEADQUARTERS CA US,19900818,-9999,-9999,0
GHCND:USC00049855,YOSEMITE PARK HEADQUARTERS CA US,19900819,-9999,-9999,0
GHCND:USC00049855,YOSEMITE PARK HEADQUARTERS CA US,19900820,-9999,-9999,0
GHCND:USC00049855,YOSEMITE PARK HEADQUARTERS CA US,19900821,-9999,-9999,0
GHCND:USC00049855,YOSEMITE PARK HEADQUARTERS CA US,19900822,-9999,-9999,0
GHCND:USC00049855,YOSEMITE PARK HEADQUARTERS CA US,19900823,-9999,-9999,0
GHCND:USC00049855,YOSEMITE PARK HEADQUARTERS CA US,19900824,-9999,-9999,0
GHCND:USC00049855,YOSEMITE PARK HEADQUARTERS CA US,19900825,-9999,-9999,0
GHCND:USC00049855,YOSEMITE PARK HEADQUARTERS CA US,19900826,-9999,-9999,0
GHCND:USC00049855,YOSEMITE PARK HEADQUARTERS CA US,19900827,-9999,-9999,0
GHCND:USC00049855,YOSEMITE PARK HEADQUARTERS CA US,19900828,-9999,-9999,0
GHCND:USC00049855,YOSEMITE PARK HEADQUARTERS CA US,19900829,-9999,-9999,0
GHCND:USC00049855,YOSEMITE PARK HEADQUARTERS CA US,19900830,-9999,-9999,0
GHCND:USC00049855,YOSEMITE PARK HEADQUARTERS CA US,19900831,-9999,-9999,0
GHCND:USC00049855,YOSEMITE PARK HEADQUARTERS CA US,19900901,-9999,-9999,0
GHCND:USC00049855,YOSEMITE PARK HEADQUARTERS CA US,19900902,-9999,-9999,0
GHCND:USC00049855,YOSEMITE PARK HEADQUARTERS CA US,19900903,-9999,-9999,0
GHCND:USC00049855,YOSEMITE PARK HEADQUARTERS CA US,19900904,-9999,-9999,0
GHCND:USC00049855,YOSEMITE PARK HEADQUARTERS CA US,19900905,-9999,-9999,0
GHCND:USC00049855,YOSEMITE PARK HEADQUARTERS CA US,19900906,-9999,-9999,0
GHCND:USC00049855,YOSEMITE PARK HEADQUARTERS CA US,19900907,-9999,-9999,0
GHCND:USC00049855,YOSEMITE PARK HEADQUARTERS CA US,19900908,-9999,-9999,0
GHCND:USC00049855,YOSEMITE PARK HEADQUARTERS CA US,19900909,-9999,-9999,0
GHCND:USC00049855,YOSEMITE PARK HEADQUARTERS CA US,19900910,-9999,-9999,0
GHCND:USC00049855,YOSEMITE PARK HEADQUARTERS CA US,19900911,-9999,-9999,0
GHCND:USC00049855,YOSEMITE PARK HEADQUARTERS CA US,19900912,-9999,-9999,0
GHCND:USC00049855,YOSEMITE PARK HEADQUARTERS CA US,19900913,-9999,-9999,0
GHCND:USC00049855,YOSEMITE PARK HEADQUARTERS CA US,19900914,-9999,-9999,0
GHCND:USC00049855,YOSEMITE PARK HEADQUARTERS CA US,19900915,-9999,-9999,0
GHCND:USC00049855,YOSEMITE PARK HEADQUARTERS CA US,19900916,-9999,-9999,0
GHCND:USC00049855,YOSEMITE PARK HEADQUARTERS CA US,19900917,-9999,-9999,0
GHCND:USC00049855,YOSEMITE PARK HEADQUARTERS CA US,19900918,-9999,-9999,0
GHCND:USC00049855,YOSEMITE PARK HEADQUARTERS CA US,19900919,-9999,-9999,0
GHCND:USC00049855,YOSEMITE PARK HEADQUARTERS CA US,19900920,-9999,-9999,0
GHCND:USC00049855,YOSEMITE PARK HEADQUARTERS CA US,19900921,-9999,-9999,0
GHCND:USC00049855,YOSEMITE PARK HEADQUARTERS CA US,19900922,-9999,-9999,0
GHCND:USC00049855,YOSEMITE PARK HEADQUARTERS CA US,19900923,-9999,-9999,0.31
GHCND:USC00049855,YOSEMITE PARK HEADQUARTERS CA US,19900924,-9999,-9999,0.12
GHCND:USC00049855,YOSEMITE PARK HEADQUARTERS CA US,19900925,-9999,-9999,0
GHCND:USC00049855,YOSEMITE PARK HEADQUARTERS CA US,19900926,-9999,-9999,0
GHCND:USC00049855,YOSEMITE PARK HEADQUARTERS CA US,19900927,-9999,-9999,0
GHCND:USC00049855,YOSEMITE PARK HEADQUARTERS CA US,19900928,-9999,-9999,0.12
GHCND:USC00049855,YOSEMITE PARK HEADQUARTERS CA US,19900929,-9999,-9999,0
GHCND:USC00049855,YOSEMITE PARK HEADQUARTERS CA US,19900930,-9999,-9999,0
GHCND:USC00049855,YOSEMITE PARK HEADQUARTERS CA US,19901001,-9999,-9999,0
GHCND:USC00049855,YOSEMITE PARK HEADQUARTERS CA US,19901002,-9999,-9999,0
GHCND:USC00049855,YOSEMITE PARK HEADQUARTERS CA US,19901003,-9999,-9999,0
GHCND:USC00049855,YOSEMITE PARK HEADQUARTERS CA US,19901004,-9999,-9999,0
GHCND:USC00049855,YOSEMITE PARK HEADQUARTERS CA US,19901005,-9999,-9999,0
GHCND:USC00049855,YOSEMITE PARK HEADQUARTERS CA US,19901006,-9999,-9999,0
GHCND:USC00049855,YOSEMITE PARK HEADQUARTERS CA US,19901007,-9999,-9999,0
GHCND:USC00049855,YOSEMITE PARK HEADQUARTERS CA US,19901008,-9999,-9999,0
GHCND:USC00049855,YOSEMITE PARK HEADQUARTERS CA US,19901009,-9999,-9999,0
GHCND:USC00049855,YOSEMITE PARK HEADQUARTERS CA US,19901010,-9999,-9999,0
GHCND:USC00049855,YOSEMITE PARK HEADQUARTERS CA US,19901011,-9999,-9999,0
GHCND:USC00049855,YOSEMITE PARK HEADQUARTERS CA US,19901012,-9999,-9999,0
GHCND:USC00049855,YOSEMITE PARK HEADQUARTERS CA US,19901013,-9999,-9999,0
GHCND:USC00049855,YOSEMITE PARK HEADQUARTERS CA US,19901014,-9999,-9999,0
GHCND:USC00049855,YOSEMITE PARK HEADQUARTERS CA US,19901015,-9999,-9999,0
GHCND:USC00049855,YOSEMITE PARK HEADQUARTERS CA US,19901016,-9999,-9999,0
GHCND:USC00049855,YOSEMITE PARK HEADQUARTERS CA US,19901017,-9999,-9999,0
GHCND:USC00049855,YOSEMITE PARK HEADQUARTERS CA US,19901018,-9999,-9999,0
GHCND:USC00049855,YOSEMITE PARK HEADQUARTERS CA US,19901019,-9999,-9999,0.08
GHCND:USC00049855,YOSEMITE PARK HEADQUARTERS CA US,19901020,-9999,-9999,0
GHCND:USC00049855,YOSEMITE PARK HEADQUARTERS CA US,19901021,-9999,-9999,0
GHCND:USC00049855,YOSEMITE PARK HEADQUARTERS CA US,19901022,-9999,-9999,0
GHCND:USC00049855,YOSEMITE PARK HEADQUARTERS CA US,19901023,-9999,-9999,0
GHCND:USC00049855,YOSEMITE PARK HEADQUARTERS CA US,19901024,-9999,-9999,0
GHCND:USC00049855,YOSEMITE PARK HEADQUARTERS CA US,19901025,-9999,-9999,0
GHCND:USC00049855,YOSEMITE PARK HEADQUARTERS CA US,19901026,-9999,-9999,0
GHCND:USC00049855,YOSEMITE PARK HEADQUARTERS CA US,19901027,-9999,-9999,0
GHCND:USC00049855,YOSEMITE PARK HEADQUARTERS CA US,19901028,-9999,-9999,0
GHCND:USC00049855,YOSEMITE PARK HEADQUARTERS CA US,19901029,-9999,-9999,0
GHCND:USC00049855,YOSEMITE PARK HEADQUARTERS CA US,19901030,-9999,-9999,0
GHCND:USC00049855,YOSEMITE PARK HEADQUARTERS CA US,19901031,-9999,-9999,0
GHCND:USC00049855,YOSEMITE PARK HEADQUARTERS CA US,19901101,-9999,-9999,0.36
GHCND:USC00049855,YOSEMITE PARK HEADQUARTERS CA US,19901102,-9999,-9999,0.38
GHCND:USC00049855,YOSEMITE PARK HEADQUARTERS CA US,19901103,-9999,-9999,0
GHCND:USC00049855,YOSEMITE PARK HEADQUARTERS CA US,19901104,-9999,-9999,0
GHCND:USC00049855,YOSEMITE PARK HEADQUARTERS CA US,19901105,-9999,-9999,0
GHCND:USC00049855,YOSEMITE PARK HEADQUARTERS CA US,19901106,-9999,-9999,0
GHCND:USC00049855,YOSEMITE PARK HEADQUARTERS CA US,19901107,-9999,-9999,0
GHCND:USC00049855,YOSEMITE PARK HEADQUARTERS CA US,19901108,-9999,-9999,0
GHCND:USC00049855,YOSEMITE PARK HEADQUARTERS CA US,19901109,-9999,-9999,0
GHCND:USC00049855,YOSEMITE PARK HEADQUARTERS CA US,19901110,-9999,-9999,0
GHCND:USC00049855,YOSEMITE PARK HEADQUARTERS CA US,19901111,-9999,-9999,0
GHCND:USC00049855,YOSEMITE PARK HEADQUARTERS CA US,19901112,-9999,-9999,0
GHCND:USC00049855,YOSEMITE PARK HEADQUARTERS CA US,19901113,-9999,-9999,0
GHCND:USC00049855,YOSEMITE PARK HEADQUARTERS CA US,19901114,-9999,-9999,0
GHCND:USC00049855,YOSEMITE PARK HEADQUARTERS CA US,19901115,-9999,-9999,0
GHCND:USC00049855,YOSEMITE PARK HEADQUARTERS CA US,19901116,-9999,-9999,0
GHCND:USC00049855,YOSEMITE PARK HEADQUARTERS CA US,19901117,-9999,-9999,0
GHCND:USC00049855,YOSEMITE PARK HEADQUARTERS CA US,19901118,-9999,-9999,0
GHCND:USC00049855,YOSEMITE PARK HEADQUARTERS CA US,19901119,-9999,-9999,0
GHCND:USC00049855,YOSEMITE PARK HEADQUARTERS CA US,19901120,-9999,-9999,0.59
GHCND:USC00049855,YOSEMITE PARK HEADQUARTERS CA US,19901121,-9999,-9999,0
GHCND:USC00049855,YOSEMITE PARK HEADQUARTERS CA US,19901122,-9999,-9999,0
GHCND:USC00049855,YOSEMITE PARK HEADQUARTERS CA US,19901123,-9999,-9999,0
GHCND:USC00049855,YOSEMITE PARK HEADQUARTERS CA US,19901124,-9999,-9999,0
GHCND:USC00049855,YOSEMITE PARK HEADQUARTERS CA US,19901125,-9999,-9999,0.72
GHCND:USC00049855,YOSEMITE PARK HEADQUARTERS CA US,19901126,-9999,-9999,0
GHCND:USC00049855,YOSEMITE PARK HEADQUARTERS CA US,19901127,-9999,-9999,0
GHCND:USC00049855,YOSEMITE PARK HEADQUARTERS CA US,19901128,-9999,-9999,0
GHCND:USC00049855,YOSEMITE PARK HEADQUARTERS CA US,19901129,-9999,-9999,0
GHCND:USC00049855,YOSEMITE PARK HEADQUARTERS CA US,19901130,-9999,-9999,0
GHCND:USC00049855,YOSEMITE PARK HEADQUARTERS CA US,19901201,-9999,-9999,0
GHCND:USC00049855,YOSEMITE PARK HEADQUARTERS CA US,19901202,-9999,-9999,0
GHCND:USC00049855,YOSEMITE PARK HEADQUARTERS CA US,19901203,-9999,-9999,0
GHCND:USC00049855,YOSEMITE PARK HEADQUARTERS CA US,19901204,-9999,-9999,0
GHCND:USC00049855,YOSEMITE PARK HEADQUARTERS CA US,19901205,-9999,-9999,0
GHCND:USC00049855,YOSEMITE PARK HEADQUARTERS CA US,19901206,-9999,-9999,0
GHCND:USC00049855,YOSEMITE PARK HEADQUARTERS CA US,19901207,-9999,-9999,0
GHCND:USC00049855,YOSEMITE PARK HEADQUARTERS CA US,19901208,-9999,-9999,0
GHCND:USC00049855,YOSEMITE PARK HEADQUARTERS CA US,19901209,-9999,-9999,0
GHCND:USC00049855,YOSEMITE PARK HEADQUARTERS CA US,19901210,-9999,-9999,0
GHCND:USC00049855,YOSEMITE PARK HEADQUARTERS CA US,19901211,-9999,-9999,0.01
GHCND:USC00049855,YOSEMITE PARK HEADQUARTERS CA US,19901212,-9999,-9999,0.01
GHCND:USC00049855,YOSEMITE PARK HEADQUARTERS CA US,19901213,-9999,-9999,0
GHCND:USC00049855,YOSEMITE PARK HEADQUARTERS CA US,19901214,-9999,-9999,0
GHCND:USC00049855,YOSEMITE PARK HEADQUARTERS CA US,19901215,-9999,-9999,0
GHCND:USC00049855,YOSEMITE PARK HEADQUARTERS CA US,19901216,-9999,-9999,0.18
GHCND:USC00049855,YOSEMITE PARK HEADQUARTERS CA US,19901217,-9999,-9999,0
GHCND:USC00049855,YOSEMITE PARK HEADQUARTERS CA US,19901218,-9999,-9999,0
GHCND:USC00049855,YOSEMITE PARK HEADQUARTERS CA US,19901219,-9999,-9999,0.48
GHCND:USC00049855,YOSEMITE PARK HEADQUARTERS CA US,19901220,-9999,-9999,0.76
GHCND:USC00049855,YOSEMITE PARK HEADQUARTERS CA US,19901221,-9999,-9999,0.09
GHCND:USC00049855,YOSEMITE PARK HEADQUARTERS CA US,19901222,-9999,-9999,0
GHCND:USC00049855,YOSEMITE PARK HEADQUARTERS CA US,19901223,-9999,-9999,0
GHCND:USC00049855,YOSEMITE PARK HEADQUARTERS CA US,19901224,-9999,-9999,0
GHCND:USC00049855,YOSEMITE PARK HEADQUARTERS CA US,19901225,-9999,-9999,0
GHCND:USC00049855,YOSEMITE PARK HEADQUARTERS CA US,19901226,-9999,-9999,0
GHCND:USC00049855,YOSEMITE PARK HEADQUARTERS CA US,19901227,-9999,-9999,0
GHCND:USC00049855,YOSEMITE PARK HEADQUARTERS CA US,19901228,-9999,-9999,0
GHCND:USC00049855,YOSEMITE PARK HEADQUARTERS CA US,19901229,-9999,-9999,0
GHCND:USC00049855,YOSEMITE PARK HEADQUARTERS CA US,19901230,-9999,-9999,0
GHCND:USC00049855,YOSEMITE PARK HEADQUARTERS CA US,19901231,-9999,-9999,0
GHCND:USC00049855,YOSEMITE PARK HEADQUARTERS CA US,19910101,-9999,-9999,0
GHCND:USC00049855,YOSEMITE PARK HEADQUARTERS CA US,19910102,-9999,-9999,0
GHCND:USC00049855,YOSEMITE PARK HEADQUARTERS CA US,19910103,-9999,-9999,0
GHCND:USC00049855,YOSEMITE PARK HEADQUARTERS CA US,19910104,-9999,-9999,0.57
GHCND:USC00049855,YOSEMITE PARK HEADQUARTERS CA US,19910105,-9999,-9999,0.12
GHCND:USC00049855,YOSEMITE PARK HEADQUARTERS CA US,19910106,-9999,-9999,0
GHCND:USC00049855,YOSEMITE PARK HEADQUARTERS CA US,19910107,-9999,-9999,0
GHCND:USC00049855,YOSEMITE PARK HEADQUARTERS CA US,19910108,-9999,-9999,0
GHCND:USC00049855,YOSEMITE PARK HEADQUARTERS CA US,19910109,-9999,-9999,0
GHCND:USC00049855,YOSEMITE PARK HEADQUARTERS CA US,19910110,-9999,-9999,0
GHCND:USC00049855,YOSEMITE PARK HEADQUARTERS CA US,19910111,-9999,-9999,0
GHCND:USC00049855,YOSEMITE PARK HEADQUARTERS CA US,19910112,-9999,-9999,0
GHCND:USC00049855,YOSEMITE PARK HEADQUARTERS CA US,19910113,-9999,-9999,0
GHCND:USC00049855,YOSEMITE PARK HEADQUARTERS CA US,19910114,-9999,-9999,0
GHCND:USC00049855,YOSEMITE PARK HEADQUARTERS CA US,19910115,-9999,-9999,0
GHCND:USC00049855,YOSEMITE PARK HEADQUARTERS CA US,19910116,-9999,-9999,0
GHCND:USC00049855,YOSEMITE PARK HEADQUARTERS CA US,19910117,-9999,-9999,0
GHCND:USC00049855,YOSEMITE PARK HEADQUARTERS CA US,19910118,-9999,-9999,0
GHCND:USC00049855,YOSEMITE PARK HEADQUARTERS CA US,19910119,-9999,-9999,0
GHCND:USC00049855,YOSEMITE PARK HEADQUARTERS CA US,19910120,-9999,-9999,0
GHCND:USC00049855,YOSEMITE PARK HEADQUARTERS CA US,19910121,-9999,-9999,0
GHCND:USC00049855,YOSEMITE PARK HEADQUARTERS CA US,19910122,-9999,-9999,0
GHCND:USC00049855,YOSEMITE PARK HEADQUARTERS CA US,19910123,-9999,-9999,0
GHCND:USC00049855,YOSEMITE PARK HEADQUARTERS CA US,19910124,-9999,-9999,0
GHCND:USC00049855,YOSEMITE PARK HEADQUARTERS CA US,19910125,-9999,-9999,0
GHCND:USC00049855,YOSEMITE PARK HEADQUARTERS CA US,19910126,-9999,-9999,0
GHCND:USC00049855,YOSEMITE PARK HEADQUARTERS CA US,19910127,-9999,-9999,0
GHCND:USC00049855,YOSEMITE PARK HEADQUARTERS CA US,19910128,-9999,-9999,0
GHCND:USC00049855,YOSEMITE PARK HEADQUARTERS CA US,19910129,-9999,-9999,0
GHCND:USC00049855,YOSEMITE PARK HEADQUARTERS CA US,19910130,-9999,-9999,0
GHCND:USC00049855,YOSEMITE PARK HEADQUARTERS CA US,19910131,-9999,-9999,0
GHCND:USC00049855,YOSEMITE PARK HEADQUARTERS CA US,19910201,-9999,-9999,0.22
GHCND:USC00049855,YOSEMITE PARK HEADQUARTERS CA US,19910202,-9999,-9999,0
GHCND:USC00049855,YOSEMITE PARK HEADQUARTERS CA US,19910203,-9999,-9999,0
GHCND:USC00049855,YOSEMITE PARK HEADQUARTERS CA US,19910204,-9999,-9999,0.87
GHCND:USC00049855,YOSEMITE PARK HEADQUARTERS CA US,19910205,-9999,-9999,0
GHCND:USC00049855,YOSEMITE PARK HEADQUARTERS CA US,19910206,-9999,-9999,0
GHCND:USC00049855,YOSEMITE PARK HEADQUARTERS CA US,19910207,-9999,-9999,0
GHCND:USC00049855,YOSEMITE PARK HEADQUARTERS CA US,19910208,-9999,-9999,0
GHCND:USC00049855,YOSEMITE PARK HEADQUARTERS CA US,19910209,-9999,-9999,0
GHCND:USC00049855,YOSEMITE PARK HEADQUARTERS CA US,19910210,-9999,-9999,0
GHCND:USC00049855,YOSEMITE PARK HEADQUARTERS CA US,19910211,-9999,-9999,0
GHCND:USC00049855,YOSEMITE PARK HEADQUARTERS CA US,19910212,-9999,-9999,0
GHCND:USC00049855,YOSEMITE PARK HEADQUARTERS CA US,19910213,-9999,-9999,0
GHCND:USC00049855,YOSEMITE PARK HEADQUARTERS CA US,19910214,-9999,-9999,0
GHCND:USC00049855,YOSEMITE PARK HEADQUARTERS CA US,19910215,-9999,-9999,0
GHCND:USC00049855,YOSEMITE PARK HEADQUARTERS CA US,19910216,-9999,-9999,0
GHCND:USC00049855,YOSEMITE PARK HEADQUARTERS CA US,19910217,-9999,-9999,0
GHCND:USC00049855,YOSEMITE PARK HEADQUARTERS CA US,19910218,-9999,-9999,0
GHCND:USC00049855,YOSEMITE PARK HEADQUARTERS CA US,19910219,-9999,-9999,0
GHCND:USC00049855,YOSEMITE PARK HEADQUARTERS CA US,19910220,-9999,-9999,0
GHCND:USC00049855,YOSEMITE PARK HEADQUARTERS CA US,19910221,-9999,-9999,0
GHCND:USC00049855,YOSEMITE PARK HEADQUARTERS CA US,19910222,-9999,-9999,0
GHCND:USC00049855,YOSEMITE PARK HEADQUARTERS CA US,19910223,-9999,-9999,0
GHCND:USC00049855,YOSEMITE PARK HEADQUARTERS CA US,19910224,-9999,-9999,0
GHCND:USC00049855,YOSEMITE PARK HEADQUARTERS CA US,19910225,-9999,-9999,0
GHCND:USC00049855,YOSEMITE PARK HEADQUARTERS CA US,19910226,-9999,-9999,0
GHCND:USC00049855,YOSEMITE PARK HEADQUARTERS CA US,19910227,-9999,-9999,0.62
GHCND:USC00049855,YOSEMITE PARK HEADQUARTERS CA US,19910228,-9999,-9999,1.6
GHCND:USC00049855,YOSEMITE PARK HEADQUARTERS CA US,19910301,-9999,-9999,2
GHCND:USC00049855,YOSEMITE PARK HEADQUARTERS CA US,19910302,-9999,-9999,0.58
GHCND:USC00049855,YOSEMITE PARK HEADQUARTERS CA US,19910303,-9999,-9999,3.12
GHCND:USC00049855,YOSEMITE PARK HEADQUARTERS CA US,19910304,-9999,-9999,2.43
GHCND:USC00049855,YOSEMITE PARK HEADQUARTERS CA US,19910305,-9999,-9999,0
GHCND:USC00049855,YOSEMITE PARK HEADQUARTERS CA US,19910306,-9999,-9999,0
GHCND:USC00049855,YOSEMITE PARK HEADQUARTERS CA US,19910307,-9999,-9999,0
GHCND:USC00049855,YOSEMITE PARK HEADQUARTERS CA US,19910308,-9999,-9999,0
GHCND:USC00049855,YOSEMITE PARK HEADQUARTERS CA US,19910309,-9999,-9999,0
GHCND:USC00049855,YOSEMITE PARK HEADQUARTERS CA US,19910310,-9999,-9999,1.55
GHCND:USC00049855,YOSEMITE PARK HEADQUARTERS CA US,19910311,-9999,-9999,0
GHCND:USC00049855,YOSEMITE PARK HEADQUARTERS CA US,19910312,-9999,-9999,0.56
GHCND:USC00049855,YOSEMITE PARK HEADQUARTERS CA US,19910313,-9999,-9999,0.28
GHCND:USC00049855,YOSEMITE PARK HEADQUARTERS CA US,19910314,-9999,-9999,0.45
GHCND:USC00049855,YOSEMITE PARK HEADQUARTERS CA US,19910315,-9999,-9999,0
GHCND:USC00049855,YOSEMITE PARK HEADQUARTERS CA US,19910316,-9999,-9999,0
GHCND:USC00049855,YOSEMITE PARK HEADQUARTERS CA US,19910317,-9999,-9999,2.16
GHCND:USC00049855,YOSEMITE PARK HEADQUARTERS CA US,19910318,-9999,-9999,1.7
GHCND:USC00049855,YOSEMITE PARK HEADQUARTERS CA US,19910319,-9999,-9999,0.2
GHCND:USC00049855,YOSEMITE PARK HEADQUARTERS CA US,19910320,-9999,-9999,0.16
GHCND:USC00049855,YOSEMITE PARK HEADQUARTERS CA US,19910321,-9999,-9999,0
GHCND:USC00049855,YOSEMITE PARK HEADQUARTERS CA US,19910322,-9999,-9999,0
GHCND:USC00049855,YOSEMITE PARK HEADQUARTERS CA US,19910323,-9999,-9999,0.35
GHCND:USC00049855,YOSEMITE PARK HEADQUARTERS CA US,19910324,-9999,-9999,1.91
GHCND:USC00049855,YOSEMITE PARK HEADQUARTERS CA US,19910325,-9999,-9999,1.12
GHCND:USC00049855,YOSEMITE PARK HEADQUARTERS CA US,19910326,-9999,-9999,0.24
GHCND:USC00049855,YOSEMITE PARK HEADQUARTERS CA US,19910327,-9999,-9999,0
GHCND:USC00049855,YOSEMITE PARK HEADQUARTERS CA US,19910328,-9999,-9999,0
GHCND:USC00049855,YOSEMITE PARK HEADQUARTERS CA US,19910329,-9999,-9999,0
GHCND:USC00049855,YOSEMITE PARK HEADQUARTERS CA US,19910330,-9999,-9999,0
GHCND:USC00049855,YOSEMITE PARK HEADQUARTERS CA US,19910331,-9999,-9999,0.7
GHCND:USC00049855,YOSEMITE PARK HEADQUARTERS CA US,19910401,-9999,-9999,0
GHCND:USC00049855,YOSEMITE PARK HEADQUARTERS CA US,19910402,-9999,-9999,0
GHCND:USC00049855,YOSEMITE PARK HEADQUARTERS CA US,19910403,-9999,-9999,0
GHCND:USC00049855,YOSEMITE PARK HEADQUARTERS CA US,19910404,-9999,-9999,0
GHCND:USC00049855,YOSEMITE PARK HEADQUARTERS CA US,19910405,-9999,-9999,0
GHCND:USC00049855,YOSEMITE PARK HEADQUARTERS CA US,19910406,-9999,-9999,0
GHCND:USC00049855,YOSEMITE PARK HEADQUARTERS CA US,19910407,-9999,-9999,0
GHCND:USC00049855,YOSEMITE PARK HEADQUARTERS CA US,19910408,-9999,-9999,0
GHCND:USC00049855,YOSEMITE PARK HEADQUARTERS CA US,19910409,-9999,-9999,0
GHCND:USC00049855,YOSEMITE PARK HEADQUARTERS CA US,19910410,-9999,-9999,0
GHCND:USC00049855,YOSEMITE PARK HEADQUARTERS CA US,19910411,-9999,-9999,0
GHCND:USC00049855,YOSEMITE PARK HEADQUARTERS CA US,19910412,-9999,-9999,0
GHCND:USC00049855,YOSEMITE PARK HEADQUARTERS CA US,19910413,-9999,-9999,0
GHCND:USC00049855,YOSEMITE PARK HEADQUARTERS CA US,19910414,-9999,-9999,0
GHCND:USC00049855,YOSEMITE PARK HEADQUARTERS CA US,19910415,-9999,-9999,0
GHCND:USC00049855,YOSEMITE PARK HEADQUARTERS CA US,19910416,-9999,-9999,0.08
GHCND:USC00049855,YOSEMITE PARK HEADQUARTERS CA US,19910417,-9999,-9999,0
GHCND:USC00049855,YOSEMITE PARK HEADQUARTERS CA US,19910418,-9999,-9999,0
GHCND:USC00049855,YOSEMITE PARK HEADQUARTERS CA US,19910419,-9999,-9999,0.04
GHCND:USC00049855,YOSEMITE PARK HEADQUARTERS CA US,19910420,-9999,-9999,0.05
GHCND:USC00049855,YOSEMITE PARK HEADQUARTERS CA US,19910421,-9999,-9999,0.04
GHCND:USC00049855,YOSEMITE PARK HEADQUARTERS CA US,19910422,-9999,-9999,0
GHCND:USC00049855,YOSEMITE PARK HEADQUARTERS CA US,19910423,-9999,-9999,0.44
GHCND:USC00049855,YOSEMITE PARK HEADQUARTERS CA US,19910424,-9999,-9999,0.5
GHCND:USC00049855,YOSEMITE PARK HEADQUARTERS CA US,19910425,-9999,-9999,0
GHCND:USC00049855,YOSEMITE PARK HEADQUARTERS CA US,19910426,-9999,-9999,0
GHCND:USC00049855,YOSEMITE PARK HEADQUARTERS CA US,19910427,-9999,-9999,0
GHCND:USC00049855,YOSEMITE PARK HEADQUARTERS CA US,19910428,-9999,-9999,0
GHCND:USC00049855,YOSEMITE PARK HEADQUARTERS CA US,19910429,-9999,-9999,0
GHCND:USC00049855,YOSEMITE PARK HEADQUARTERS CA US,19910430,-9999,-9999,0
GHCND:USC00049855,YOSEMITE PARK HEADQUARTERS CA US,19910501,-9999,-9999,0
GHCND:USC00049855,YOSEMITE PARK HEADQUARTERS CA US,19910502,-9999,-9999,0
GHCND:USC00049855,YOSEMITE PARK HEADQUARTERS CA US,19910503,-9999,-9999,0.13
GHCND:USC00049855,YOSEMITE PARK HEADQUARTERS CA US,19910504,-9999,-9999,0
GHCND:USC00049855,YOSEMITE PARK HEADQUARTERS CA US,19910505,-9999,-9999,0
GHCND:USC00049855,YOSEMITE PARK HEADQUARTERS CA US,19910506,-9999,-9999,0.13
GHCND:USC00049855,YOSEMITE PARK HEADQUARTERS CA US,19910507,-9999,-9999,0
GHCND:USC00049855,YOSEMITE PARK HEADQUARTERS CA US,19910508,-9999,-9999,0.2
GHCND:USC00049855,YOSEMITE PARK HEADQUARTERS CA US,19910509,-9999,-9999,0
GHCND:USC00049855,YOSEMITE PARK HEADQUARTERS CA US,19910510,-9999,-9999,0
GHCND:USC00049855,YOSEMITE PARK HEADQUARTERS CA US,19910511,-9999,-9999,0
GHCND:USC00049855,YOSEMITE PARK HEADQUARTERS CA US,19910512,-9999,-9999,0.03
GHCND:USC00049855,YOSEMITE PARK HEADQUARTERS CA US,19910513,-9999,-9999,0.52
GHCND:USC00049855,YOSEMITE PARK HEADQUARTERS CA US,19910514,-9999,-9999,0
GHCND:USC00049855,YOSEMITE PARK HEADQUARTERS CA US,19910515,-9999,-9999,0
GHCND:USC00049855,YOSEMITE PARK HEADQUARTERS CA US,19910516,-9999,-9999,0
GHCND:USC00049855,YOSEMITE PARK HEADQUARTERS CA US,19910517,-9999,-9999,0.09
GHCND:USC00049855,YOSEMITE PARK HEADQUARTERS CA US,19910518,-9999,-9999,0
GHCND:USC00049855,YOSEMITE PARK HEADQUARTERS CA US,19910519,-9999,-9999,0.9
GHCND:USC00049855,YOSEMITE PARK HEADQUARTERS CA US,19910520,-9999,-9999,0.6
GHCND:USC00049855,YOSEMITE PARK HEADQUARTERS CA US,19910521,-9999,-9999,0
GHCND:USC00049855,YOSEMITE PARK HEADQUARTERS CA US,19910522,-9999,-9999,0
GHCND:USC00049855,YOSEMITE PARK HEADQUARTERS CA US,19910523,-9999,-9999,0
GHCND:USC00049855,YOSEMITE PARK HEADQUARTERS CA US,19910524,-9999,-9999,0
GHCND:USC00049855,YOSEMITE PARK HEADQUARTERS CA US,19910525,-9999,-9999,0
GHCND:USC00049855,YOSEMITE PARK HEADQUARTERS CA US,19910526,-9999,-9999,0
GHCND:USC00049855,YOSEMITE PARK HEADQUARTERS CA US,19910527,-9999,-9999,0
GHCND:USC00049855,YOSEMITE PARK HEADQUARTERS CA US,19910528,-9999,-9999,0
GHCND:USC00049855,YOSEMITE PARK HEADQUARTERS CA US,19910529,-9999,-9999,0
GHCND:USC00049855,YOSEMITE PARK HEADQUARTERS CA US,19910530,-9999,-9999,0
GHCND:USC00049855,YOSEMITE PARK HEADQUARTERS CA US,19910531,-9999,-9999,0.05
GHCND:USC00049855,YOSEMITE PARK HEADQUARTERS CA US,19910701,-9999,-9999,0
GHCND:USC00049855,YOSEMITE PARK HEADQUARTERS CA US,19910702,-9999,-9999,0
GHCND:USC00049855,YOSEMITE PARK HEADQUARTERS CA US,19910703,-9999,-9999,0
GHCND:USC00049855,YOSEMITE PARK HEADQUARTERS CA US,19910704,-9999,-9999,0
GHCND:USC00049855,YOSEMITE PARK HEADQUARTERS CA US,19910705,-9999,-9999,0
GHCND:USC00049855,YOSEMITE PARK HEADQUARTERS CA US,19910706,-9999,-9999,0
GHCND:USC00049855,YOSEMITE PARK HEADQUARTERS CA US,19910707,-9999,-9999,0
GHCND:USC00049855,YOSEMITE PARK HEADQUARTERS CA US,19910708,-9999,-9999,0
GHCND:USC00049855,YOSEMITE PARK HEADQUARTERS CA US,19910709,-9999,-9999,0
GHCND:USC00049855,YOSEMITE PARK HEADQUARTERS CA US,19910710,-9999,-9999,0
GHCND:USC00049855,YOSEMITE PARK HEADQUARTERS CA US,19910711,-9999,-9999,0
GHCND:USC00049855,YOSEMITE PARK HEADQUARTERS CA US,19910712,-9999,-9999,0
GHCND:USC00049855,YOSEMITE PARK HEADQUARTERS CA US,19910713,-9999,-9999,0
GHCND:USC00049855,YOSEMITE PARK HEADQUARTERS CA US,19910714,-9999,-9999,0
GHCND:USC00049855,YOSEMITE PARK HEADQUARTERS CA US,19910715,-9999,-9999,0
GHCND:USC00049855,YOSEMITE PARK HEADQUARTERS CA US,19910716,-9999,-9999,0
GHCND:USC00049855,YOSEMITE PARK HEADQUARTERS CA US,19910717,-9999,-9999,0
GHCND:USC00049855,YOSEMITE PARK HEADQUARTERS CA US,19910718,-9999,-9999,0
GHCND:USC00049855,YOSEMITE PARK HEADQUARTERS CA US,19910719,-9999,-9999,0
GHCND:USC00049855,YOSEMITE PARK HEADQUARTERS CA US,19910720,-9999,-9999,0
GHCND:USC00049855,YOSEMITE PARK HEADQUARTERS CA US,19910721,-9999,-9999,0
GHCND:USC00049855,YOSEMITE PARK HEADQUARTERS CA US,19910722,-9999,-9999,0
GHCND:USC00049855,YOSEMITE PARK HEADQUARTERS CA US,19910723,-9999,-9999,0
GHCND:USC00049855,YOSEMITE PARK HEADQUARTERS CA US,19910724,-9999,-9999,0
GHCND:USC00049855,YOSEMITE PARK HEADQUARTERS CA US,19910725,-9999,-9999,0
GHCND:USC00049855,YOSEMITE PARK HEADQUARTERS CA US,19910726,-9999,-9999,0
GHCND:USC00049855,YOSEMITE PARK HEADQUARTERS CA US,19910727,-9999,-9999,0
GHCND:USC00049855,YOSEMITE PARK HEADQUARTERS CA US,19910728,-9999,-9999,0
GHCND:USC00049855,YOSEMITE PARK HEADQUARTERS CA US,19910729,-9999,-9999,0
GHCND:USC00049855,YOSEMITE PARK HEADQUARTERS CA US,19910730,-9999,-9999,0
GHCND:USC00049855,YOSEMITE PARK HEADQUARTERS CA US,19910731,-9999,-9999,0
GHCND:USC00049855,YOSEMITE PARK HEADQUARTERS CA US,19910801,-9999,-9999,0
GHCND:USC00049855,YOSEMITE PARK HEADQUARTERS CA US,19910802,-9999,-9999,0
GHCND:USC00049855,YOSEMITE PARK HEADQUARTERS CA US,19910803,-9999,-9999,0
GHCND:USC00049855,YOSEMITE PARK HEADQUARTERS CA US,19910804,-9999,-9999,0
GHCND:USC00049855,YOSEMITE PARK HEADQUARTERS CA US,19910805,-9999,-9999,0
GHCND:USC00049855,YOSEMITE PARK HEADQUARTERS CA US,19910806,-9999,-9999,0
GHCND:USC00049855,YOSEMITE PARK HEADQUARTERS CA US,19910807,-9999,-9999,0
GHCND:USC00049855,YOSEMITE PARK HEADQUARTERS CA US,19910808,-9999,-9999,0
GHCND:USC00049855,YOSEMITE PARK HEADQUARTERS CA US,19910809,-9999,-9999,0
GHCND:USC00049855,YOSEMITE PARK HEADQUARTERS CA US,19910810,-9999,-9999,0
GHCND:USC00049855,YOSEMITE PARK HEADQUARTERS CA US,19910811,-9999,-9999,0
GHCND:USC00049855,YOSEMITE PARK HEADQUARTERS CA US,19910812,-9999,-9999,0
GHCND:USC00049855,YOSEMITE PARK HEADQUARTERS CA US,19910813,-9999,-9999,0
GHCND:USC00049855,YOSEMITE PARK HEADQUARTERS CA US,19910814,-9999,-9999,0
GHCND:USC00049855,YOSEMITE PARK HEADQUARTERS CA US,19910815,-9999,-9999,0
GHCND:USC00049855,YOSEMITE PARK HEADQUARTERS CA US,19910816,-9999,-9999,0
GHCND:USC00049855,YOSEMITE PARK HEADQUARTERS CA US,19910817,-9999,-9999,0
GHCND:USC00049855,YOSEMITE PARK HEADQUARTERS CA US,19910818,-9999,-9999,0
GHCND:USC00049855,YOSEMITE PARK HEADQUARTERS CA US,19910819,-9999,-9999,0
GHCND:USC00049855,YOSEMITE PARK HEADQUARTERS CA US,19910820,-9999,-9999,0
GHCND:USC00049855,YOSEMITE PARK HEADQUARTERS CA US,19910821,-9999,-9999,0
GHCND:USC00049855,YOSEMITE PARK HEADQUARTERS CA US,19910822,-9999,-9999,0
GHCND:USC00049855,YOSEMITE PARK HEADQUARTERS CA US,19910823,-9999,-9999,0
GHCND:USC00049855,YOSEMITE PARK HEADQUARTERS CA US,19910824,-9999,-9999,0
GHCND:USC00049855,YOSEMITE PARK HEADQUARTERS CA US,19910825,-9999,-9999,0
GHCND:USC00049855,YOSEMITE PARK HEADQUARTERS CA US,19910826,-9999,-9999,0
GHCND:USC00049855,YOSEMITE PARK HEADQUARTERS CA US,19910827,-9999,-9999,0
GHCND:USC00049855,YOSEMITE PARK HEADQUARTERS CA US,19910828,-9999,-9999,0
GHCND:USC00049855,YOSEMITE PARK HEADQUARTERS CA US,19910829,-9999,-9999,0
GHCND:USC00049855,YOSEMITE PARK HEADQUARTERS CA US,19910830,-9999,-9999,0
GHCND:USC00049855,YOSEMITE PARK HEADQUARTERS CA US,19910831,-9999,-9999,0
GHCND:USC00049855,YOSEMITE PARK HEADQUARTERS CA US,19910901,-9999,-9999,0
GHCND:USC00049855,YOSEMITE PARK HEADQUARTERS CA US,19910902,-9999,-9999,0.01
GHCND:USC00049855,YOSEMITE PARK HEADQUARTERS CA US,19910903,-9999,-9999,0
GHCND:USC00049855,YOSEMITE PARK HEADQUARTERS CA US,19910904,-9999,-9999,0
GHCND:USC00049855,YOSEMITE PARK HEADQUARTERS CA US,19910905,-9999,-9999,0
GHCND:USC00049855,YOSEMITE PARK HEADQUARTERS CA US,19910906,-9999,-9999,0.16
GHCND:USC00049855,YOSEMITE PARK HEADQUARTERS CA US,19910907,-9999,-9999,0
GHCND:USC00049855,YOSEMITE PARK HEADQUARTERS CA US,19910908,-9999,-9999,0.02
GHCND:USC00049855,YOSEMITE PARK HEADQUARTERS CA US,19910909,-9999,-9999,0
GHCND:USC00049855,YOSEMITE PARK HEADQUARTERS CA US,19910910,-9999,-9999,0
GHCND:USC00049855,YOSEMITE PARK HEADQUARTERS CA US,19910911,-9999,-9999,0
GHCND:USC00049855,YOSEMITE PARK HEADQUARTERS CA US,19910912,-9999,-9999,0
GHCND:USC00049855,YOSEMITE PARK HEADQUARTERS CA US,19910913,-9999,-9999,0
GHCND:USC00049855,YOSEMITE PARK HEADQUARTERS CA US,19910914,-9999,-9999,0
GHCND:USC00049855,YOSEMITE PARK HEADQUARTERS CA US,19910915,-9999,-9999,0
GHCND:USC00049855,YOSEMITE PARK HEADQUARTERS CA US,19910916,-9999,-9999,0
GHCND:USC00049855,YOSEMITE PARK HEADQUARTERS CA US,19910917,-9999,-9999,0
GHCND:USC00049855,YOSEMITE PARK HEADQUARTERS CA US,19910918,-9999,-9999,0
GHCND:USC00049855,YOSEMITE PARK HEADQUARTERS CA US,19910919,-9999,-9999,0
GHCND:USC00049855,YOSEMITE PARK HEADQUARTERS CA US,19910920,-9999,-9999,0
GHCND:USC00049855,YOSEMITE PARK HEADQUARTERS CA US,19910921,-9999,-9999,0
GHCND:USC00049855,YOSEMITE PARK HEADQUARTERS CA US,19910922,-9999,-9999,0
GHCND:USC00049855,YOSEMITE PARK HEADQUARTERS CA US,19910923,-9999,-9999,0
GHCND:USC00049855,YOSEMITE PARK HEADQUARTERS CA US,19910924,-9999,-9999,0
GHCND:USC00049855,YOSEMITE PARK HEADQUARTERS CA US,19910925,-9999,-9999,0
GHCND:USC00049855,YOSEMITE PARK HEADQUARTERS CA US,19910926,-9999,-9999,0
GHCND:USC00049855,YOSEMITE PARK HEADQUARTERS CA US,19910927,-9999,-9999,0
GHCND:USC00049855,YOSEMITE PARK HEADQUARTERS CA US,19910928,-9999,-9999,0
GHCND:USC00049855,YOSEMITE PARK HEADQUARTERS CA US,19910929,-9999,-9999,0
GHCND:USC00049855,YOSEMITE PARK HEADQUARTERS CA US,19910930,-9999,-9999,0
GHCND:USC00049855,YOSEMITE PARK HEADQUARTERS CA US,19911001,-9999,-9999,0
GHCND:USC00049855,YOSEMITE PARK HEADQUARTERS CA US,19911002,-9999,-9999,0
GHCND:USC00049855,YOSEMITE PARK HEADQUARTERS CA US,19911003,-9999,-9999,0
GHCND:USC00049855,YOSEMITE PARK HEADQUARTERS CA US,19911004,-9999,-9999,0
GHCND:USC00049855,YOSEMITE PARK HEADQUARTERS CA US,19911005,-9999,-9999,0
GHCND:USC00049855,YOSEMITE PARK HEADQUARTERS CA US,19911006,-9999,-9999,0
GHCND:USC00049855,YOSEMITE PARK HEADQUARTERS CA US,19911007,-9999,-9999,0
GHCND:USC00049855,YOSEMITE PARK HEADQUARTERS CA US,19911008,-9999,-9999,0
GHCND:USC00049855,YOSEMITE PARK HEADQUARTERS CA US,19911009,-9999,-9999,0
GHCND:USC00049855,YOSEMITE PARK HEADQUARTERS CA US,19911010,-9999,-9999,0
GHCND:USC00049855,YOSEMITE PARK HEADQUARTERS CA US,19911011,-9999,-9999,0
GHCND:USC00049855,YOSEMITE PARK HEADQUARTERS CA US,19911012,-9999,-9999,0
GHCND:USC00049855,YOSEMITE PARK HEADQUARTERS CA US,19911013,-9999,-9999,0
GHCND:USC00049855,YOSEMITE PARK HEADQUARTERS CA US,19911014,-9999,-9999,0
GHCND:USC00049855,YOSEMITE PARK HEADQUARTERS CA US,19911015,-9999,-9999,0
GHCND:USC00049855,YOSEMITE PARK HEADQUARTERS CA US,19911016,-9999,-9999,0
GHCND:USC00049855,YOSEMITE PARK HEADQUARTERS CA US,19911017,-9999,-9999,0
GHCND:USC00049855,YOSEMITE PARK HEADQUARTERS CA US,19911018,-9999,-9999,0
GHCND:USC00049855,YOSEMITE PARK HEADQUARTERS CA US,19911019,-9999,-9999,0
GHCND:USC00049855,YOSEMITE PARK HEADQUARTERS CA US,19911020,-9999,-9999,0
GHCND:USC00049855,YOSEMITE PARK HEADQUARTERS CA US,19911021,-9999,-9999,0
GHCND:USC00049855,YOSEMITE PARK HEADQUARTERS CA US,19911022,-9999,-9999,0
GHCND:USC00049855,YOSEMITE PARK HEADQUARTERS CA US,19911023,-9999,-9999,0
GHCND:USC00049855,YOSEMITE PARK HEADQUARTERS CA US,19911024,-9999,-9999,0
GHCND:USC00049855,YOSEMITE PARK HEADQUARTERS CA US,19911025,-9999,-9999,0
GHCND:USC00049855,YOSEMITE PARK HEADQUARTERS CA US,19911026,-9999,-9999,2
GHCND:USC00049855,YOSEMITE PARK HEADQUARTERS CA US,19911027,-9999,-9999,2.25
GHCND:USC00049855,YOSEMITE PARK HEADQUARTERS CA US,19911028,-9999,-9999,0
GHCND:USC00049855,YOSEMITE PARK HEADQUARTERS CA US,19911029,-9999,-9999,0.04
GHCND:USC00049855,YOSEMITE PARK HEADQUARTERS CA US,19911030,-9999,-9999,0.04
GHCND:USC00049855,YOSEMITE PARK HEADQUARTERS CA US,19911031,-9999,-9999,0
GHCND:USC00049855,YOSEMITE PARK HEADQUARTERS CA US,19911101,-9999,-9999,0
GHCND:USC00049855,YOSEMITE PARK HEADQUARTERS CA US,19911102,-9999,-9999,0
GHCND:USC00049855,YOSEMITE PARK HEADQUARTERS CA US,19911103,-9999,-9999,0
GHCND:USC00049855,YOSEMITE PARK HEADQUARTERS CA US,19911104,-9999,-9999,0
GHCND:USC00049855,YOSEMITE PARK HEADQUARTERS CA US,19911105,-9999,-9999,0
GHCND:USC00049855,YOSEMITE PARK HEADQUARTERS CA US,19911106,-9999,-9999,0
GHCND:USC00049855,YOSEMITE PARK HEADQUARTERS CA US,19911107,-9999,-9999,0
GHCND:USC00049855,YOSEMITE PARK HEADQUARTERS CA US,19911108,-9999,-9999,0
GHCND:USC00049855,YOSEMITE PARK HEADQUARTERS CA US,19911109,-9999,-9999,0.02
GHCND:USC00049855,YOSEMITE PARK HEADQUARTERS CA US,19911110,-9999,-9999,0.16
GHCND:USC00049855,YOSEMITE PARK HEADQUARTERS CA US,19911111,-9999,-9999,0
GHCND:USC00049855,YOSEMITE PARK HEADQUARTERS CA US,19911112,-9999,-9999,0
GHCND:USC00049855,YOSEMITE PARK HEADQUARTERS CA US,19911113,-9999,-9999,0
GHCND:USC00049855,YOSEMITE PARK HEADQUARTERS CA US,19911114,-9999,-9999,0
GHCND:USC00049855,YOSEMITE PARK HEADQUARTERS CA US,19911115,-9999,-9999,0
GHCND:USC00049855,YOSEMITE PARK HEADQUARTERS CA US,19911116,-9999,-9999,0.31
GHCND:USC00049855,YOSEMITE PARK HEADQUARTERS CA US,19911117,-9999,-9999,1.87
GHCND:USC00049855,YOSEMITE PARK HEADQUARTERS CA US,19911118,-9999,-9999,0
GHCND:USC00049855,YOSEMITE PARK HEADQUARTERS CA US,19911119,-9999,-9999,0
GHCND:USC00049855,YOSEMITE PARK HEADQUARTERS CA US,19911120,-9999,-9999,0
GHCND:USC00049855,YOSEMITE PARK HEADQUARTERS CA US,19911121,-9999,-9999,0
GHCND:USC00049855,YOSEMITE PARK HEADQUARTERS CA US,19911122,-9999,-9999,0
GHCND:USC00049855,YOSEMITE PARK HEADQUARTERS CA US,19911123,-9999,-9999,0
GHCND:USC00049855,YOSEMITE PARK HEADQUARTERS CA US,19911124,-9999,-9999,0
GHCND:USC00049855,YOSEMITE PARK HEADQUARTERS CA US,19911125,-9999,-9999,0
GHCND:USC00049855,YOSEMITE PARK HEADQUARTERS CA US,19911126,-9999,-9999,0
GHCND:USC00049855,YOSEMITE PARK HEADQUARTERS CA US,19911127,-9999,-9999,0.25
GHCND:USC00049855,YOSEMITE PARK HEADQUARTERS CA US,19911128,-9999,-9999,0.3
GHCND:USC00049855,YOSEMITE PARK HEADQUARTERS CA US,19911129,-9999,-9999,0
GHCND:USC00049855,YOSEMITE PARK HEADQUARTERS CA US,19911130,-9999,-9999,0
GHCND:USC00049855,YOSEMITE PARK HEADQUARTERS CA US,19911201,-9999,-9999,0
GHCND:USC00049855,YOSEMITE PARK HEADQUARTERS CA US,19911202,-9999,-9999,0
GHCND:USC00049855,YOSEMITE PARK HEADQUARTERS CA US,19911203,-9999,-9999,0
GHCND:USC00049855,YOSEMITE PARK HEADQUARTERS CA US,19911204,-9999,-9999,0
GHCND:USC00049855,YOSEMITE PARK HEADQUARTERS CA US,19911205,-9999,-9999,0
GHCND:USC00049855,YOSEMITE PARK HEADQUARTERS CA US,19911206,-9999,-9999,0
GHCND:USC00049855,YOSEMITE PARK HEADQUARTERS CA US,19911207,-9999,-9999,0.13
GHCND:USC00049855,YOSEMITE PARK HEADQUARTERS CA US,19911208,-9999,-9999,0.48
GHCND:USC00049855,YOSEMITE PARK HEADQUARTERS CA US,19911209,-9999,-9999,0
GHCND:USC00049855,YOSEMITE PARK HEADQUARTERS CA US,19911210,-9999,-9999,0
GHCND:USC00049855,YOSEMITE PARK HEADQUARTERS CA US,19911211,-9999,-9999,0
GHCND:USC00049855,YOSEMITE PARK HEADQUARTERS CA US,19911212,-9999,-9999,0
GHCND:USC00049855,YOSEMITE PARK HEADQUARTERS CA US,19911213,-9999,-9999,0
GHCND:USC00049855,YOSEMITE PARK HEADQUARTERS CA US,19911214,-9999,-9999,0
GHCND:USC00049855,YOSEMITE PARK HEADQUARTERS CA US,19911215,-9999,-9999,0
GHCND:USC00049855,YOSEMITE PARK HEADQUARTERS CA US,19911216,-9999,-9999,0
GHCND:USC00049855,YOSEMITE PARK HEADQUARTERS CA US,19911217,-9999,-9999,0
GHCND:USC00049855,YOSEMITE PARK HEADQUARTERS CA US,19911218,-9999,-9999,0.11
GHCND:USC00049855,YOSEMITE PARK HEADQUARTERS CA US,19911219,-9999,-9999,0.52
GHCND:USC00049855,YOSEMITE PARK HEADQUARTERS CA US,19911220,-9999,-9999,0
GHCND:USC00049855,YOSEMITE PARK HEADQUARTERS CA US,19911221,-9999,-9999,0
GHCND:USC00049855,YOSEMITE PARK HEADQUARTERS CA US,19911222,-9999,-9999,0
GHCND:USC00049855,YOSEMITE PARK HEADQUARTERS CA US,19911223,-9999,-9999,0
GHCND:USC00049855,YOSEMITE PARK HEADQUARTERS CA US,19911224,-9999,-9999,0
GHCND:USC00049855,YOSEMITE PARK HEADQUARTERS CA US,19911225,-9999,-9999,0
GHCND:USC00049855,YOSEMITE PARK HEADQUARTERS CA US,19911226,-9999,-9999,0
GHCND:USC00049855,YOSEMITE PARK HEADQUARTERS CA US,19911227,-9999,-9999,0.8
GHCND:USC00049855,YOSEMITE PARK HEADQUARTERS CA US,19911228,-9999,-9999,1.15
GHCND:USC00049855,YOSEMITE PARK HEADQUARTERS CA US,19911229,-9999,-9999,0.42
GHCND:USC00049855,YOSEMITE PARK HEADQUARTERS CA US,19911230,-9999,-9999,0
GHCND:USC00049855,YOSEMITE PARK HEADQUARTERS CA US,19911231,-9999,-9999,0
GHCND:USC00049855,YOSEMITE PARK HEADQUARTERS CA US,19920101,-9999,-9999,0
GHCND:USC00049855,YOSEMITE PARK HEADQUARTERS CA US,19920102,-9999,-9999,0
GHCND:USC00049855,YOSEMITE PARK HEADQUARTERS CA US,19920103,-9999,-9999,0
GHCND:USC00049855,YOSEMITE PARK HEADQUARTERS CA US,19920104,-9999,-9999,0.22
GHCND:USC00049855,YOSEMITE PARK HEADQUARTERS CA US,19920105,-9999,-9999,0.92
GHCND:USC00049855,YOSEMITE PARK HEADQUARTERS CA US,19920106,-9999,-9999,0.46
GHCND:USC00049855,YOSEMITE PARK HEADQUARTERS CA US,19920107,-9999,-9999,0.23
GHCND:USC00049855,YOSEMITE PARK HEADQUARTERS CA US,19920108,-9999,-9999,0.02
GHCND:USC00049855,YOSEMITE PARK HEADQUARTERS CA US,19920109,-9999,-9999,0
GHCND:USC00049855,YOSEMITE PARK HEADQUARTERS CA US,19920110,-9999,-9999,0
GHCND:USC00049855,YOSEMITE PARK HEADQUARTERS CA US,19920111,-9999,-9999,0
GHCND:USC00049855,YOSEMITE PARK HEADQUARTERS CA US,19920112,-9999,-9999,0
GHCND:USC00049855,YOSEMITE PARK HEADQUARTERS CA US,19920113,-9999,-9999,0
GHCND:USC00049855,YOSEMITE PARK HEADQUARTERS CA US,19920114,-9999,-9999,0
GHCND:USC00049855,YOSEMITE PARK HEADQUARTERS CA US,19920115,-9999,-9999,0
GHCND:USC00049855,YOSEMITE PARK HEADQUARTERS CA US,19920116,-9999,-9999,0
GHCND:USC00049855,YOSEMITE PARK HEADQUARTERS CA US,19920117,-9999,-9999,0
GHCND:USC00049855,YOSEMITE PARK HEADQUARTERS CA US,19920118,-9999,-9999,0
GHCND:USC00049855,YOSEMITE PARK HEADQUARTERS CA US,19920119,-9999,-9999,0
GHCND:USC00049855,YOSEMITE PARK HEADQUARTERS CA US,19920120,-9999,-9999,0
GHCND:USC00049855,YOSEMITE PARK HEADQUARTERS CA US,19920121,-9999,-9999,0
GHCND:USC00049855,YOSEMITE PARK HEADQUARTERS CA US,19920122,-9999,-9999,0
GHCND:USC00049855,YOSEMITE PARK HEADQUARTERS CA US,19920123,-9999,-9999,0
GHCND:USC00049855,YOSEMITE PARK HEADQUARTERS CA US,19920124,-9999,-9999,0
GHCND:USC00049855,YOSEMITE PARK HEADQUARTERS CA US,19920125,-9999,-9999,0
GHCND:USC00049855,YOSEMITE PARK HEADQUARTERS CA US,19920126,-9999,-9999,0
GHCND:USC00049855,YOSEMITE PARK HEADQUARTERS CA US,19920127,-9999,-9999,0
GHCND:USC00049855,YOSEMITE PARK HEADQUARTERS CA US,19920128,-9999,-9999,0
GHCND:USC00049855,YOSEMITE PARK HEADQUARTERS CA US,19920129,-9999,-9999,0
GHCND:USC00049855,YOSEMITE PARK HEADQUARTERS CA US,19920130,-9999,-9999,0
GHCND:USC00049855,YOSEMITE PARK HEADQUARTERS CA US,19920131,-9999,-9999,0
GHCND:USC00049855,YOSEMITE PARK HEADQUARTERS CA US,19920201,-9999,-9999,0
GHCND:USC00049855,YOSEMITE PARK HEADQUARTERS CA US,19920202,-9999,-9999,0
GHCND:USC00049855,YOSEMITE PARK HEADQUARTERS CA US,19920203,-9999,-9999,0
GHCND:USC00049855,YOSEMITE PARK HEADQUARTERS CA US,19920204,-9999,-9999,0
GHCND:USC00049855,YOSEMITE PARK HEADQUARTERS CA US,19920205,-9999,-9999,0
GHCND:USC00049855,YOSEMITE PARK HEADQUARTERS CA US,19920206,-9999,-9999,0
GHCND:USC00049855,YOSEMITE PARK HEADQUARTERS CA US,19920207,-9999,-9999,0.22
GHCND:USC00049855,YOSEMITE PARK HEADQUARTERS CA US,19920208,-9999,-9999,0.05
GHCND:USC00049855,YOSEMITE PARK HEADQUARTERS CA US,19920209,-9999,-9999,0
GHCND:USC00049855,YOSEMITE PARK HEADQUARTERS CA US,19920210,-9999,-9999,0.33
GHCND:USC00049855,YOSEMITE PARK HEADQUARTERS CA US,19920211,-9999,-9999,2.1
GHCND:USC00049855,YOSEMITE PARK HEADQUARTERS CA US,19920212,-9999,-9999,1.05
GHCND:USC00049855,YOSEMITE PARK HEADQUARTERS CA US,19920213,-9999,-9999,1.11
GHCND:USC00049855,YOSEMITE PARK HEADQUARTERS CA US,19920214,-9999,-9999,0.15
GHCND:USC00049855,YOSEMITE PARK HEADQUARTERS CA US,19920215,-9999,-9999,1.2
GHCND:USC00049855,YOSEMITE PARK HEADQUARTERS CA US,19920216,-9999,-9999,0.85
GHCND:USC00049855,YOSEMITE PARK HEADQUARTERS CA US,19920217,-9999,-9999,0.19
GHCND:USC00049855,YOSEMITE PARK HEADQUARTERS CA US,19920218,-9999,-9999,0
GHCND:USC00049855,YOSEMITE PARK HEADQUARTERS CA US,19920219,-9999,-9999,0
GHCND:USC00049855,YOSEMITE PARK HEADQUARTERS CA US,19920220,-9999,-9999,0.51
GHCND:USC00049855,YOSEMITE PARK HEADQUARTERS CA US,19920221,-9999,-9999,0.08
GHCND:USC00049855,YOSEMITE PARK HEADQUARTERS CA US,19920222,-9999,-9999,0.03
GHCND:USC00049855,YOSEMITE PARK HEADQUARTERS CA US,19920223,-9999,-9999,0
GHCND:USC00049855,YOSEMITE PARK HEADQUARTERS CA US,19920224,-9999,-9999,0
GHCND:USC00049855,YOSEMITE PARK HEADQUARTERS CA US,19920225,-9999,-9999,0
GHCND:USC00049855,YOSEMITE PARK HEADQUARTERS CA US,19920226,-9999,-9999,0
GHCND:USC00049855,YOSEMITE PARK HEADQUARTERS CA US,19920227,-9999,-9999,0
GHCND:USC00049855,YOSEMITE PARK HEADQUARTERS CA US,19920228,-9999,-9999,0
GHCND:USC00049855,YOSEMITE PARK HEADQUARTERS CA US,19920229,-9999,-9999,0
GHCND:USC00049855,YOSEMITE PARK HEADQUARTERS CA US,19920301,-9999,-9999,0.04
GHCND:USC00049855,YOSEMITE PARK HEADQUARTERS CA US,19920302,-9999,-9999,0
GHCND:USC00049855,YOSEMITE PARK HEADQUARTERS CA US,19920303,-9999,-9999,0.07
GHCND:USC00049855,YOSEMITE PARK HEADQUARTERS CA US,19920304,-9999,-9999,0.05
GHCND:USC00049855,YOSEMITE PARK HEADQUARTERS CA US,19920305,-9999,-9999,0
GHCND:USC00049855,YOSEMITE PARK HEADQUARTERS CA US,19920306,-9999,-9999,0.92
GHCND:USC00049855,YOSEMITE PARK HEADQUARTERS CA US,19920307,-9999,-9999,0.04
GHCND:USC00049855,YOSEMITE PARK HEADQUARTERS CA US,19920308,-9999,-9999,0
GHCND:USC00049855,YOSEMITE PARK HEADQUARTERS CA US,19920309,-9999,-9999,0
GHCND:USC00049855,YOSEMITE PARK HEADQUARTERS CA US,19920310,-9999,-9999,0
GHCND:USC00049855,YOSEMITE PARK HEADQUARTERS CA US,19920311,-9999,-9999,0
GHCND:USC00049855,YOSEMITE PARK HEADQUARTERS CA US,19920312,-9999,-9999,0
GHCND:USC00049855,YOSEMITE PARK HEADQUARTERS CA US,19920313,-9999,-9999,0
GHCND:USC00049855,YOSEMITE PARK HEADQUARTERS CA US,19920314,-9999,-9999,0
GHCND:USC00049855,YOSEMITE PARK HEADQUARTERS CA US,19920315,-9999,-9999,0.48
GHCND:USC00049855,YOSEMITE PARK HEADQUARTERS CA US,19920316,-9999,-9999,0.11
GHCND:USC00049855,YOSEMITE PARK HEADQUARTERS CA US,19920317,-9999,-9999,0.26
GHCND:USC00049855,YOSEMITE PARK HEADQUARTERS CA US,19920318,-9999,-9999,0
GHCND:USC00049855,YOSEMITE PARK HEADQUARTERS CA US,19920319,-9999,-9999,0
GHCND:USC00049855,YOSEMITE PARK HEADQUARTERS CA US,19920320,-9999,-9999,0
GHCND:USC00049855,YOSEMITE PARK HEADQUARTERS CA US,19920321,-9999,-9999,0.05
GHCND:USC00049855,YOSEMITE PARK HEADQUARTERS CA US,19920322,-9999,-9999,0.03
GHCND:USC00049855,YOSEMITE PARK HEADQUARTERS CA US,19920323,-9999,-9999,0.45
GHCND:USC00049855,YOSEMITE PARK HEADQUARTERS CA US,19920324,-9999,-9999,0
GHCND:USC00049855,YOSEMITE PARK HEADQUARTERS CA US,19920325,-9999,-9999,0
GHCND:USC00049855,YOSEMITE PARK HEADQUARTERS CA US,19920326,-9999,-9999,0.04
GHCND:USC00049855,YOSEMITE PARK HEADQUARTERS CA US,19920327,-9999,-9999,0
GHCND:USC00049855,YOSEMITE PARK HEADQUARTERS CA US,19920328,-9999,-9999,0.06
GHCND:USC00049855,YOSEMITE PARK HEADQUARTERS CA US,19920329,-9999,-9999,0.01
GHCND:USC00049855,YOSEMITE PARK HEADQUARTERS CA US,19920330,-9999,-9999,0
GHCND:USC00049855,YOSEMITE PARK HEADQUARTERS CA US,19920331,-9999,-9999,0
GHCND:USC00049855,YOSEMITE PARK HEADQUARTERS CA US,19920401,-9999,-9999,0.12
GHCND:USC00049855,YOSEMITE PARK HEADQUARTERS CA US,19920402,-9999,-9999,0
GHCND:USC00049855,YOSEMITE PARK HEADQUARTERS CA US,19920403,-9999,-9999,0
GHCND:USC00049855,YOSEMITE PARK HEADQUARTERS CA US,19920404,-9999,-9999,0
GHCND:USC00049855,YOSEMITE PARK HEADQUARTERS CA US,19920405,-9999,-9999,0
GHCND:USC00049855,YOSEMITE PARK HEADQUARTERS CA US,19920406,-9999,-9999,0
GHCND:USC00049855,YOSEMITE PARK HEADQUARTERS CA US,19920407,-9999,-9999,0
GHCND:USC00049855,YOSEMITE PARK HEADQUARTERS CA US,19920408,-9999,-9999,0
GHCND:USC00049855,YOSEMITE PARK HEADQUARTERS CA US,19920409,-9999,-9999,0
GHCND:USC00049855,YOSEMITE PARK HEADQUARTERS CA US,19920410,-9999,-9999,0
GHCND:USC00049855,YOSEMITE PARK HEADQUARTERS CA US,19920411,-9999,-9999,0
GHCND:USC00049855,YOSEMITE PARK HEADQUARTERS CA US,19920412,-9999,-9999,0
GHCND:USC00049855,YOSEMITE PARK HEADQUARTERS CA US,19920413,-9999,-9999,0.38
GHCND:USC00049855,YOSEMITE PARK HEADQUARTERS CA US,19920414,-9999,-9999,0
GHCND:USC00049855,YOSEMITE PARK HEADQUARTERS CA US,19920415,-9999,-9999,0
GHCND:USC00049855,YOSEMITE PARK HEADQUARTERS CA US,19920416,-9999,-9999,0
GHCND:USC00049855,YOSEMITE PARK HEADQUARTERS CA US,19920417,-9999,-9999,0
GHCND:USC00049855,YOSEMITE PARK HEADQUARTERS CA US,19920418,-9999,-9999,0
GHCND:USC00049855,YOSEMITE PARK HEADQUARTERS CA US,19920419,-9999,-9999,0
GHCND:USC00049855,YOSEMITE PARK HEADQUARTERS CA US,19920420,-9999,-9999,0
GHCND:USC00049855,YOSEMITE PARK HEADQUARTERS CA US,19920421,-9999,-9999,0
GHCND:USC00049855,YOSEMITE PARK HEADQUARTERS CA US,19920422,-9999,-9999,0
GHCND:USC00049855,YOSEMITE PARK HEADQUARTERS CA US,19920423,-9999,-9999,0
GHCND:USC00049855,YOSEMITE PARK HEADQUARTERS CA US,19920424,-9999,-9999,0
GHCND:USC00049855,YOSEMITE PARK HEADQUARTERS CA US,19920425,-9999,-9999,0
GHCND:USC00049855,YOSEMITE PARK HEADQUARTERS CA US,19920426,-9999,-9999,0
GHCND:USC00049855,YOSEMITE PARK HEADQUARTERS CA US,19920427,-9999,-9999,0
GHCND:USC00049855,YOSEMITE PARK HEADQUARTERS CA US,19920428,-9999,-9999,0
GHCND:USC00049855,YOSEMITE PARK HEADQUARTERS CA US,19920429,-9999,-9999,0
GHCND:USC00049855,YOSEMITE PARK HEADQUARTERS CA US,19920430,-9999,-9999,0
GHCND:USC00049855,YOSEMITE PARK HEADQUARTERS CA US,19920501,-9999,-9999,0
GHCND:USC00049855,YOSEMITE PARK HEADQUARTERS CA US,19920502,-9999,-9999,0
GHCND:USC00049855,YOSEMITE PARK HEADQUARTERS CA US,19920503,-9999,-9999,0
GHCND:USC00049855,YOSEMITE PARK HEADQUARTERS CA US,19920504,-9999,-9999,0
GHCND:USC00049855,YOSEMITE PARK HEADQUARTERS CA US,19920505,-9999,-9999,0
GHCND:USC00049855,YOSEMITE PARK HEADQUARTERS CA US,19920506,-9999,-9999,0
GHCND:USC00049855,YOSEMITE PARK HEADQUARTERS CA US,19920507,-9999,-9999,0.15
GHCND:USC00049855,YOSEMITE PARK HEADQUARTERS CA US,19920508,-9999,-9999,0.31
GHCND:USC00049855,YOSEMITE PARK HEADQUARTERS CA US,19920509,-9999,-9999,0
GHCND:USC00049855,YOSEMITE PARK HEADQUARTERS CA US,19920510,-9999,-9999,0
GHCND:USC00049855,YOSEMITE PARK HEADQUARTERS CA US,19920511,-9999,-9999,0
GHCND:USC00049855,YOSEMITE PARK HEADQUARTERS CA US,19920512,-9999,-9999,0
GHCND:USC00049855,YOSEMITE PARK HEADQUARTERS CA US,19920513,-9999,-9999,0
GHCND:USC00049855,YOSEMITE PARK HEADQUARTERS CA US,19920514,-9999,-9999,0
GHCND:USC00049855,YOSEMITE PARK HEADQUARTERS CA US,19920515,-9999,-9999,0
GHCND:USC00049855,YOSEMITE PARK HEADQUARTERS CA US,19920516,-9999,-9999,0
GHCND:USC00049855,YOSEMITE PARK HEADQUARTERS CA US,19920517,-9999,-9999,0
GHCND:USC00049855,YOSEMITE PARK HEADQUARTERS CA US,19920518,-9999,-9999,0
GHCND:USC00049855,YOSEMITE PARK HEADQUARTERS CA US,19920519,-9999,-9999,0
GHCND:USC00049855,YOSEMITE PARK HEADQUARTERS CA US,19920520,-9999,-9999,0
GHCND:USC00049855,YOSEMITE PARK HEADQUARTERS CA US,19920521,-9999,-9999,0
GHCND:USC00049855,YOSEMITE PARK HEADQUARTERS CA US,19920522,-9999,-9999,0
GHCND:USC00049855,YOSEMITE PARK HEADQUARTERS CA US,19920523,-9999,-9999,0
GHCND:USC00049855,YOSEMITE PARK HEADQUARTERS CA US,19920524,-9999,-9999,0
GHCND:USC00049855,YOSEMITE PARK HEADQUARTERS CA US,19920525,-9999,-9999,0
GHCND:USC00049855,YOSEMITE PARK HEADQUARTERS CA US,19920526,-9999,-9999,0
GHCND:USC00049855,YOSEMITE PARK HEADQUARTERS CA US,19920527,-9999,-9999,0
GHCND:USC00049855,YOSEMITE PARK HEADQUARTERS CA US,19920528,-9999,-9999,0
GHCND:USC00049855,YOSEMITE PARK HEADQUARTERS CA US,19920529,-9999,-9999,0
GHCND:USC00049855,YOSEMITE PARK HEADQUARTERS CA US,19920530,-9999,-9999,0.06
GHCND:USC00049855,YOSEMITE PARK HEADQUARTERS CA US,19920531,-9999,-9999,0.14
GHCND:USC00049855,YOSEMITE PARK HEADQUARTERS CA US,19920701,-9999,-9999,0
GHCND:USC00049855,YOSEMITE PARK HEADQUARTERS CA US,19920702,-9999,-9999,0
GHCND:USC00049855,YOSEMITE PARK HEADQUARTERS CA US,19920703,-9999,-9999,0
GHCND:USC00049855,YOSEMITE PARK HEADQUARTERS CA US,19920704,-9999,-9999,0
GHCND:USC00049855,YOSEMITE PARK HEADQUARTERS CA US,19920705,-9999,-9999,0
GHCND:USC00049855,YOSEMITE PARK HEADQUARTERS CA US,19920706,-9999,-9999,0
GHCND:USC00049855,YOSEMITE PARK HEADQUARTERS CA US,19920707,-9999,-9999,0
GHCND:USC00049855,YOSEMITE PARK HEADQUARTERS CA US,19920708,-9999,-9999,0
GHCND:USC00049855,YOSEMITE PARK HEADQUARTERS CA US,19920709,-9999,-9999,0
GHCND:USC00049855,YOSEMITE PARK HEADQUARTERS CA US,19920710,-9999,-9999,0
GHCND:USC00049855,YOSEMITE PARK HEADQUARTERS CA US,19920711,-9999,-9999,0
GHCND:USC00049855,YOSEMITE PARK HEADQUARTERS CA US,19920712,-9999,-9999,1.2
GHCND:USC00049855,YOSEMITE PARK HEADQUARTERS CA US,19920713,-9999,-9999,0
GHCND:USC00049855,YOSEMITE PARK HEADQUARTERS CA US,19920714,-9999,-9999,0.9
GHCND:USC00049855,YOSEMITE PARK HEADQUARTERS CA US,19920715,-9999,-9999,1.6
GHCND:USC00049855,YOSEMITE PARK HEADQUARTERS CA US,19920716,-9999,-9999,0.22
GHCND:USC00049855,YOSEMITE PARK HEADQUARTERS CA US,19920717,-9999,-9999,0.27
GHCND:USC00049855,YOSEMITE PARK HEADQUARTERS CA US,19920718,-9999,-9999,0
GHCND:USC00049855,YOSEMITE PARK HEADQUARTERS CA US,19920719,-9999,-9999,0
GHCND:USC00049855,YOSEMITE PARK HEADQUARTERS CA US,19920720,-9999,-9999,0
GHCND:USC00049855,YOSEMITE PARK HEADQUARTERS CA US,19920721,-9999,-9999,0
GHCND:USC00049855,YOSEMITE PARK HEADQUARTERS CA US,19920722,-9999,-9999,0
GHCND:USC00049855,YOSEMITE PARK HEADQUARTERS CA US,19920723,-9999,-9999,0
GHCND:USC00049855,YOSEMITE PARK HEADQUARTERS CA US,19920724,-9999,-9999,0
GHCND:USC00049855,YOSEMITE PARK HEADQUARTERS CA US,19920725,-9999,-9999,0
GHCND:USC00049855,YOSEMITE PARK HEADQUARTERS CA US,19920726,-9999,-9999,0
GHCND:USC00049855,YOSEMITE PARK HEADQUARTERS CA US,19920727,-9999,-9999,0
GHCND:USC00049855,YOSEMITE PARK HEADQUARTERS CA US,19920728,-9999,-9999,0
GHCND:USC00049855,YOSEMITE PARK HEADQUARTERS CA US,19920729,-9999,-9999,0
GHCND:USC00049855,YOSEMITE PARK HEADQUARTERS CA US,19920730,-9999,-9999,0
GHCND:USC00049855,YOSEMITE PARK HEADQUARTERS CA US,19920731,-9999,-9999,0
GHCND:USC00049855,YOSEMITE PARK HEADQUARTERS CA US,19920801,-9999,-9999,0
GHCND:USC00049855,YOSEMITE PARK HEADQUARTERS CA US,19920802,-9999,-9999,0
GHCND:USC00049855,YOSEMITE PARK HEADQUARTERS CA US,19920803,-9999,-9999,0
GHCND:USC00049855,YOSEMITE PARK HEADQUARTERS CA US,19920804,-9999,-9999,0
GHCND:USC00049855,YOSEMITE PARK HEADQUARTERS CA US,19920805,-9999,-9999,0
GHCND:USC00049855,YOSEMITE PARK HEADQUARTERS CA US,19920806,-9999,-9999,0
GHCND:USC00049855,YOSEMITE PARK HEADQUARTERS CA US,19920807,-9999,-9999,0
GHCND:USC00049855,YOSEMITE PARK HEADQUARTERS CA US,19920808,-9999,-9999,0
GHCND:USC00049855,YOSEMITE PARK HEADQUARTERS CA US,19920809,-9999,-9999,0
GHCND:USC00049855,YOSEMITE PARK HEADQUARTERS CA US,19920810,-9999,-9999,0
GHCND:USC00049855,YOSEMITE PARK HEADQUARTERS CA US,19920811,-9999,-9999,0
GHCND:USC00049855,YOSEMITE PARK HEADQUARTERS CA US,19920812,-9999,-9999,0
GHCND:USC00049855,YOSEMITE PARK HEADQUARTERS CA US,19920813,-9999,-9999,0
GHCND:USC00049855,YOSEMITE PARK HEADQUARTERS CA US,19920814,-9999,-9999,0
GHCND:USC00049855,YOSEMITE PARK HEADQUARTERS CA US,19920815,-9999,-9999,0
GHCND:USC00049855,YOSEMITE PARK HEADQUARTERS CA US,19920816,-9999,-9999,0
GHCND:USC00049855,YOSEMITE PARK HEADQUARTERS CA US,19920817,-9999,-9999,0
GHCND:USC00049855,YOSEMITE PARK HEADQUARTERS CA US,19920818,-9999,-9999,0
GHCND:USC00049855,YOSEMITE PARK HEADQUARTERS CA US,19920819,-9999,-9999,0
GHCND:USC00049855,YOSEMITE PARK HEADQUARTERS CA US,19920820,-9999,-9999,0
GHCND:USC00049855,YOSEMITE PARK HEADQUARTERS CA US,19920821,-9999,-9999,0
GHCND:USC00049855,YOSEMITE PARK HEADQUARTERS CA US,19920822,-9999,-9999,0
GHCND:USC00049855,YOSEMITE PARK HEADQUARTERS CA US,19920823,-9999,-9999,0
GHCND:USC00049855,YOSEMITE PARK HEADQUARTERS CA US,19920824,-9999,-9999,0
GHCND:USC00049855,YOSEMITE PARK HEADQUARTERS CA US,19920825,-9999,-9999,0
GHCND:USC00049855,YOSEMITE PARK HEADQUARTERS CA US,19920826,-9999,-9999,0
GHCND:USC00049855,YOSEMITE PARK HEADQUARTERS CA US,19920827,-9999,-9999,0
GHCND:USC00049855,YOSEMITE PARK HEADQUARTERS CA US,19920828,-9999,-9999,0
GHCND:USC00049855,YOSEMITE PARK HEADQUARTERS CA US,19920829,-9999,-9999,0
GHCND:USC00049855,YOSEMITE PARK HEADQUARTERS CA US,19920830,-9999,-9999,0.06
GHCND:USC00049855,YOSEMITE PARK HEADQUARTERS CA US,19920831,-9999,-9999,0
GHCND:USC00049855,YOSEMITE PARK HEADQUARTERS CA US,19920901,-9999,-9999,0
GHCND:USC00049855,YOSEMITE PARK HEADQUARTERS CA US,19920902,-9999,-9999,0
GHCND:USC00049855,YOSEMITE PARK HEADQUARTERS CA US,19920903,-9999,-9999,0
GHCND:USC00049855,YOSEMITE PARK HEADQUARTERS CA US,19920904,-9999,-9999,0
GHCND:USC00049855,YOSEMITE PARK HEADQUARTERS CA US,19920905,-9999,-9999,0
GHCND:USC00049855,YOSEMITE PARK HEADQUARTERS CA US,19920906,-9999,-9999,0
GHCND:USC00049855,YOSEMITE PARK HEADQUARTERS CA US,19920907,-9999,-9999,0
GHCND:USC00049855,YOSEMITE PARK HEADQUARTERS CA US,19920908,-9999,-9999,0
GHCND:USC00049855,YOSEMITE PARK HEADQUARTERS CA US,19920909,-9999,-9999,0
GHCND:USC00049855,YOSEMITE PARK HEADQUARTERS CA US,19920910,-9999,-9999,0
GHCND:USC00049855,YOSEMITE PARK HEADQUARTERS CA US,19920911,-9999,-9999,0
GHCND:USC00049855,YOSEMITE PARK HEADQUARTERS CA US,19920912,-9999,-9999,0
GHCND:USC00049855,YOSEMITE PARK HEADQUARTERS CA US,19920913,-9999,-9999,0
GHCND:USC00049855,YOSEMITE PARK HEADQUARTERS CA US,19920914,-9999,-9999,0
GHCND:USC00049855,YOSEMITE PARK HEADQUARTERS CA US,19920915,-9999,-9999,0
GHCND:USC00049855,YOSEMITE PARK HEADQUARTERS CA US,19920916,-9999,-9999,0
GHCND:USC00049855,YOSEMITE PARK HEADQUARTERS CA US,19920917,-9999,-9999,0.14
GHCND:USC00049855,YOSEMITE PARK HEADQUARTERS CA US,19920918,-9999,-9999,0
GHCND:USC00049855,YOSEMITE PARK HEADQUARTERS CA US,19920919,-9999,-9999,0
GHCND:USC00049855,YOSEMITE PARK HEADQUARTERS CA US,19920920,-9999,-9999,0
GHCND:USC00049855,YOSEMITE PARK HEADQUARTERS CA US,19920921,-9999,-9999,0
GHCND:USC00049855,YOSEMITE PARK HEADQUARTERS CA US,19920922,-9999,-9999,0
GHCND:USC00049855,YOSEMITE PARK HEADQUARTERS CA US,19920923,-9999,-9999,0
GHCND:USC00049855,YOSEMITE PARK HEADQUARTERS CA US,19920924,-9999,-9999,0
GHCND:USC00049855,YOSEMITE PARK HEADQUARTERS CA US,19920925,-9999,-9999,0
GHCND:USC00049855,YOSEMITE PARK HEADQUARTERS CA US,19920926,-9999,-9999,0
GHCND:USC00049855,YOSEMITE PARK HEADQUARTERS CA US,19920927,-9999,-9999,0
GHCND:USC00049855,YOSEMITE PARK HEADQUARTERS CA US,19920928,-9999,-9999,0
GHCND:USC00049855,YOSEMITE PARK HEADQUARTERS CA US,19920929,-9999,-9999,0
GHCND:USC00049855,YOSEMITE PARK HEADQUARTERS CA US,19920930,-9999,-9999,0
GHCND:USC00049855,YOSEMITE PARK HEADQUARTERS CA US,19921001,-9999,-9999,0
GHCND:USC00049855,YOSEMITE PARK HEADQUARTERS CA US,19921002,-9999,-9999,0
GHCND:USC00049855,YOSEMITE PARK HEADQUARTERS CA US,19921003,-9999,-9999,0
GHCND:USC00049855,YOSEMITE PARK HEADQUARTERS CA US,19921004,-9999,-9999,0
GHCND:USC00049855,YOSEMITE PARK HEADQUARTERS CA US,19921005,-9999,-9999,0
GHCND:USC00049855,YOSEMITE PARK HEADQUARTERS CA US,19921006,-9999,-9999,0
GHCND:USC00049855,YOSEMITE PARK HEADQUARTERS CA US,19921007,-9999,-9999,0
GHCND:USC00049855,YOSEMITE PARK HEADQUARTERS CA US,19921008,-9999,-9999,0
GHCND:USC00049855,YOSEMITE PARK HEADQUARTERS CA US,19921009,-9999,-9999,0
GHCND:USC00049855,YOSEMITE PARK HEADQUARTERS CA US,19921010,-9999,-9999,0
GHCND:USC00049855,YOSEMITE PARK HEADQUARTERS CA US,19921011,-9999,-9999,0
GHCND:USC00049855,YOSEMITE PARK HEADQUARTERS CA US,19921012,-9999,-9999,0
GHCND:USC00049855,YOSEMITE PARK HEADQUARTERS CA US,19921013,-9999,-9999,0
GHCND:USC00049855,YOSEMITE PARK HEADQUARTERS CA US,19921014,-9999,-9999,0
GHCND:USC00049855,YOSEMITE PARK HEADQUARTERS CA US,19921015,-9999,-9999,0
GHCND:USC00049855,YOSEMITE PARK HEADQUARTERS CA US,19921016,-9999,-9999,0
GHCND:USC00049855,YOSEMITE PARK HEADQUARTERS CA US,19921017,-9999,-9999,0
GHCND:USC00049855,YOSEMITE PARK HEADQUARTERS CA US,19921018,-9999,-9999,0
GHCND:USC00049855,YOSEMITE PARK HEADQUARTERS CA US,19921019,-9999,-9999,0
GHCND:USC00049855,YOSEMITE PARK HEADQUARTERS CA US,19921020,-9999,-9999,0
GHCND:USC00049855,YOSEMITE PARK HEADQUARTERS CA US,19921021,-9999,-9999,0
GHCND:USC00049855,YOSEMITE PARK HEADQUARTERS CA US,19921022,-9999,-9999,0
GHCND:USC00049855,YOSEMITE PARK HEADQUARTERS CA US,19921023,-9999,-9999,0
GHCND:USC00049855,YOSEMITE PARK HEADQUARTERS CA US,19921024,-9999,-9999,0
GHCND:USC00049855,YOSEMITE PARK HEADQUARTERS CA US,19921025,-9999,-9999,0.12
GHCND:USC00049855,YOSEMITE PARK HEADQUARTERS CA US,19921026,-9999,-9999,0
GHCND:USC00049855,YOSEMITE PARK HEADQUARTERS CA US,19921027,-9999,-9999,0
GHCND:USC00049855,YOSEMITE PARK HEADQUARTERS CA US,19921028,-9999,-9999,0.28
GHCND:USC00049855,YOSEMITE PARK HEADQUARTERS CA US,19921029,-9999,-9999,0.78
GHCND:USC00049855,YOSEMITE PARK HEADQUARTERS CA US,19921030,-9999,-9999,1.3
GHCND:USC00049855,YOSEMITE PARK HEADQUARTERS CA US,19921031,-9999,-9999,0.3
GHCND:USC00049855,YOSEMITE PARK HEADQUARTERS CA US,19921101,-9999,-9999,0
GHCND:USC00049855,YOSEMITE PARK HEADQUARTERS CA US,19921102,-9999,-9999,0
GHCND:USC00049855,YOSEMITE PARK HEADQUARTERS CA US,19921103,-9999,-9999,0
GHCND:USC00049855,YOSEMITE PARK HEADQUARTERS CA US,19921104,-9999,-9999,0
GHCND:USC00049855,YOSEMITE PARK HEADQUARTERS CA US,19921105,-9999,-9999,0
GHCND:USC00049855,YOSEMITE PARK HEADQUARTERS CA US,19921106,-9999,-9999,0
GHCND:USC00049855,YOSEMITE PARK HEADQUARTERS CA US,19921107,-9999,-9999,0
GHCND:USC00049855,YOSEMITE PARK HEADQUARTERS CA US,19921108,-9999,-9999,0
GHCND:USC00049855,YOSEMITE PARK HEADQUARTERS CA US,19921109,-9999,-9999,0
GHCND:USC00049855,YOSEMITE PARK HEADQUARTERS CA US,19921110,-9999,-9999,0
GHCND:USC00049855,YOSEMITE PARK HEADQUARTERS CA US,19921111,-9999,-9999,0
GHCND:USC00049855,YOSEMITE PARK HEADQUARTERS CA US,19921112,-9999,-9999,0
GHCND:USC00049855,YOSEMITE PARK HEADQUARTERS CA US,19921113,-9999,-9999,0
GHCND:USC00049855,YOSEMITE PARK HEADQUARTERS CA US,19921114,-9999,-9999,0
GHCND:USC00049855,YOSEMITE PARK HEADQUARTERS CA US,19921115,-9999,-9999,0
GHCND:USC00049855,YOSEMITE PARK HEADQUARTERS CA US,19921116,-9999,-9999,0
GHCND:USC00049855,YOSEMITE PARK HEADQUARTERS CA US,19921117,-9999,-9999,0
GHCND:USC00049855,YOSEMITE PARK HEADQUARTERS CA US,19921118,-9999,-9999,0
GHCND:USC00049855,YOSEMITE PARK HEADQUARTERS CA US,19921119,-9999,-9999,0
GHCND:USC00049855,YOSEMITE PARK HEADQUARTERS CA US,19921120,-9999,-9999,0
GHCND:USC00049855,YOSEMITE PARK HEADQUARTERS CA US,19921121,-9999,-9999,0
GHCND:USC00049855,YOSEMITE PARK HEADQUARTERS CA US,19921122,-9999,-9999,0.06
GHCND:USC00049855,YOSEMITE PARK HEADQUARTERS CA US,19921123,-9999,-9999,0.03
GHCND:USC00049855,YOSEMITE PARK HEADQUARTERS CA US,19921124,-9999,-9999,0
GHCND:USC00049855,YOSEMITE PARK HEADQUARTERS CA US,19921125,-9999,-9999,0
GHCND:USC00049855,YOSEMITE PARK HEADQUARTERS CA US,19921126,-9999,-9999,0
GHCND:USC00049855,YOSEMITE PARK HEADQUARTERS CA US,19921127,-9999,-9999,0
GHCND:USC00049855,YOSEMITE PARK HEADQUARTERS CA US,19921128,-9999,-9999,0
GHCND:USC00049855,YOSEMITE PARK HEADQUARTERS CA US,19921129,-9999,-9999,0
GHCND:USC00049855,YOSEMITE PARK HEADQUARTERS CA US,19921130,-9999,-9999,0
GHCND:USC00049855,YOSEMITE PARK HEADQUARTERS CA US,19921201,-9999,-9999,0
GHCND:USC00049855,YOSEMITE PARK HEADQUARTERS CA US,19921202,-9999,-9999,0
GHCND:USC00049855,YOSEMITE PARK HEADQUARTERS CA US,19921203,-9999,-9999,0
GHCND:USC00049855,YOSEMITE PARK HEADQUARTERS CA US,19921204,-9999,-9999,0
GHCND:USC00049855,YOSEMITE PARK HEADQUARTERS CA US,19921205,-9999,-9999,0
GHCND:USC00049855,YOSEMITE PARK HEADQUARTERS CA US,19921206,-9999,-9999,0.03
GHCND:USC00049855,YOSEMITE PARK HEADQUARTERS CA US,19921207,-9999,-9999,3.03
GHCND:USC00049855,YOSEMITE PARK HEADQUARTERS CA US,19921208,-9999,-9999,0.32
GHCND:USC00049855,YOSEMITE PARK HEADQUARTERS CA US,19921209,-9999,-9999,2.22
GHCND:USC00049855,YOSEMITE PARK HEADQUARTERS CA US,19921210,-9999,-9999,0.32
GHCND:USC00049855,YOSEMITE PARK HEADQUARTERS CA US,19921211,-9999,-9999,1.12
GHCND:USC00049855,YOSEMITE PARK HEADQUARTERS CA US,19921212,-9999,-9999,0.12
GHCND:USC00049855,YOSEMITE PARK HEADQUARTERS CA US,19921213,-9999,-9999,0
GHCND:USC00049855,YOSEMITE PARK HEADQUARTERS CA US,19921214,-9999,-9999,0
GHCND:USC00049855,YOSEMITE PARK HEADQUARTERS CA US,19921215,-9999,-9999,0
GHCND:USC00049855,YOSEMITE PARK HEADQUARTERS CA US,19921216,-9999,-9999,0
GHCND:USC00049855,YOSEMITE PARK HEADQUARTERS CA US,19921217,-9999,-9999,0
GHCND:USC00049855,YOSEMITE PARK HEADQUARTERS CA US,19921218,-9999,-9999,0.37
GHCND:USC00049855,YOSEMITE PARK HEADQUARTERS CA US,19921219,-9999,-9999,0
GHCND:USC00049855,YOSEMITE PARK HEADQUARTERS CA US,19921220,-9999,-9999,0
GHCND:USC00049855,YOSEMITE PARK HEADQUARTERS CA US,19921221,-9999,-9999,0
GHCND:USC00049855,YOSEMITE PARK HEADQUARTERS CA US,19921222,-9999,-9999,0
GHCND:USC00049855,YOSEMITE PARK HEADQUARTERS CA US,19921223,-9999,-9999,0
GHCND:USC00049855,YOSEMITE PARK HEADQUARTERS CA US,19921224,-9999,-9999,0
GHCND:USC00049855,YOSEMITE PARK HEADQUARTERS CA US,19921225,-9999,-9999,0
GHCND:USC00049855,YOSEMITE PARK HEADQUARTERS CA US,19921226,-9999,-9999,0
GHCND:USC00049855,YOSEMITE PARK HEADQUARTERS CA US,19921227,-9999,-9999,0
GHCND:USC00049855,YOSEMITE PARK HEADQUARTERS CA US,19921228,-9999,-9999,0
GHCND:USC00049855,YOSEMITE PARK HEADQUARTERS CA US,19921229,-9999,-9999,1.98
GHCND:USC00049855,YOSEMITE PARK HEADQUARTERS CA US,19921230,-9999,-9999,1.05
GHCND:USC00049855,YOSEMITE PARK HEADQUARTERS CA US,19921231,-9999,-9999,0
GHCND:USC00049855,YOSEMITE PARK HEADQUARTERS CA US,19930101,-9999,-9999,0
GHCND:USC00049855,YOSEMITE PARK HEADQUARTERS CA US,19930102,-9999,-9999,1.06
GHCND:USC00049855,YOSEMITE PARK HEADQUARTERS CA US,19930103,-9999,-9999,0
GHCND:USC00049855,YOSEMITE PARK HEADQUARTERS CA US,19930104,-9999,-9999,0
GHCND:USC00049855,YOSEMITE PARK HEADQUARTERS CA US,19930105,-9999,-9999,0
GHCND:USC00049855,YOSEMITE PARK HEADQUARTERS CA US,19930106,-9999,-9999,0.21
GHCND:USC00049855,YOSEMITE PARK HEADQUARTERS CA US,19930107,-9999,-9999,1.75
GHCND:USC00049855,YOSEMITE PARK HEADQUARTERS CA US,19930108,-9999,-9999,1.1
GHCND:USC00049855,YOSEMITE PARK HEADQUARTERS CA US,19930109,-9999,-9999,0.39
GHCND:USC00049855,YOSEMITE PARK HEADQUARTERS CA US,19930110,-9999,-9999,0.95
GHCND:USC00049855,YOSEMITE PARK HEADQUARTERS CA US,19930111,-9999,-9999,0.26
GHCND:USC00049855,YOSEMITE PARK HEADQUARTERS CA US,19930112,-9999,-9999,0
GHCND:USC00049855,YOSEMITE PARK HEADQUARTERS CA US,19930113,-9999,-9999,1.86
GHCND:USC00049855,YOSEMITE PARK HEADQUARTERS CA US,19930114,-9999,-9999,3.25
GHCND:USC00049855,YOSEMITE PARK HEADQUARTERS CA US,19930115,-9999,-9999,0.07
GHCND:USC00049855,YOSEMITE PARK HEADQUARTERS CA US,19930116,-9999,-9999,1.46
GHCND:USC00049855,YOSEMITE PARK HEADQUARTERS CA US,19930117,-9999,-9999,0.43
GHCND:USC00049855,YOSEMITE PARK HEADQUARTERS CA US,19930118,-9999,-9999,0
GHCND:USC00049855,YOSEMITE PARK HEADQUARTERS CA US,19930119,-9999,-9999,0
GHCND:USC00049855,YOSEMITE PARK HEADQUARTERS CA US,19930120,-9999,-9999,0.33
GHCND:USC00049855,YOSEMITE PARK HEADQUARTERS CA US,19930121,-9999,-9999,1.19
GHCND:USC00049855,YOSEMITE PARK HEADQUARTERS CA US,19930122,-9999,-9999,1.04
GHCND:USC00049855,YOSEMITE PARK HEADQUARTERS CA US,19930123,-9999,-9999,0
GHCND:USC00049855,YOSEMITE PARK HEADQUARTERS CA US,19930124,-9999,-9999,0
GHCND:USC00049855,YOSEMITE PARK HEADQUARTERS CA US,19930125,-9999,-9999,0
GHCND:USC00049855,YOSEMITE PARK HEADQUARTERS CA US,19930126,-9999,-9999,0
GHCND:USC00049855,YOSEMITE PARK HEADQUARTERS CA US,19930127,-9999,-9999,0
GHCND:USC00049855,YOSEMITE PARK HEADQUARTERS CA US,19930129,-9999,-9999,0
GHCND:USC00049855,YOSEMITE PARK HEADQUARTERS CA US,19930130,-9999,-9999,0
GHCND:USC00049855,YOSEMITE PARK HEADQUARTERS CA US,19930131,-9999,-9999,0
GHCND:USC00049855,YOSEMITE PARK HEADQUARTERS CA US,19930201,-9999,-9999,0
GHCND:USC00049855,YOSEMITE PARK HEADQUARTERS CA US,19930202,-9999,-9999,0
GHCND:USC00049855,YOSEMITE PARK HEADQUARTERS CA US,19930203,-9999,-9999,0
GHCND:USC00049855,YOSEMITE PARK HEADQUARTERS CA US,19930204,-9999,-9999,0
GHCND:USC00049855,YOSEMITE PARK HEADQUARTERS CA US,19930205,-9999,-9999,0.11
GHCND:USC00049855,YOSEMITE PARK HEADQUARTERS CA US,19930206,-9999,-9999,0
GHCND:USC00049855,YOSEMITE PARK HEADQUARTERS CA US,19930207,-9999,-9999,0
GHCND:USC00049855,YOSEMITE PARK HEADQUARTERS CA US,19930208,-9999,-9999,0.25
GHCND:USC00049855,YOSEMITE PARK HEADQUARTERS CA US,19930209,-9999,-9999,1.23
GHCND:USC00049855,YOSEMITE PARK HEADQUARTERS CA US,19930210,-9999,-9999,0.09
GHCND:USC00049855,YOSEMITE PARK HEADQUARTERS CA US,19930211,-9999,-9999,0
GHCND:USC00049855,YOSEMITE PARK HEADQUARTERS CA US,19930212,-9999,-9999,0
GHCND:USC00049855,YOSEMITE PARK HEADQUARTERS CA US,19930213,-9999,-9999,0
GHCND:USC00049855,YOSEMITE PARK HEADQUARTERS CA US,19930214,-9999,-9999,0
GHCND:USC00049855,YOSEMITE PARK HEADQUARTERS CA US,19930215,-9999,-9999,0
GHCND:USC00049855,YOSEMITE PARK HEADQUARTERS CA US,19930216,-9999,-9999,0.09
GHCND:USC00049855,YOSEMITE PARK HEADQUARTERS CA US,19930217,-9999,-9999,0
GHCND:USC00049855,YOSEMITE PARK HEADQUARTERS CA US,19930218,-9999,-9999,0.25
GHCND:USC00049855,YOSEMITE PARK HEADQUARTERS CA US,19930219,-9999,-9999,2.24
GHCND:USC00049855,YOSEMITE PARK HEADQUARTERS CA US,19930220,-9999,-9999,1.25
GHCND:USC00049855,YOSEMITE PARK HEADQUARTERS CA US,19930221,-9999,-9999,0.2
GHCND:USC00049855,YOSEMITE PARK HEADQUARTERS CA US,19930222,-9999,-9999,0
GHCND:USC00049855,YOSEMITE PARK HEADQUARTERS CA US,19930223,-9999,-9999,0.87
GHCND:USC00049855,YOSEMITE PARK HEADQUARTERS CA US,19930224,-9999,-9999,1.65
GHCND:USC00049855,YOSEMITE PARK HEADQUARTERS CA US,19930225,-9999,-9999,0
GHCND:USC00049855,YOSEMITE PARK HEADQUARTERS CA US,19930226,-9999,-9999,0.35
GHCND:USC00049855,YOSEMITE PARK HEADQUARTERS CA US,19930227,-9999,-9999,0
GHCND:USC00049855,YOSEMITE PARK HEADQUARTERS CA US,19930228,-9999,-9999,0.13
GHCND:USC00049855,YOSEMITE PARK HEADQUARTERS CA US,19930301,-9999,-9999,0
GHCND:USC00049855,YOSEMITE PARK HEADQUARTERS CA US,19930302,-9999,-9999,0
GHCND:USC00049855,YOSEMITE PARK HEADQUARTERS CA US,19930303,-9999,-9999,0
GHCND:USC00049855,YOSEMITE PARK HEADQUARTERS CA US,19930304,-9999,-9999,0
GHCND:USC00049855,YOSEMITE PARK HEADQUARTERS CA US,19930305,-9999,-9999,0
GHCND:USC00049855,YOSEMITE PARK HEADQUARTERS CA US,19930306,-9999,-9999,0
GHCND:USC00049855,YOSEMITE PARK HEADQUARTERS CA US,19930307,-9999,-9999,0
GHCND:USC00049855,YOSEMITE PARK HEADQUARTERS CA US,19930308,-9999,-9999,0
GHCND:USC00049855,YOSEMITE PARK HEADQUARTERS CA US,19930309,-9999,-9999,0
GHCND:USC00049855,YOSEMITE PARK HEADQUARTERS CA US,19930310,-9999,-9999,0
GHCND:USC00049855,YOSEMITE PARK HEADQUARTERS CA US,19930311,-9999,-9999,0
GHCND:USC00049855,YOSEMITE PARK HEADQUARTERS CA US,19930312,-9999,-9999,0
GHCND:USC00049855,YOSEMITE PARK HEADQUARTERS CA US,19930313,-9999,-9999,0
GHCND:USC00049855,YOSEMITE PARK HEADQUARTERS CA US,19930314,-9999,-9999,0.35
GHCND:USC00049855,YOSEMITE PARK HEADQUARTERS CA US,19930315,-9999,-9999,0.29
GHCND:USC00049855,YOSEMITE PARK HEADQUARTERS CA US,19930316,-9999,-9999,0
GHCND:USC00049855,YOSEMITE PARK HEADQUARTERS CA US,19930317,-9999,-9999,0
GHCND:USC00049855,YOSEMITE PARK HEADQUARTERS CA US,19930318,-9999,-9999,0.36
GHCND:USC00049855,YOSEMITE PARK HEADQUARTERS CA US,19930319,-9999,-9999,0
GHCND:USC00049855,YOSEMITE PARK HEADQUARTERS CA US,19930320,-9999,-9999,0
GHCND:USC00049855,YOSEMITE PARK HEADQUARTERS CA US,19930321,-9999,-9999,0
GHCND:USC00049855,YOSEMITE PARK HEADQUARTERS CA US,19930322,-9999,-9999,0
GHCND:USC00049855,YOSEMITE PARK HEADQUARTERS CA US,19930323,-9999,-9999,0
GHCND:USC00049855,YOSEMITE PARK HEADQUARTERS CA US,19930324,-9999,-9999,0.72
GHCND:USC00049855,YOSEMITE PARK HEADQUARTERS CA US,19930325,-9999,-9999,0.3
GHCND:USC00049855,YOSEMITE PARK HEADQUARTERS CA US,19930326,-9999,-9999,1.37
GHCND:USC00049855,YOSEMITE PARK HEADQUARTERS CA US,19930327,-9999,-9999,0.08
GHCND:USC00049855,YOSEMITE PARK HEADQUARTERS CA US,19930328,-9999,-9999,0.31
GHCND:USC00049855,YOSEMITE PARK HEADQUARTERS CA US,19930329,-9999,-9999,0
GHCND:USC00049855,YOSEMITE PARK HEADQUARTERS CA US,19930330,-9999,-9999,0
GHCND:USC00049855,YOSEMITE PARK HEADQUARTERS CA US,19930331,-9999,-9999,0
GHCND:USC00049855,YOSEMITE PARK HEADQUARTERS CA US,19930401,-9999,-9999,0.43
GHCND:USC00049855,YOSEMITE PARK HEADQUARTERS CA US,19930402,-9999,-9999,0
GHCND:USC00049855,YOSEMITE PARK HEADQUARTERS CA US,19930403,-9999,-9999,0
GHCND:USC00049855,YOSEMITE PARK HEADQUARTERS CA US,19930404,-9999,-9999,0.34
GHCND:USC00049855,YOSEMITE PARK HEADQUARTERS CA US,19930405,-9999,-9999,0.01
GHCND:USC00049855,YOSEMITE PARK HEADQUARTERS CA US,19930406,-9999,-9999,0
GHCND:USC00049855,YOSEMITE PARK HEADQUARTERS CA US,19930407,-9999,-9999,0
GHCND:USC00049855,YOSEMITE PARK HEADQUARTERS CA US,19930408,-9999,-9999,0
GHCND:USC00049855,YOSEMITE PARK HEADQUARTERS CA US,19930409,-9999,-9999,0
GHCND:USC00049855,YOSEMITE PARK HEADQUARTERS CA US,19930410,-9999,-9999,0
GHCND:USC00049855,YOSEMITE PARK HEADQUARTERS CA US,19930411,-9999,-9999,0
GHCND:USC00049855,YOSEMITE PARK HEADQUARTERS CA US,19930412,-9999,-9999,0
GHCND:USC00049855,YOSEMITE PARK HEADQUARTERS CA US,19930413,-9999,-9999,0
GHCND:USC00049855,YOSEMITE PARK HEADQUARTERS CA US,19930414,-9999,-9999,0
GHCND:USC00049855,YOSEMITE PARK HEADQUARTERS CA US,19930415,-9999,-9999,0
GHCND:USC00049855,YOSEMITE PARK HEADQUARTERS CA US,19930416,-9999,-9999,0
GHCND:USC00049855,YOSEMITE PARK HEADQUARTERS CA US,19930417,-9999,-9999,0
GHCND:USC00049855,YOSEMITE PARK HEADQUARTERS CA US,19930418,-9999,-9999,0.76
GHCND:USC00049855,YOSEMITE PARK HEADQUARTERS CA US,19930419,-9999,-9999,0
GHCND:USC00049855,YOSEMITE PARK HEADQUARTERS CA US,19930420,-9999,-9999,0
GHCND:USC00049855,YOSEMITE PARK HEADQUARTERS CA US,19930421,-9999,-9999,0
GHCND:USC00049855,YOSEMITE PARK HEADQUARTERS CA US,19930422,-9999,-9999,0
GHCND:USC00049855,YOSEMITE PARK HEADQUARTERS CA US,19930423,-9999,-9999,0
GHCND:USC00049855,YOSEMITE PARK HEADQUARTERS CA US,19930424,-9999,-9999,0.06
GHCND:USC00049855,YOSEMITE PARK HEADQUARTERS CA US,19930425,-9999,-9999,0
GHCND:USC00049855,YOSEMITE PARK HEADQUARTERS CA US,19930426,-9999,-9999,0
GHCND:USC00049855,YOSEMITE PARK HEADQUARTERS CA US,19930427,-9999,-9999,0
GHCND:USC00049855,YOSEMITE PARK HEADQUARTERS CA US,19930428,-9999,-9999,0
GHCND:USC00049855,YOSEMITE PARK HEADQUARTERS CA US,19930429,-9999,-9999,0
GHCND:USC00049855,YOSEMITE PARK HEADQUARTERS CA US,19930430,-9999,-9999,0
GHCND:USC00049855,YOSEMITE PARK HEADQUARTERS CA US,19930501,-9999,-9999,0
GHCND:USC00049855,YOSEMITE PARK HEADQUARTERS CA US,19930502,-9999,-9999,0
GHCND:USC00049855,YOSEMITE PARK HEADQUARTERS CA US,19930503,-9999,-9999,0
GHCND:USC00049855,YOSEMITE PARK HEADQUARTERS CA US,19930504,-9999,-9999,0
GHCND:USC00049855,YOSEMITE PARK HEADQUARTERS CA US,19930505,-9999,-9999,0
GHCND:USC00049855,YOSEMITE PARK HEADQUARTERS CA US,19930506,-9999,-9999,0
GHCND:USC00049855,YOSEMITE PARK HEADQUARTERS CA US,19930507,-9999,-9999,0
GHCND:USC00049855,YOSEMITE PARK HEADQUARTERS CA US,19930508,-9999,-9999,0
GHCND:USC00049855,YOSEMITE PARK HEADQUARTERS CA US,19930509,-9999,-9999,0
GHCND:USC00049855,YOSEMITE PARK HEADQUARTERS CA US,19930510,-9999,-9999,0
GHCND:USC00049855,YOSEMITE PARK HEADQUARTERS CA US,19930511,-9999,-9999,0
GHCND:USC00049855,YOSEMITE PARK HEADQUARTERS CA US,19930512,-9999,-9999,0
GHCND:USC00049855,YOSEMITE PARK HEADQUARTERS CA US,19930513,-9999,-9999,0
GHCND:USC00049855,YOSEMITE PARK HEADQUARTERS CA US,19930514,-9999,-9999,0
GHCND:USC00049855,YOSEMITE PARK HEADQUARTERS CA US,19930515,-9999,-9999,0
GHCND:USC00049855,YOSEMITE PARK HEADQUARTERS CA US,19930516,-9999,-9999,0
GHCND:USC00049855,YOSEMITE PARK HEADQUARTERS CA US,19930517,-9999,-9999,0
GHCND:USC00049855,YOSEMITE PARK HEADQUARTERS CA US,19930518,-9999,-9999,0
GHCND:USC00049855,YOSEMITE PARK HEADQUARTERS CA US,19930519,-9999,-9999,0
GHCND:USC00049855,YOSEMITE PARK HEADQUARTERS CA US,19930520,-9999,-9999,0
GHCND:USC00049855,YOSEMITE PARK HEADQUARTERS CA US,19930521,-9999,-9999,0
GHCND:USC00049855,YOSEMITE PARK HEADQUARTERS CA US,19930522,-9999,-9999,0
GHCND:USC00049855,YOSEMITE PARK HEADQUARTERS CA US,19930523,-9999,-9999,0
GHCND:USC00049855,YOSEMITE PARK HEADQUARTERS CA US,19930524,-9999,-9999,0.33
GHCND:USC00049855,YOSEMITE PARK HEADQUARTERS CA US,19930525,-9999,-9999,0.01
GHCND:USC00049855,YOSEMITE PARK HEADQUARTERS CA US,19930526,-9999,-9999,0
GHCND:USC00049855,YOSEMITE PARK HEADQUARTERS CA US,19930527,-9999,-9999,0
GHCND:USC00049855,YOSEMITE PARK HEADQUARTERS CA US,19930528,-9999,-9999,0
GHCND:USC00049855,YOSEMITE PARK HEADQUARTERS CA US,19930529,-9999,-9999,0
GHCND:USC00049855,YOSEMITE PARK HEADQUARTERS CA US,19930530,-9999,-9999,0
GHCND:USC00049855,YOSEMITE PARK HEADQUARTERS CA US,19930531,-9999,-9999,1.43
GHCND:USC00049855,YOSEMITE PARK HEADQUARTERS CA US,19930601,-9999,-9999,0
GHCND:USC00049855,YOSEMITE PARK HEADQUARTERS CA US,19930602,-9999,-9999,0
GHCND:USC00049855,YOSEMITE PARK HEADQUARTERS CA US,19930603,-9999,-9999,0
GHCND:USC00049855,YOSEMITE PARK HEADQUARTERS CA US,19930604,-9999,-9999,0
GHCND:USC00049855,YOSEMITE PARK HEADQUARTERS CA US,19930605,-9999,-9999,0.4
GHCND:USC00049855,YOSEMITE PARK HEADQUARTERS CA US,19930606,-9999,-9999,0.66
GHCND:USC00049855,YOSEMITE PARK HEADQUARTERS CA US,19930607,-9999,-9999,0.13
GHCND:USC00049855,YOSEMITE PARK HEADQUARTERS CA US,19930608,-9999,-9999,0
GHCND:USC00049855,YOSEMITE PARK HEADQUARTERS CA US,19930609,-9999,-9999,0
GHCND:USC00049855,YOSEMITE PARK HEADQUARTERS CA US,19930610,-9999,-9999,0
GHCND:USC00049855,YOSEMITE PARK HEADQUARTERS CA US,19930611,-9999,-9999,0
GHCND:USC00049855,YOSEMITE PARK HEADQUARTERS CA US,19930612,-9999,-9999,0
GHCND:USC00049855,YOSEMITE PARK HEADQUARTERS CA US,19930613,-9999,-9999,0
GHCND:USC00049855,YOSEMITE PARK HEADQUARTERS CA US,19930614,-9999,-9999,0
GHCND:USC00049855,YOSEMITE PARK HEADQUARTERS CA US,19930615,-9999,-9999,0
GHCND:USC00049855,YOSEMITE PARK HEADQUARTERS CA US,19930616,-9999,-9999,0
GHCND:USC00049855,YOSEMITE PARK HEADQUARTERS CA US,19930617,-9999,-9999,0
GHCND:USC00049855,YOSEMITE PARK HEADQUARTERS CA US,19930618,-9999,-9999,0
GHCND:USC00049855,YOSEMITE PARK HEADQUARTERS CA US,19930619,-9999,-9999,0
GHCND:USC00049855,YOSEMITE PARK HEADQUARTERS CA US,19930621,0.52,2,-9999
GHCND:USC00049855,YOSEMITE PARK HEADQUARTERS CA US,19930622,-9999,-9999,0
GHCND:USC00049855,YOSEMITE PARK HEADQUARTERS CA US,19930623,-9999,-9999,0
GHCND:USC00049855,YOSEMITE PARK HEADQUARTERS CA US,19930624,-9999,-9999,0
GHCND:USC00049855,YOSEMITE PARK HEADQUARTERS CA US,19930625,-9999,-9999,0
GHCND:USC00049855,YOSEMITE PARK HEADQUARTERS CA US,19930626,-9999,-9999,0
GHCND:USC00049855,YOSEMITE PARK HEADQUARTERS CA US,19930627,-9999,-9999,0
GHCND:USC00049855,YOSEMITE PARK HEADQUARTERS CA US,19930628,-9999,-9999,0
GHCND:USC00049855,YOSEMITE PARK HEADQUARTERS CA US,19930629,-9999,-9999,0
GHCND:USC00049855,YOSEMITE PARK HEADQUARTERS CA US,19930630,-9999,-9999,0
GHCND:USC00049855,YOSEMITE PARK HEADQUARTERS CA US,19930701,-9999,-9999,0
GHCND:USC00049855,YOSEMITE PARK HEADQUARTERS CA US,19930702,-9999,-9999,0
GHCND:USC00049855,YOSEMITE PARK HEADQUARTERS CA US,19930703,-9999,-9999,0
GHCND:USC00049855,YOSEMITE PARK HEADQUARTERS CA US,19930704,-9999,-9999,0
GHCND:USC00049855,YOSEMITE PARK HEADQUARTERS CA US,19930705,-9999,-9999,0
GHCND:USC00049855,YOSEMITE PARK HEADQUARTERS CA US,19930706,-9999,-9999,0
GHCND:USC00049855,YOSEMITE PARK HEADQUARTERS CA US,19930707,-9999,-9999,0
GHCND:USC00049855,YOSEMITE PARK HEADQUARTERS CA US,19930708,-9999,-9999,0
GHCND:USC00049855,YOSEMITE PARK HEADQUARTERS CA US,19930709,-9999,-9999,0
GHCND:USC00049855,YOSEMITE PARK HEADQUARTERS CA US,19930710,-9999,-9999,0
GHCND:USC00049855,YOSEMITE PARK HEADQUARTERS CA US,19930711,-9999,-9999,0
GHCND:USC00049855,YOSEMITE PARK HEADQUARTERS CA US,19930712,-9999,-9999,0
GHCND:USC00049855,YOSEMITE PARK HEADQUARTERS CA US,19930713,-9999,-9999,0
GHCND:USC00049855,YOSEMITE PARK HEADQUARTERS CA US,19930714,-9999,-9999,0
GHCND:USC00049855,YOSEMITE PARK HEADQUARTERS CA US,19930715,-9999,-9999,0
GHCND:USC00049855,YOSEMITE PARK HEADQUARTERS CA US,19930716,-9999,-9999,0
GHCND:USC00049855,YOSEMITE PARK HEADQUARTERS CA US,19930717,-9999,-9999,0
GHCND:USC00049855,YOSEMITE PARK HEADQUARTERS CA US,19930718,-9999,-9999,0
GHCND:USC00049855,YOSEMITE PARK HEADQUARTERS CA US,19930719,-9999,-9999,0
GHCND:USC00049855,YOSEMITE PARK HEADQUARTERS CA US,19930720,-9999,-9999,0
GHCND:USC00049855,YOSEMITE PARK HEADQUARTERS CA US,19930721,-9999,-9999,0
GHCND:USC00049855,YOSEMITE PARK HEADQUARTERS CA US,19930722,-9999,-9999,0
GHCND:USC00049855,YOSEMITE PARK HEADQUARTERS CA US,19930723,-9999,-9999,0
GHCND:USC00049855,YOSEMITE PARK HEADQUARTERS CA US,19930724,-9999,-9999,0
GHCND:USC00049855,YOSEMITE PARK HEADQUARTERS CA US,19930725,-9999,-9999,0
GHCND:USC00049855,YOSEMITE PARK HEADQUARTERS CA US,19930726,-9999,-9999,0
GHCND:USC00049855,YOSEMITE PARK HEADQUARTERS CA US,19930727,-9999,-9999,0
GHCND:USC00049855,YOSEMITE PARK HEADQUARTERS CA US,19930728,-9999,-9999,0
GHCND:USC00049855,YOSEMITE PARK HEADQUARTERS CA US,19930729,-9999,-9999,0
GHCND:USC00049855,YOSEMITE PARK HEADQUARTERS CA US,19930730,-9999,-9999,0
GHCND:USC00049855,YOSEMITE PARK HEADQUARTERS CA US,19930731,-9999,-9999,0
GHCND:USC00049855,YOSEMITE PARK HEADQUARTERS CA US,19930801,-9999,-9999,0
GHCND:USC00049855,YOSEMITE PARK HEADQUARTERS CA US,19930802,-9999,-9999,0
GHCND:USC00049855,YOSEMITE PARK HEADQUARTERS CA US,19930803,-9999,-9999,0
GHCND:USC00049855,YOSEMITE PARK HEADQUARTERS CA US,19930804,-9999,-9999,0
GHCND:USC00049855,YOSEMITE PARK HEADQUARTERS CA US,19930805,-9999,-9999,0
GHCND:USC00049855,YOSEMITE PARK HEADQUARTERS CA US,19930806,-9999,-9999,0
GHCND:USC00049855,YOSEMITE PARK HEADQUARTERS CA US,19930807,-9999,-9999,0
GHCND:USC00049855,YOSEMITE PARK HEADQUARTERS CA US,19930808,-9999,-9999,0
GHCND:USC00049855,YOSEMITE PARK HEADQUARTERS CA US,19930809,-9999,-9999,0
GHCND:USC00049855,YOSEMITE PARK HEADQUARTERS CA US,19930810,-9999,-9999,0
GHCND:USC00049855,YOSEMITE PARK HEADQUARTERS CA US,19930811,-9999,-9999,0
GHCND:USC00049855,YOSEMITE PARK HEADQUARTERS CA US,19930812,-9999,-9999,0
GHCND:USC00049855,YOSEMITE PARK HEADQUARTERS CA US,19930813,-9999,-9999,0
GHCND:USC00049855,YOSEMITE PARK HEADQUARTERS CA US,19930814,-9999,-9999,0
GHCND:USC00049855,YOSEMITE PARK HEADQUARTERS CA US,19930815,-9999,-9999,0
GHCND:USC00049855,YOSEMITE PARK HEADQUARTERS CA US,19930816,-9999,-9999,0
GHCND:USC00049855,YOSEMITE PARK HEADQUARTERS CA US,19930817,-9999,-9999,0
GHCND:USC00049855,YOSEMITE PARK HEADQUARTERS CA US,19930818,-9999,-9999,0
GHCND:USC00049855,YOSEMITE PARK HEADQUARTERS CA US,19930819,-9999,-9999,0
GHCND:USC00049855,YOSEMITE PARK HEADQUARTERS CA US,19930820,-9999,-9999,0
GHCND:USC00049855,YOSEMITE PARK HEADQUARTERS CA US,19930821,-9999,-9999,0
GHCND:USC00049855,YOSEMITE PARK HEADQUARTERS CA US,19930822,-9999,-9999,0
GHCND:USC00049855,YOSEMITE PARK HEADQUARTERS CA US,19930823,-9999,-9999,0
GHCND:USC00049855,YOSEMITE PARK HEADQUARTERS CA US,19930824,-9999,-9999,0
GHCND:USC00049855,YOSEMITE PARK HEADQUARTERS CA US,19930825,-9999,-9999,0
GHCND:USC00049855,YOSEMITE PARK HEADQUARTERS CA US,19930826,-9999,-9999,0
GHCND:USC00049855,YOSEMITE PARK HEADQUARTERS CA US,19930827,-9999,-9999,0
GHCND:USC00049855,YOSEMITE PARK HEADQUARTERS CA US,19930828,-9999,-9999,0
GHCND:USC00049855,YOSEMITE PARK HEADQUARTERS CA US,19930829,-9999,-9999,0
GHCND:USC00049855,YOSEMITE PARK HEADQUARTERS CA US,19930830,-9999,-9999,0
GHCND:USC00049855,YOSEMITE PARK HEADQUARTERS CA US,19930831,-9999,-9999,0
GHCND:USC00049855,YOSEMITE PARK HEADQUARTERS CA US,19930901,-9999,-9999,0
GHCND:USC00049855,YOSEMITE PARK HEADQUARTERS CA US,19930902,-9999,-9999,0
GHCND:USC00049855,YOSEMITE PARK HEADQUARTERS CA US,19930903,-9999,-9999,0
GHCND:USC00049855,YOSEMITE PARK HEADQUARTERS CA US,19930904,-9999,-9999,0
GHCND:USC00049855,YOSEMITE PARK HEADQUARTERS CA US,19930905,-9999,-9999,0
GHCND:USC00049855,YOSEMITE PARK HEADQUARTERS CA US,19930906,-9999,-9999,0
GHCND:USC00049855,YOSEMITE PARK HEADQUARTERS CA US,19930907,-9999,-9999,0
GHCND:USC00049855,YOSEMITE PARK HEADQUARTERS CA US,19930908,-9999,-9999,0
GHCND:USC00049855,YOSEMITE PARK HEADQUARTERS CA US,19930909,-9999,-9999,0
GHCND:USC00049855,YOSEMITE PARK HEADQUARTERS CA US,19930910,-9999,-9999,0
GHCND:USC00049855,YOSEMITE PARK HEADQUARTERS CA US,19930911,-9999,-9999,0
GHCND:USC00049855,YOSEMITE PARK HEADQUARTERS CA US,19930912,-9999,-9999,0
GHCND:USC00049855,YOSEMITE PARK HEADQUARTERS CA US,19930913,-9999,-9999,0
GHCND:USC00049855,YOSEMITE PARK HEADQUARTERS CA US,19930914,-9999,-9999,0
GHCND:USC00049855,YOSEMITE PARK HEADQUARTERS CA US,19930915,-9999,-9999,0
GHCND:USC00049855,YOSEMITE PARK HEADQUARTERS CA US,19930916,-9999,-9999,0
GHCND:USC00049855,YOSEMITE PARK HEADQUARTERS CA US,19930917,-9999,-9999,0
GHCND:USC00049855,YOSEMITE PARK HEADQUARTERS CA US,19930918,-9999,-9999,0
GHCND:USC00049855,YOSEMITE PARK HEADQUARTERS CA US,19930919,-9999,-9999,0
GHCND:USC00049855,YOSEMITE PARK HEADQUARTERS CA US,19930920,-9999,-9999,0
GHCND:USC00049855,YOSEMITE PARK HEADQUARTERS CA US,19930921,-9999,-9999,0
GHCND:USC00049855,YOSEMITE PARK HEADQUARTERS CA US,19930922,-9999,-9999,0
GHCND:USC00049855,YOSEMITE PARK HEADQUARTERS CA US,19930923,-9999,-9999,0
GHCND:USC00049855,YOSEMITE PARK HEADQUARTERS CA US,19930924,-9999,-9999,0
GHCND:USC00049855,YOSEMITE PARK HEADQUARTERS CA US,19930925,-9999,-9999,0
GHCND:USC00049855,YOSEMITE PARK HEADQUARTERS CA US,19930926,-9999,-9999,0
GHCND:USC00049855,YOSEMITE PARK HEADQUARTERS CA US,19930927,-9999,-9999,0
GHCND:USC00049855,YOSEMITE PARK HEADQUARTERS CA US,19930928,-9999,-9999,0
GHCND:USC00049855,YOSEMITE PARK HEADQUARTERS CA US,19930929,-9999,-9999,0
GHCND:USC00049855,YOSEMITE PARK HEADQUARTERS CA US,19930930,-9999,-9999,0
GHCND:USC00049855,YOSEMITE PARK HEADQUARTERS CA US,19931001,-9999,-9999,0
GHCND:USC00049855,YOSEMITE PARK HEADQUARTERS CA US,19931002,-9999,-9999,0
GHCND:USC00049855,YOSEMITE PARK HEADQUARTERS CA US,19931003,-9999,-9999,0
GHCND:USC00049855,YOSEMITE PARK HEADQUARTERS CA US,19931004,-9999,-9999,0
GHCND:USC00049855,YOSEMITE PARK HEADQUARTERS CA US,19931005,-9999,-9999,0.01
GHCND:USC00049855,YOSEMITE PARK HEADQUARTERS CA US,19931006,-9999,-9999,0
GHCND:USC00049855,YOSEMITE PARK HEADQUARTERS CA US,19931007,-9999,-9999,0
GHCND:USC00049855,YOSEMITE PARK HEADQUARTERS CA US,19931008,-9999,-9999,0
GHCND:USC00049855,YOSEMITE PARK HEADQUARTERS CA US,19931009,-9999,-9999,0
GHCND:USC00049855,YOSEMITE PARK HEADQUARTERS CA US,19931010,-9999,-9999,0
GHCND:USC00049855,YOSEMITE PARK HEADQUARTERS CA US,19931011,-9999,-9999,0.2
GHCND:USC00049855,YOSEMITE PARK HEADQUARTERS CA US,19931012,-9999,-9999,0
GHCND:USC00049855,YOSEMITE PARK HEADQUARTERS CA US,19931013,-9999,-9999,0.02
GHCND:USC00049855,YOSEMITE PARK HEADQUARTERS CA US,19931014,-9999,-9999,0
GHCND:USC00049855,YOSEMITE PARK HEADQUARTERS CA US,19931015,-9999,-9999,0.25
GHCND:USC00049855,YOSEMITE PARK HEADQUARTERS CA US,19931016,-9999,-9999,0.53
GHCND:USC00049855,YOSEMITE PARK HEADQUARTERS CA US,19931017,-9999,-9999,0.4
GHCND:USC00049855,YOSEMITE PARK HEADQUARTERS CA US,19931018,-9999,-9999,0.03
GHCND:USC00049855,YOSEMITE PARK HEADQUARTERS CA US,19931019,-9999,-9999,0
GHCND:USC00049855,YOSEMITE PARK HEADQUARTERS CA US,19931020,-9999,-9999,0
GHCND:USC00049855,YOSEMITE PARK HEADQUARTERS CA US,19931021,-9999,-9999,0
GHCND:USC00049855,YOSEMITE PARK HEADQUARTERS CA US,19931022,-9999,-9999,0
GHCND:USC00049855,YOSEMITE PARK HEADQUARTERS CA US,19931023,-9999,-9999,0
GHCND:USC00049855,YOSEMITE PARK HEADQUARTERS CA US,19931024,-9999,-9999,0
GHCND:USC00049855,YOSEMITE PARK HEADQUARTERS CA US,19931025,-9999,-9999,0
GHCND:USC00049855,YOSEMITE PARK HEADQUARTERS CA US,19931026,-9999,-9999,0
GHCND:USC00049855,YOSEMITE PARK HEADQUARTERS CA US,19931027,-9999,-9999,0
GHCND:USC00049855,YOSEMITE PARK HEADQUARTERS CA US,19931028,-9999,-9999,0
GHCND:USC00049855,YOSEMITE PARK HEADQUARTERS CA US,19931029,-9999,-9999,0
GHCND:USC00049855,YOSEMITE PARK HEADQUARTERS CA US,19931030,-9999,-9999,0
GHCND:USC00049855,YOSEMITE PARK HEADQUARTERS CA US,19931031,-9999,-9999,0
GHCND:USC00049855,YOSEMITE PARK HEADQUARTERS CA US,19931101,-9999,-9999,0
GHCND:USC00049855,YOSEMITE PARK HEADQUARTERS CA US,19931102,-9999,-9999,0
GHCND:USC00049855,YOSEMITE PARK HEADQUARTERS CA US,19931103,-9999,-9999,0
GHCND:USC00049855,YOSEMITE PARK HEADQUARTERS CA US,19931104,-9999,-9999,0
GHCND:USC00049855,YOSEMITE PARK HEADQUARTERS CA US,19931105,-9999,-9999,0
GHCND:USC00049855,YOSEMITE PARK HEADQUARTERS CA US,19931106,-9999,-9999,0
GHCND:USC00049855,YOSEMITE PARK HEADQUARTERS CA US,19931107,-9999,-9999,0
GHCND:USC00049855,YOSEMITE PARK HEADQUARTERS CA US,19931108,-9999,-9999,0
GHCND:USC00049855,YOSEMITE PARK HEADQUARTERS CA US,19931109,-9999,-9999,0
GHCND:USC00049855,YOSEMITE PARK HEADQUARTERS CA US,19931110,-9999,-9999,0
GHCND:USC00049855,YOSEMITE PARK HEADQUARTERS CA US,19931111,-9999,-9999,0.15
GHCND:USC00049855,YOSEMITE PARK HEADQUARTERS CA US,19931112,-9999,-9999,0.52
GHCND:USC00049855,YOSEMITE PARK HEADQUARTERS CA US,19931113,-9999,-9999,0
GHCND:USC00049855,YOSEMITE PARK HEADQUARTERS CA US,19931114,-9999,-9999,0
GHCND:USC00049855,YOSEMITE PARK HEADQUARTERS CA US,19931115,-9999,-9999,0
GHCND:USC00049855,YOSEMITE PARK HEADQUARTERS CA US,19931116,-9999,-9999,0
GHCND:USC00049855,YOSEMITE PARK HEADQUARTERS CA US,19931117,-9999,-9999,0
GHCND:USC00049855,YOSEMITE PARK HEADQUARTERS CA US,19931118,-9999,-9999,0
GHCND:USC00049855,YOSEMITE PARK HEADQUARTERS CA US,19931119,-9999,-9999,0
GHCND:USC00049855,YOSEMITE PARK HEADQUARTERS CA US,19931120,-9999,-9999,0
GHCND:USC00049855,YOSEMITE PARK HEADQUARTERS CA US,19931121,-9999,-9999,0
GHCND:USC00049855,YOSEMITE PARK HEADQUARTERS CA US,19931122,-9999,-9999,0.01
GHCND:USC00049855,YOSEMITE PARK HEADQUARTERS CA US,19931123,-9999,-9999,0.09
GHCND:USC00049855,YOSEMITE PARK HEADQUARTERS CA US,19931124,-9999,-9999,0
GHCND:USC00049855,YOSEMITE PARK HEADQUARTERS CA US,19931125,-9999,-9999,0
GHCND:USC00049855,YOSEMITE PARK HEADQUARTERS CA US,19931126,-9999,-9999,0
GHCND:USC00049855,YOSEMITE PARK HEADQUARTERS CA US,19931127,-9999,-9999,0
GHCND:USC00049855,YOSEMITE PARK HEADQUARTERS CA US,19931128,-9999,-9999,0
GHCND:USC00049855,YOSEMITE PARK HEADQUARTERS CA US,19931129,-9999,-9999,0.06
GHCND:USC00049855,YOSEMITE PARK HEADQUARTERS CA US,19931130,-9999,-9999,1.11
GHCND:USC00049855,YOSEMITE PARK HEADQUARTERS CA US,19931201,-9999,-9999,0
GHCND:USC00049855,YOSEMITE PARK HEADQUARTERS CA US,19931202,-9999,-9999,0
GHCND:USC00049855,YOSEMITE PARK HEADQUARTERS CA US,19931203,-9999,-9999,0
GHCND:USC00049855,YOSEMITE PARK HEADQUARTERS CA US,19931204,-9999,-9999,0
GHCND:USC00049855,YOSEMITE PARK HEADQUARTERS CA US,19931205,-9999,-9999,0
GHCND:USC00049855,YOSEMITE PARK HEADQUARTERS CA US,19931206,-9999,-9999,0
GHCND:USC00049855,YOSEMITE PARK HEADQUARTERS CA US,19931207,-9999,-9999,0
GHCND:USC00049855,YOSEMITE PARK HEADQUARTERS CA US,19931208,-9999,-9999,0
GHCND:USC00049855,YOSEMITE PARK HEADQUARTERS CA US,19931209,-9999,-9999,0.09
GHCND:USC00049855,YOSEMITE PARK HEADQUARTERS CA US,19931210,-9999,-9999,0
GHCND:USC00049855,YOSEMITE PARK HEADQUARTERS CA US,19931211,-9999,-9999,0
GHCND:USC00049855,YOSEMITE PARK HEADQUARTERS CA US,19931212,-9999,-9999,2.07
GHCND:USC00049855,YOSEMITE PARK HEADQUARTERS CA US,19931213,-9999,-9999,0
GHCND:USC00049855,YOSEMITE PARK HEADQUARTERS CA US,19931214,-9999,-9999,0
GHCND:USC00049855,YOSEMITE PARK HEADQUARTERS CA US,19931215,-9999,-9999,0
GHCND:USC00049855,YOSEMITE PARK HEADQUARTERS CA US,19931216,-9999,-9999,0
GHCND:USC00049855,YOSEMITE PARK HEADQUARTERS CA US,19931217,-9999,-9999,0
GHCND:USC00049855,YOSEMITE PARK HEADQUARTERS CA US,19931219,-9999,-9999,0
GHCND:USC00049855,YOSEMITE PARK HEADQUARTERS CA US,19931220,-9999,-9999,0
GHCND:USC00049855,YOSEMITE PARK HEADQUARTERS CA US,19931221,-9999,-9999,0
GHCND:USC00049855,YOSEMITE PARK HEADQUARTERS CA US,19931222,-9999,-9999,0
GHCND:USC00049855,YOSEMITE PARK HEADQUARTERS CA US,19931223,-9999,-9999,0
GHCND:USC00049855,YOSEMITE PARK HEADQUARTERS CA US,19931224,-9999,-9999,0
GHCND:USC00049855,YOSEMITE PARK HEADQUARTERS CA US,19931225,-9999,-9999,0
GHCND:USC00049855,YOSEMITE PARK HEADQUARTERS CA US,19931227,-9999,-9999,0
GHCND:USC00049855,YOSEMITE PARK HEADQUARTERS CA US,19931228,-9999,-9999,0
GHCND:USC00049855,YOSEMITE PARK HEADQUARTERS CA US,19931229,-9999,-9999,0
GHCND:USC00049855,YOSEMITE PARK HEADQUARTERS CA US,19931230,-9999,-9999,0
GHCND:USC00049855,YOSEMITE PARK HEADQUARTERS CA US,19931231,-9999,-9999,0
GHCND:USC00049855,YOSEMITE PARK HEADQUARTERS CA US,19940101,-9999,-9999,0
GHCND:USC00049855,YOSEMITE PARK HEADQUARTERS CA US,19940102,-9999,-9999,0
GHCND:USC00049855,YOSEMITE PARK HEADQUARTERS CA US,19940103,-9999,-9999,0
GHCND:USC00049855,YOSEMITE PARK HEADQUARTERS CA US,19940104,-9999,-9999,0.37
GHCND:USC00049855,YOSEMITE PARK HEADQUARTERS CA US,19940105,-9999,-9999,0
GHCND:USC00049855,YOSEMITE PARK HEADQUARTERS CA US,19940106,-9999,-9999,0
GHCND:USC00049855,YOSEMITE PARK HEADQUARTERS CA US,19940107,-9999,-9999,0
GHCND:USC00049855,YOSEMITE PARK HEADQUARTERS CA US,19940108,-9999,-9999,0
GHCND:USC00049855,YOSEMITE PARK HEADQUARTERS CA US,19940109,-9999,-9999,0
GHCND:USC00049855,YOSEMITE PARK HEADQUARTERS CA US,19940110,-9999,-9999,0
GHCND:USC00049855,YOSEMITE PARK HEADQUARTERS CA US,19940111,-9999,-9999,0
GHCND:USC00049855,YOSEMITE PARK HEADQUARTERS CA US,19940112,-9999,-9999,0
GHCND:USC00049855,YOSEMITE PARK HEADQUARTERS CA US,19940113,-9999,-9999,0
GHCND:USC00049855,YOSEMITE PARK HEADQUARTERS CA US,19940114,-9999,-9999,0
GHCND:USC00049855,YOSEMITE PARK HEADQUARTERS CA US,19940115,-9999,-9999,0
GHCND:USC00049855,YOSEMITE PARK HEADQUARTERS CA US,19940116,-9999,-9999,0
GHCND:USC00049855,YOSEMITE PARK HEADQUARTERS CA US,19940117,-9999,-9999,0
GHCND:USC00049855,YOSEMITE PARK HEADQUARTERS CA US,19940118,-9999,-9999,0
GHCND:USC00049855,YOSEMITE PARK HEADQUARTERS CA US,19940119,-9999,-9999,0
GHCND:USC00049855,YOSEMITE PARK HEADQUARTERS CA US,19940120,-9999,-9999,0
GHCND:USC00049855,YOSEMITE PARK HEADQUARTERS CA US,19940121,-9999,-9999,0
GHCND:USC00049855,YOSEMITE PARK HEADQUARTERS CA US,19940122,-9999,-9999,0.02
GHCND:USC00049855,YOSEMITE PARK HEADQUARTERS CA US,19940123,-9999,-9999,0.35
GHCND:USC00049855,YOSEMITE PARK HEADQUARTERS CA US,19940124,-9999,-9999,0.75
GHCND:USC00049855,YOSEMITE PARK HEADQUARTERS CA US,19940126,-9999,-9999,0.42
GHCND:USC00049855,YOSEMITE PARK HEADQUARTERS CA US,19940127,-9999,-9999,0
GHCND:USC00049855,YOSEMITE PARK HEADQUARTERS CA US,19940128,-9999,-9999,0
GHCND:USC00049855,YOSEMITE PARK HEADQUARTERS CA US,19940129,-9999,-9999,0
GHCND:USC00049855,YOSEMITE PARK HEADQUARTERS CA US,19940130,-9999,-9999,0
GHCND:USC00049855,YOSEMITE PARK HEADQUARTERS CA US,19940131,-9999,-9999,0
GHCND:USC00049855,YOSEMITE PARK HEADQUARTERS CA US,19940201,-9999,-9999,0
GHCND:USC00049855,YOSEMITE PARK HEADQUARTERS CA US,19940202,-9999,-9999,0
GHCND:USC00049855,YOSEMITE PARK HEADQUARTERS CA US,19940203,-9999,-9999,0
GHCND:USC00049855,YOSEMITE PARK HEADQUARTERS CA US,19940204,-9999,-9999,0
GHCND:USC00049855,YOSEMITE PARK HEADQUARTERS CA US,19940205,-9999,-9999,0
GHCND:USC00049855,YOSEMITE PARK HEADQUARTERS CA US,19940206,-9999,-9999,0.6
GHCND:USC00049855,YOSEMITE PARK HEADQUARTERS CA US,19940207,-9999,-9999,0.99
GHCND:USC00049855,YOSEMITE PARK HEADQUARTERS CA US,19940208,-9999,-9999,0.06
GHCND:USC00049855,YOSEMITE PARK HEADQUARTERS CA US,19940209,-9999,-9999,0
GHCND:USC00049855,YOSEMITE PARK HEADQUARTERS CA US,19940210,-9999,-9999,0.03
GHCND:USC00049855,YOSEMITE PARK HEADQUARTERS CA US,19940211,-9999,-9999,0.55
GHCND:USC00049855,YOSEMITE PARK HEADQUARTERS CA US,19940212,-9999,-9999,0
GHCND:USC00049855,YOSEMITE PARK HEADQUARTERS CA US,19940213,-9999,-9999,0
GHCND:USC00049855,YOSEMITE PARK HEADQUARTERS CA US,19940214,-9999,-9999,0
GHCND:USC00049855,YOSEMITE PARK HEADQUARTERS CA US,19940215,-9999,-9999,0
GHCND:USC00049855,YOSEMITE PARK HEADQUARTERS CA US,19940216,-9999,-9999,0
GHCND:USC00049855,YOSEMITE PARK HEADQUARTERS CA US,19940217,-9999,-9999,1.01
GHCND:USC00049855,YOSEMITE PARK HEADQUARTERS CA US,19940218,-9999,-9999,1.4
GHCND:USC00049855,YOSEMITE PARK HEADQUARTERS CA US,19940219,-9999,-9999,0.25
GHCND:USC00049855,YOSEMITE PARK HEADQUARTERS CA US,19940220,-9999,-9999,0.73
GHCND:USC00049855,YOSEMITE PARK HEADQUARTERS CA US,19940221,-9999,-9999,0.03
GHCND:USC00049855,YOSEMITE PARK HEADQUARTERS CA US,19940222,-9999,-9999,0
GHCND:USC00049855,YOSEMITE PARK HEADQUARTERS CA US,19940223,-9999,-9999,0
GHCND:USC00049855,YOSEMITE PARK HEADQUARTERS CA US,19940224,-9999,-9999,0
GHCND:USC00049855,YOSEMITE PARK HEADQUARTERS CA US,19940225,-9999,-9999,0
GHCND:USC00049855,YOSEMITE PARK HEADQUARTERS CA US,19940226,-9999,-9999,0.27
GHCND:USC00049855,YOSEMITE PARK HEADQUARTERS CA US,19940227,-9999,-9999,0
GHCND:USC00049855,YOSEMITE PARK HEADQUARTERS CA US,19940228,-9999,-9999,0
GHCND:USC00049855,YOSEMITE PARK HEADQUARTERS CA US,19940301,-9999,-9999,0
GHCND:USC00049855,YOSEMITE PARK HEADQUARTERS CA US,19940302,-9999,-9999,0
GHCND:USC00049855,YOSEMITE PARK HEADQUARTERS CA US,19940303,-9999,-9999,0
GHCND:USC00049855,YOSEMITE PARK HEADQUARTERS CA US,19940304,-9999,-9999,0
GHCND:USC00049855,YOSEMITE PARK HEADQUARTERS CA US,19940305,-9999,-9999,0.19
GHCND:USC00049855,YOSEMITE PARK HEADQUARTERS CA US,19940306,-9999,-9999,0.31
GHCND:USC00049855,YOSEMITE PARK HEADQUARTERS CA US,19940307,-9999,-9999,0
GHCND:USC00049855,YOSEMITE PARK HEADQUARTERS CA US,19940308,-9999,-9999,0
GHCND:USC00049855,YOSEMITE PARK HEADQUARTERS CA US,19940309,-9999,-9999,0
GHCND:USC00049855,YOSEMITE PARK HEADQUARTERS CA US,19940310,-9999,-9999,0
GHCND:USC00049855,YOSEMITE PARK HEADQUARTERS CA US,19940311,-9999,-9999,0.12
GHCND:USC00049855,YOSEMITE PARK HEADQUARTERS CA US,19940312,-9999,-9999,0
GHCND:USC00049855,YOSEMITE PARK HEADQUARTERS CA US,19940313,-9999,-9999,0
GHCND:USC00049855,YOSEMITE PARK HEADQUARTERS CA US,19940314,-9999,-9999,0
GHCND:USC00049855,YOSEMITE PARK HEADQUARTERS CA US,19940315,-9999,-9999,0
GHCND:USC00049855,YOSEMITE PARK HEADQUARTERS CA US,19940316,-9999,-9999,0
GHCND:USC00049855,YOSEMITE PARK HEADQUARTERS CA US,19940317,-9999,-9999,0
GHCND:USC00049855,YOSEMITE PARK HEADQUARTERS CA US,19940318,-9999,-9999,0.08
GHCND:USC00049855,YOSEMITE PARK HEADQUARTERS CA US,19940319,-9999,-9999,0.15
GHCND:USC00049855,YOSEMITE PARK HEADQUARTERS CA US,19940320,-9999,-9999,0
GHCND:USC00049855,YOSEMITE PARK HEADQUARTERS CA US,19940321,-9999,-9999,0
GHCND:USC00049855,YOSEMITE PARK HEADQUARTERS CA US,19940322,-9999,-9999,0
GHCND:USC00049855,YOSEMITE PARK HEADQUARTERS CA US,19940323,-9999,-9999,0
GHCND:USC00049855,YOSEMITE PARK HEADQUARTERS CA US,19940324,-9999,-9999,0.11
GHCND:USC00049855,YOSEMITE PARK HEADQUARTERS CA US,19940325,-9999,-9999,0.47
GHCND:USC00049855,YOSEMITE PARK HEADQUARTERS CA US,19940326,-9999,-9999,0
GHCND:USC00049855,YOSEMITE PARK HEADQUARTERS CA US,19940327,-9999,-9999,0
GHCND:USC00049855,YOSEMITE PARK HEADQUARTERS CA US,19940328,-9999,-9999,0
GHCND:USC00049855,YOSEMITE PARK HEADQUARTERS CA US,19940329,-9999,-9999,0
GHCND:USC00049855,YOSEMITE PARK HEADQUARTERS CA US,19940330,-9999,-9999,0
GHCND:USC00049855,YOSEMITE PARK HEADQUARTERS CA US,19940331,-9999,-9999,0
GHCND:USC00049855,YOSEMITE PARK HEADQUARTERS CA US,19940403,-9999,-9999,0.03
GHCND:USC00049855,YOSEMITE PARK HEADQUARTERS CA US,19940407,-9999,-9999,0.02
GHCND:USC00049855,YOSEMITE PARK HEADQUARTERS CA US,19940408,-9999,-9999,0.64
GHCND:USC00049855,YOSEMITE PARK HEADQUARTERS CA US,19940423,-9999,-9999,0.5
GHCND:USC00049855,YOSEMITE PARK HEADQUARTERS CA US,19940424,-9999,-9999,0.3
GHCND:USC00049855,YOSEMITE PARK HEADQUARTERS CA US,19940425,-9999,-9999,0.37
GHCND:USC00049855,YOSEMITE PARK HEADQUARTERS CA US,19940428,-9999,-9999,0.01
GHCND:USC00049855,YOSEMITE PARK HEADQUARTERS CA US,19940501,-9999,-9999,0
GHCND:USC00049855,YOSEMITE PARK HEADQUARTERS CA US,19940502,-9999,-9999,0
GHCND:USC00049855,YOSEMITE PARK HEADQUARTERS CA US,19940503,-9999,-9999,0
GHCND:USC00049855,YOSEMITE PARK HEADQUARTERS CA US,19940504,-9999,-9999,0
GHCND:USC00049855,YOSEMITE PARK HEADQUARTERS CA US,19940505,-9999,-9999,0
GHCND:USC00049855,YOSEMITE PARK HEADQUARTERS CA US,19940506,-9999,-9999,0.05
GHCND:USC00049855,YOSEMITE PARK HEADQUARTERS CA US,19940507,-9999,-9999,0.24
GHCND:USC00049855,YOSEMITE PARK HEADQUARTERS CA US,19940508,-9999,-9999,0.15
GHCND:USC00049855,YOSEMITE PARK HEADQUARTERS CA US,19940509,-9999,-9999,0
GHCND:USC00049855,YOSEMITE PARK HEADQUARTERS CA US,19940510,-9999,-9999,0
GHCND:USC00049855,YOSEMITE PARK HEADQUARTERS CA US,19940511,-9999,-9999,0
GHCND:USC00049855,YOSEMITE PARK HEADQUARTERS CA US,19940512,-9999,-9999,0
GHCND:USC00049855,YOSEMITE PARK HEADQUARTERS CA US,19940513,-9999,-9999,0
GHCND:USC00049855,YOSEMITE PARK HEADQUARTERS CA US,19940514,-9999,-9999,0
GHCND:USC00049855,YOSEMITE PARK HEADQUARTERS CA US,19940515,-9999,-9999,0
GHCND:USC00049855,YOSEMITE PARK HEADQUARTERS CA US,19940516,-9999,-9999,0.06
GHCND:USC00049855,YOSEMITE PARK HEADQUARTERS CA US,19940517,-9999,-9999,0
GHCND:USC00049855,YOSEMITE PARK HEADQUARTERS CA US,19940518,-9999,-9999,0.51
GHCND:USC00049855,YOSEMITE PARK HEADQUARTERS CA US,19940519,-9999,-9999,0.04
GHCND:USC00049855,YOSEMITE PARK HEADQUARTERS CA US,19940520,-9999,-9999,0
GHCND:USC00049855,YOSEMITE PARK HEADQUARTERS CA US,19940521,-9999,-9999,0
GHCND:USC00049855,YOSEMITE PARK HEADQUARTERS CA US,19940522,-9999,-9999,0
GHCND:USC00049855,YOSEMITE PARK HEADQUARTERS CA US,19940523,-9999,-9999,0.06
GHCND:USC00049855,YOSEMITE PARK HEADQUARTERS CA US,19940524,-9999,-9999,0
GHCND:USC00049855,YOSEMITE PARK HEADQUARTERS CA US,19940525,-9999,-9999,0.09
GHCND:USC00049855,YOSEMITE PARK HEADQUARTERS CA US,19940526,-9999,-9999,0
GHCND:USC00049855,YOSEMITE PARK HEADQUARTERS CA US,19940527,-9999,-9999,0
GHCND:USC00049855,YOSEMITE PARK HEADQUARTERS CA US,19940528,-9999,-9999,0
GHCND:USC00049855,YOSEMITE PARK HEADQUARTERS CA US,19940529,-9999,-9999,0
GHCND:USC00049855,YOSEMITE PARK HEADQUARTERS CA US,19940530,-9999,-9999,0
GHCND:USC00049855,YOSEMITE PARK HEADQUARTERS CA US,19940531,-9999,-9999,0.52
GHCND:USC00049855,YOSEMITE PARK HEADQUARTERS CA US,19940601,-9999,-9999,0
GHCND:USC00049855,YOSEMITE PARK HEADQUARTERS CA US,19940602,-9999,-9999,0
GHCND:USC00049855,YOSEMITE PARK HEADQUARTERS CA US,19940603,-9999,-9999,0
GHCND:USC00049855,YOSEMITE PARK HEADQUARTERS CA US,19940604,-9999,-9999,0
GHCND:USC00049855,YOSEMITE PARK HEADQUARTERS CA US,19940605,-9999,-9999,0
GHCND:USC00049855,YOSEMITE PARK HEADQUARTERS CA US,19940606,-9999,-9999,0
GHCND:USC00049855,YOSEMITE PARK HEADQUARTERS CA US,19940607,-9999,-9999,0
GHCND:USC00049855,YOSEMITE PARK HEADQUARTERS CA US,19940608,-9999,-9999,0
GHCND:USC00049855,YOSEMITE PARK HEADQUARTERS CA US,19940609,-9999,-9999,0
GHCND:USC00049855,YOSEMITE PARK HEADQUARTERS CA US,19940610,-9999,-9999,0
GHCND:USC00049855,YOSEMITE PARK HEADQUARTERS CA US,19940611,-9999,-9999,0
GHCND:USC00049855,YOSEMITE PARK HEADQUARTERS CA US,19940612,-9999,-9999,0
GHCND:USC00049855,YOSEMITE PARK HEADQUARTERS CA US,19940613,-9999,-9999,0
GHCND:USC00049855,YOSEMITE PARK HEADQUARTERS CA US,19940614,-9999,-9999,0
GHCND:USC00049855,YOSEMITE PARK HEADQUARTERS CA US,19940615,-9999,-9999,0
GHCND:USC00049855,YOSEMITE PARK HEADQUARTERS CA US,19940616,-9999,-9999,0
GHCND:USC00049855,YOSEMITE PARK HEADQUARTERS CA US,19940617,-9999,-9999,0
GHCND:USC00049855,YOSEMITE PARK HEADQUARTERS CA US,19940618,-9999,-9999,0
GHCND:USC00049855,YOSEMITE PARK HEADQUARTERS CA US,19940619,-9999,-9999,0
GHCND:USC00049855,YOSEMITE PARK HEADQUARTERS CA US,19940620,-9999,-9999,0
GHCND:USC00049855,YOSEMITE PARK HEADQUARTERS CA US,19940621,-9999,-9999,0
GHCND:USC00049855,YOSEMITE PARK HEADQUARTERS CA US,19940622,-9999,-9999,0
GHCND:USC00049855,YOSEMITE PARK HEADQUARTERS CA US,19940623,-9999,-9999,0
GHCND:USC00049855,YOSEMITE PARK HEADQUARTERS CA US,19940624,-9999,-9999,0
GHCND:USC00049855,YOSEMITE PARK HEADQUARTERS CA US,19940625,-9999,-9999,0
GHCND:USC00049855,YOSEMITE PARK HEADQUARTERS CA US,19940626,-9999,-9999,0
GHCND:USC00049855,YOSEMITE PARK HEADQUARTERS CA US,19940627,-9999,-9999,0
GHCND:USC00049855,YOSEMITE PARK HEADQUARTERS CA US,19940628,-9999,-9999,0
GHCND:USC00049855,YOSEMITE PARK HEADQUARTERS CA US,19940629,-9999,-9999,0
GHCND:USC00049855,YOSEMITE PARK HEADQUARTERS CA US,19940630,-9999,-9999,0
GHCND:USC00049855,YOSEMITE PARK HEADQUARTERS CA US,19940701,-9999,-9999,0
GHCND:USC00049855,YOSEMITE PARK HEADQUARTERS CA US,19940702,-9999,-9999,0
GHCND:USC00049855,YOSEMITE PARK HEADQUARTERS CA US,19940703,-9999,-9999,0
GHCND:USC00049855,YOSEMITE PARK HEADQUARTERS CA US,19940704,-9999,-9999,0
GHCND:USC00049855,YOSEMITE PARK HEADQUARTERS CA US,19940705,-9999,-9999,0
GHCND:USC00049855,YOSEMITE PARK HEADQUARTERS CA US,19940706,-9999,-9999,0
GHCND:USC00049855,YOSEMITE PARK HEADQUARTERS CA US,19940707,-9999,-9999,0
GHCND:USC00049855,YOSEMITE PARK HEADQUARTERS CA US,19940708,-9999,-9999,0
GHCND:USC00049855,YOSEMITE PARK HEADQUARTERS CA US,19940709,-9999,-9999,0
GHCND:USC00049855,YOSEMITE PARK HEADQUARTERS CA US,19940710,-9999,-9999,0
GHCND:USC00049855,YOSEMITE PARK HEADQUARTERS CA US,19940711,-9999,-9999,0
GHCND:USC00049855,YOSEMITE PARK HEADQUARTERS CA US,19940712,-9999,-9999,0
GHCND:USC00049855,YOSEMITE PARK HEADQUARTERS CA US,19940713,-9999,-9999,0
GHCND:USC00049855,YOSEMITE PARK HEADQUARTERS CA US,19940714,-9999,-9999,0
GHCND:USC00049855,YOSEMITE PARK HEADQUARTERS CA US,19940715,-9999,-9999,0
GHCND:USC00049855,YOSEMITE PARK HEADQUARTERS CA US,19940716,-9999,-9999,0
GHCND:USC00049855,YOSEMITE PARK HEADQUARTERS CA US,19940717,-9999,-9999,0
GHCND:USC00049855,YOSEMITE PARK HEADQUARTERS CA US,19940718,-9999,-9999,0
GHCND:USC00049855,YOSEMITE PARK HEADQUARTERS CA US,19940719,-9999,-9999,0
GHCND:USC00049855,YOSEMITE PARK HEADQUARTERS CA US,19940720,-9999,-9999,0
GHCND:USC00049855,YOSEMITE PARK HEADQUARTERS CA US,19940721,-9999,-9999,0
GHCND:USC00049855,YOSEMITE PARK HEADQUARTERS CA US,19940722,-9999,-9999,0
GHCND:USC00049855,YOSEMITE PARK HEADQUARTERS CA US,19940723,-9999,-9999,0
GHCND:USC00049855,YOSEMITE PARK HEADQUARTERS CA US,19940724,-9999,-9999,0
GHCND:USC00049855,YOSEMITE PARK HEADQUARTERS CA US,19940725,-9999,-9999,0
GHCND:USC00049855,YOSEMITE PARK HEADQUARTERS CA US,19940726,-9999,-9999,0
GHCND:USC00049855,YOSEMITE PARK HEADQUARTERS CA US,19940727,-9999,-9999,0
GHCND:USC00049855,YOSEMITE PARK HEADQUARTERS CA US,19940728,-9999,-9999,0
GHCND:USC00049855,YOSEMITE PARK HEADQUARTERS CA US,19940729,-9999,-9999,0
GHCND:USC00049855,YOSEMITE PARK HEADQUARTERS CA US,19940730,-9999,-9999,0
GHCND:USC00049855,YOSEMITE PARK HEADQUARTERS CA US,19940731,-9999,-9999,0
GHCND:USC00049855,YOSEMITE PARK HEADQUARTERS CA US,19940801,-9999,-9999,0
GHCND:USC00049855,YOSEMITE PARK HEADQUARTERS CA US,19940802,-9999,-9999,0
GHCND:USC00049855,YOSEMITE PARK HEADQUARTERS CA US,19940803,-9999,-9999,0
GHCND:USC00049855,YOSEMITE PARK HEADQUARTERS CA US,19940804,-9999,-9999,0
GHCND:USC00049855,YOSEMITE PARK HEADQUARTERS CA US,19940805,-9999,-9999,0
GHCND:USC00049855,YOSEMITE PARK HEADQUARTERS CA US,19940806,-9999,-9999,0
GHCND:USC00049855,YOSEMITE PARK HEADQUARTERS CA US,19940807,-9999,-9999,0
GHCND:USC00049855,YOSEMITE PARK HEADQUARTERS CA US,19940808,-9999,-9999,0
GHCND:USC00049855,YOSEMITE PARK HEADQUARTERS CA US,19940809,-9999,-9999,0
GHCND:USC00049855,YOSEMITE PARK HEADQUARTERS CA US,19940810,-9999,-9999,0
GHCND:USC00049855,YOSEMITE PARK HEADQUARTERS CA US,19940811,-9999,-9999,0
GHCND:USC00049855,YOSEMITE PARK HEADQUARTERS CA US,19940812,-9999,-9999,0
GHCND:USC00049855,YOSEMITE PARK HEADQUARTERS CA US,19940813,-9999,-9999,0
GHCND:USC00049855,YOSEMITE PARK HEADQUARTERS CA US,19940814,-9999,-9999,0
GHCND:USC00049855,YOSEMITE PARK HEADQUARTERS CA US,19940815,-9999,-9999,0
GHCND:USC00049855,YOSEMITE PARK HEADQUARTERS CA US,19940816,-9999,-9999,0
GHCND:USC00049855,YOSEMITE PARK HEADQUARTERS CA US,19940817,-9999,-9999,0
GHCND:USC00049855,YOSEMITE PARK HEADQUARTERS CA US,19940818,-9999,-9999,0
GHCND:USC00049855,YOSEMITE PARK HEADQUARTERS CA US,19940819,-9999,-9999,0
GHCND:USC00049855,YOSEMITE PARK HEADQUARTERS CA US,19940820,-9999,-9999,0
GHCND:USC00049855,YOSEMITE PARK HEADQUARTERS CA US,19940821,-9999,-9999,0
GHCND:USC00049855,YOSEMITE PARK HEADQUARTERS CA US,19940822,-9999,-9999,0
GHCND:USC00049855,YOSEMITE PARK HEADQUARTERS CA US,19940823,-9999,-9999,0
GHCND:USC00049855,YOSEMITE PARK HEADQUARTERS CA US,19940824,-9999,-9999,0
GHCND:USC00049855,YOSEMITE PARK HEADQUARTERS CA US,19940825,-9999,-9999,0
GHCND:USC00049855,YOSEMITE PARK HEADQUARTERS CA US,19940826,-9999,-9999,0
GHCND:USC00049855,YOSEMITE PARK HEADQUARTERS CA US,19940827,-9999,-9999,0
GHCND:USC00049855,YOSEMITE PARK HEADQUARTERS CA US,19940828,-9999,-9999,0
GHCND:USC00049855,YOSEMITE PARK HEADQUARTERS CA US,19940829,-9999,-9999,0
GHCND:USC00049855,YOSEMITE PARK HEADQUARTERS CA US,19940830,-9999,-9999,0
GHCND:USC00049855,YOSEMITE PARK HEADQUARTERS CA US,19940831,-9999,-9999,0
GHCND:USC00049855,YOSEMITE PARK HEADQUARTERS CA US,19940901,-9999,-9999,0
GHCND:USC00049855,YOSEMITE PARK HEADQUARTERS CA US,19940902,-9999,-9999,0
GHCND:USC00049855,YOSEMITE PARK HEADQUARTERS CA US,19940903,-9999,-9999,0
GHCND:USC00049855,YOSEMITE PARK HEADQUARTERS CA US,19940904,-9999,-9999,0
GHCND:USC00049855,YOSEMITE PARK HEADQUARTERS CA US,19940905,-9999,-9999,0
GHCND:USC00049855,YOSEMITE PARK HEADQUARTERS CA US,19940906,-9999,-9999,0
GHCND:USC00049855,YOSEMITE PARK HEADQUARTERS CA US,19940907,-9999,-9999,0
GHCND:USC00049855,YOSEMITE PARK HEADQUARTERS CA US,19940908,-9999,-9999,0
GHCND:USC00049855,YOSEMITE PARK HEADQUARTERS CA US,19940909,-9999,-9999,0
GHCND:USC00049855,YOSEMITE PARK HEADQUARTERS CA US,19940910,-9999,-9999,0
GHCND:USC00049855,YOSEMITE PARK HEADQUARTERS CA US,19940911,-9999,-9999,0
GHCND:USC00049855,YOSEMITE PARK HEADQUARTERS CA US,19940912,-9999,-9999,0.1
GHCND:USC00049855,YOSEMITE PARK HEADQUARTERS CA US,19940913,-9999,-9999,0
GHCND:USC00049855,YOSEMITE PARK HEADQUARTERS CA US,19940914,-9999,-9999,0
GHCND:USC00049855,YOSEMITE PARK HEADQUARTERS CA US,19940915,-9999,-9999,0
GHCND:USC00049855,YOSEMITE PARK HEADQUARTERS CA US,19940916,-9999,-9999,0
GHCND:USC00049855,YOSEMITE PARK HEADQUARTERS CA US,19940917,-9999,-9999,0
GHCND:USC00049855,YOSEMITE PARK HEADQUARTERS CA US,19940918,-9999,-9999,0
GHCND:USC00049855,YOSEMITE PARK HEADQUARTERS CA US,19940919,-9999,-9999,0
GHCND:USC00049855,YOSEMITE PARK HEADQUARTERS CA US,19940920,-9999,-9999,0
GHCND:USC00049855,YOSEMITE PARK HEADQUARTERS CA US,19940921,-9999,-9999,0
GHCND:USC00049855,YOSEMITE PARK HEADQUARTERS CA US,19940922,-9999,-9999,0
GHCND:USC00049855,YOSEMITE PARK HEADQUARTERS CA US,19940923,-9999,-9999,0
GHCND:USC00049855,YOSEMITE PARK HEADQUARTERS CA US,19940924,-9999,-9999,0.9
GHCND:USC00049855,YOSEMITE PARK HEADQUARTERS CA US,19940925,-9999,-9999,0
GHCND:USC00049855,YOSEMITE PARK HEADQUARTERS CA US,19940926,-9999,-9999,0
GHCND:USC00049855,YOSEMITE PARK HEADQUARTERS CA US,19940927,-9999,-9999,0
GHCND:USC00049855,YOSEMITE PARK HEADQUARTERS CA US,19940928,-9999,-9999,0.74
GHCND:USC00049855,YOSEMITE PARK HEADQUARTERS CA US,19940929,-9999,-9999,0
GHCND:USC00049855,YOSEMITE PARK HEADQUARTERS CA US,19940930,-9999,-9999,0
GHCND:USC00049855,YOSEMITE PARK HEADQUARTERS CA US,19941101,-9999,-9999,0
GHCND:USC00049855,YOSEMITE PARK HEADQUARTERS CA US,19941102,-9999,-9999,0.34
GHCND:USC00049855,YOSEMITE PARK HEADQUARTERS CA US,19941103,-9999,-9999,0
GHCND:USC00049855,YOSEMITE PARK HEADQUARTERS CA US,19941104,-9999,-9999,0
GHCND:USC00049855,YOSEMITE PARK HEADQUARTERS CA US,19941105,-9999,-9999,1.82
GHCND:USC00049855,YOSEMITE PARK HEADQUARTERS CA US,19941106,-9999,-9999,2.7
GHCND:USC00049855,YOSEMITE PARK HEADQUARTERS CA US,19941107,-9999,-9999,0
GHCND:USC00049855,YOSEMITE PARK HEADQUARTERS CA US,19941108,-9999,-9999,0.14
GHCND:USC00049855,YOSEMITE PARK HEADQUARTERS CA US,19941109,-9999,-9999,1.45
GHCND:USC00049855,YOSEMITE PARK HEADQUARTERS CA US,19941110,-9999,-9999,1.45
GHCND:USC00049855,YOSEMITE PARK HEADQUARTERS CA US,19941111,-9999,-9999,0
GHCND:USC00049855,YOSEMITE PARK HEADQUARTERS CA US,19941112,-9999,-9999,0
GHCND:USC00049855,YOSEMITE PARK HEADQUARTERS CA US,19941113,-9999,-9999,0.12
GHCND:USC00049855,YOSEMITE PARK HEADQUARTERS CA US,19941114,-9999,-9999,0
GHCND:USC00049855,YOSEMITE PARK HEADQUARTERS CA US,19941115,-9999,-9999,0
GHCND:USC00049855,YOSEMITE PARK HEADQUARTERS CA US,19941116,-9999,-9999,0.45
GHCND:USC00049855,YOSEMITE PARK HEADQUARTERS CA US,19941118,-9999,-9999,0
GHCND:USC00049855,YOSEMITE PARK HEADQUARTERS CA US,19941119,-9999,-9999,0
GHCND:USC00049855,YOSEMITE PARK HEADQUARTERS CA US,19941120,-9999,-9999,0
GHCND:USC00049855,YOSEMITE PARK HEADQUARTERS CA US,19941121,-9999,-9999,0
GHCND:USC00049855,YOSEMITE PARK HEADQUARTERS CA US,19941122,-9999,-9999,0
GHCND:USC00049855,YOSEMITE PARK HEADQUARTERS CA US,19941123,-9999,-9999,0
GHCND:USC00049855,YOSEMITE PARK HEADQUARTERS CA US,19941124,-9999,-9999,0
GHCND:USC00049855,YOSEMITE PARK HEADQUARTERS CA US,19941125,-9999,-9999,0.67
GHCND:USC00049855,YOSEMITE PARK HEADQUARTERS CA US,19941126,-9999,-9999,1.12
GHCND:USC00049855,YOSEMITE PARK HEADQUARTERS CA US,19941127,-9999,-9999,0
GHCND:USC00049855,YOSEMITE PARK HEADQUARTERS CA US,19941128,-9999,-9999,0
GHCND:USC00049855,YOSEMITE PARK HEADQUARTERS CA US,19941129,-9999,-9999,0
GHCND:USC00049855,YOSEMITE PARK HEADQUARTERS CA US,19941130,-9999,-9999,0
GHCND:USC00049855,YOSEMITE PARK HEADQUARTERS CA US,19950105,-9999,-9999,1.8
GHCND:USC00049855,YOSEMITE PARK HEADQUARTERS CA US,19950106,-9999,-9999,1.81
GHCND:USC00049855,YOSEMITE PARK HEADQUARTERS CA US,19950107,-9999,-9999,0.22
GHCND:USC00049855,YOSEMITE PARK HEADQUARTERS CA US,19950108,-9999,-9999,0.68
GHCND:USC00049855,YOSEMITE PARK HEADQUARTERS CA US,19950109,-9999,-9999,2.17
GHCND:USC00049855,YOSEMITE PARK HEADQUARTERS CA US,19950110,-9999,-9999,1.54
GHCND:USC00049855,YOSEMITE PARK HEADQUARTERS CA US,19950111,-9999,-9999,0.42
GHCND:USC00049855,YOSEMITE PARK HEADQUARTERS CA US,19950112,-9999,-9999,0.98
GHCND:USC00049855,YOSEMITE PARK HEADQUARTERS CA US,19950113,-9999,-9999,0.26
GHCND:USC00049855,YOSEMITE PARK HEADQUARTERS CA US,19950114,-9999,-9999,1.81
GHCND:USC00049855,YOSEMITE PARK HEADQUARTERS CA US,19950115,-9999,-9999,0.28
GHCND:USC00049855,YOSEMITE PARK HEADQUARTERS CA US,19950116,-9999,-9999,0.13
GHCND:USC00049855,YOSEMITE PARK HEADQUARTERS CA US,19950117,-9999,-9999,0
GHCND:USC00049855,YOSEMITE PARK HEADQUARTERS CA US,19950118,-9999,-9999,0
GHCND:USC00049855,YOSEMITE PARK HEADQUARTERS CA US,19950119,-9999,-9999,0
GHCND:USC00049855,YOSEMITE PARK HEADQUARTERS CA US,19950120,-9999,-9999,0
GHCND:USC00049855,YOSEMITE PARK HEADQUARTERS CA US,19950121,-9999,-9999,0.04
GHCND:USC00049855,YOSEMITE PARK HEADQUARTERS CA US,19950122,-9999,-9999,0
GHCND:USC00049855,YOSEMITE PARK HEADQUARTERS CA US,19950123,-9999,-9999,0.97
GHCND:USC00049855,YOSEMITE PARK HEADQUARTERS CA US,19950124,-9999,-9999,0.83
GHCND:USC00049855,YOSEMITE PARK HEADQUARTERS CA US,19950125,-9999,-9999,0.85
GHCND:USC00049855,YOSEMITE PARK HEADQUARTERS CA US,19950126,-9999,-9999,0.64
GHCND:USC00049855,YOSEMITE PARK HEADQUARTERS CA US,19950127,-9999,-9999,0.68
GHCND:USC00049855,YOSEMITE PARK HEADQUARTERS CA US,19950128,-9999,-9999,0.2
GHCND:USC00049855,YOSEMITE PARK HEADQUARTERS CA US,19950129,-9999,-9999,0
GHCND:USC00049855,YOSEMITE PARK HEADQUARTERS CA US,19950130,-9999,-9999,0
GHCND:USC00049855,YOSEMITE PARK HEADQUARTERS CA US,19950131,-9999,-9999,0
GHCND:USC00049855,YOSEMITE PARK HEADQUARTERS CA US,19950201,-9999,-9999,0
GHCND:USC00049855,YOSEMITE PARK HEADQUARTERS CA US,19950202,-9999,-9999,0
GHCND:USC00049855,YOSEMITE PARK HEADQUARTERS CA US,19950203,-9999,-9999,0
GHCND:USC00049855,YOSEMITE PARK HEADQUARTERS CA US,19950204,-9999,-9999,0
GHCND:USC00049855,YOSEMITE PARK HEADQUARTERS CA US,19950205,-9999,-9999,0
GHCND:USC00049855,YOSEMITE PARK HEADQUARTERS CA US,19950206,-9999,-9999,0
GHCND:USC00049855,YOSEMITE PARK HEADQUARTERS CA US,19950207,-9999,-9999,0
GHCND:USC00049855,YOSEMITE PARK HEADQUARTERS CA US,19950208,-9999,-9999,0.25
GHCND:USC00049855,YOSEMITE PARK HEADQUARTERS CA US,19950209,-9999,-9999,0.03
GHCND:USC00049855,YOSEMITE PARK HEADQUARTERS CA US,19950210,-9999,-9999,0
GHCND:USC00049855,YOSEMITE PARK HEADQUARTERS CA US,19950211,-9999,-9999,0
GHCND:USC00049855,YOSEMITE PARK HEADQUARTERS CA US,19950212,-9999,-9999,0
GHCND:USC00049855,YOSEMITE PARK HEADQUARTERS CA US,19950213,-9999,-9999,0
GHCND:USC00049855,YOSEMITE PARK HEADQUARTERS CA US,19950214,-9999,-9999,1.42
GHCND:USC00049855,YOSEMITE PARK HEADQUARTERS CA US,19950215,-9999,-9999,0
GHCND:USC00049855,YOSEMITE PARK HEADQUARTERS CA US,19950216,-9999,-9999,0
GHCND:USC00049855,YOSEMITE PARK HEADQUARTERS CA US,19950217,-9999,-9999,0
GHCND:USC00049855,YOSEMITE PARK HEADQUARTERS CA US,19950218,-9999,-9999,0
GHCND:USC00049855,YOSEMITE PARK HEADQUARTERS CA US,19950219,-9999,-9999,0
GHCND:USC00049855,YOSEMITE PARK HEADQUARTERS CA US,19950220,-9999,-9999,0
GHCND:USC00049855,YOSEMITE PARK HEADQUARTERS CA US,19950221,-9999,-9999,0
GHCND:USC00049855,YOSEMITE PARK HEADQUARTERS CA US,19950222,-9999,-9999,0
GHCND:USC00049855,YOSEMITE PARK HEADQUARTERS CA US,19950223,-9999,-9999,0
GHCND:USC00049855,YOSEMITE PARK HEADQUARTERS CA US,19950224,-9999,-9999,0
GHCND:USC00049855,YOSEMITE PARK HEADQUARTERS CA US,19950225,-9999,-9999,0
GHCND:USC00049855,YOSEMITE PARK HEADQUARTERS CA US,19950226,-9999,-9999,0
GHCND:USC00049855,YOSEMITE PARK HEADQUARTERS CA US,19950227,-9999,-9999,0
GHCND:USC00049855,YOSEMITE PARK HEADQUARTERS CA US,19950228,-9999,-9999,0
GHCND:USC00049855,YOSEMITE PARK HEADQUARTERS CA US,19950301,-9999,-9999,0.01
GHCND:USC00049855,YOSEMITE PARK HEADQUARTERS CA US,19950302,-9999,-9999,1.08
GHCND:USC00049855,YOSEMITE PARK HEADQUARTERS CA US,19950303,-9999,-9999,0.75
GHCND:USC00049855,YOSEMITE PARK HEADQUARTERS CA US,19950304,-9999,-9999,0.38
GHCND:USC00049855,YOSEMITE PARK HEADQUARTERS CA US,19950305,-9999,-9999,0.03
GHCND:USC00049855,YOSEMITE PARK HEADQUARTERS CA US,19950306,-9999,-9999,0
GHCND:USC00049855,YOSEMITE PARK HEADQUARTERS CA US,19950307,-9999,-9999,0
GHCND:USC00049855,YOSEMITE PARK HEADQUARTERS CA US,19950308,-9999,-9999,0.72
GHCND:USC00049855,YOSEMITE PARK HEADQUARTERS CA US,19950309,-9999,-9999,3.07
GHCND:USC00049855,YOSEMITE PARK HEADQUARTERS CA US,19950310,-9999,-9999,4.79
GHCND:USC00049855,YOSEMITE PARK HEADQUARTERS CA US,19950311,-9999,-9999,0.35
GHCND:USC00049855,YOSEMITE PARK HEADQUARTERS CA US,19950312,-9999,-9999,0
GHCND:USC00049855,YOSEMITE PARK HEADQUARTERS CA US,19950313,-9999,-9999,0.2
GHCND:USC00049855,YOSEMITE PARK HEADQUARTERS CA US,19950314,-9999,-9999,0
GHCND:USC00049855,YOSEMITE PARK HEADQUARTERS CA US,19950315,-9999,-9999,0
GHCND:USC00049855,YOSEMITE PARK HEADQUARTERS CA US,19950316,-9999,-9999,0
GHCND:USC00049855,YOSEMITE PARK HEADQUARTERS CA US,19950317,-9999,-9999,0
GHCND:USC00049855,YOSEMITE PARK HEADQUARTERS CA US,19950318,-9999,-9999,0
GHCND:USC00049855,YOSEMITE PARK HEADQUARTERS CA US,19950319,-9999,-9999,0.9
GHCND:USC00049855,YOSEMITE PARK HEADQUARTERS CA US,19950320,-9999,-9999,0.05
GHCND:USC00049855,YOSEMITE PARK HEADQUARTERS CA US,19950321,-9999,-9999,2.45
GHCND:USC00049855,YOSEMITE PARK HEADQUARTERS CA US,19950322,-9999,-9999,0.86
GHCND:USC00049855,YOSEMITE PARK HEADQUARTERS CA US,19950323,-9999,-9999,2.33
GHCND:USC00049855,YOSEMITE PARK HEADQUARTERS CA US,19950324,-9999,-9999,0.32
GHCND:USC00049855,YOSEMITE PARK HEADQUARTERS CA US,19950325,-9999,-9999,0
GHCND:USC00049855,YOSEMITE PARK HEADQUARTERS CA US,19950326,-9999,-9999,0
GHCND:USC00049855,YOSEMITE PARK HEADQUARTERS CA US,19950327,-9999,-9999,0
GHCND:USC00049855,YOSEMITE PARK HEADQUARTERS CA US,19950328,-9999,-9999,0
GHCND:USC00049855,YOSEMITE PARK HEADQUARTERS CA US,19950329,-9999,-9999,0
GHCND:USC00049855,YOSEMITE PARK HEADQUARTERS CA US,19950330,-9999,-9999,0
GHCND:USC00049855,YOSEMITE PARK HEADQUARTERS CA US,19950331,-9999,-9999,0
GHCND:USC00049855,YOSEMITE PARK HEADQUARTERS CA US,19950401,-9999,-9999,0
GHCND:USC00049855,YOSEMITE PARK HEADQUARTERS CA US,19950402,-9999,-9999,0
GHCND:USC00049855,YOSEMITE PARK HEADQUARTERS CA US,19950403,-9999,-9999,0
GHCND:USC00049855,YOSEMITE PARK HEADQUARTERS CA US,19950404,-9999,-9999,0
GHCND:USC00049855,YOSEMITE PARK HEADQUARTERS CA US,19950405,-9999,-9999,0
GHCND:USC00049855,YOSEMITE PARK HEADQUARTERS CA US,19950406,-9999,-9999,0
GHCND:USC00049855,YOSEMITE PARK HEADQUARTERS CA US,19950407,-9999,-9999,0
GHCND:USC00049855,YOSEMITE PARK HEADQUARTERS CA US,19950408,-9999,-9999,0.49
GHCND:USC00049855,YOSEMITE PARK HEADQUARTERS CA US,19950409,-9999,-9999,0
GHCND:USC00049855,YOSEMITE PARK HEADQUARTERS CA US,19950410,-9999,-9999,0
GHCND:USC00049855,YOSEMITE PARK HEADQUARTERS CA US,19950411,-9999,-9999,0
GHCND:USC00049855,YOSEMITE PARK HEADQUARTERS CA US,19950412,-9999,-9999,0
GHCND:USC00049855,YOSEMITE PARK HEADQUARTERS CA US,19950413,-9999,-9999,0
GHCND:USC00049855,YOSEMITE PARK HEADQUARTERS CA US,19950414,-9999,-9999,0.8
GHCND:USC00049855,YOSEMITE PARK HEADQUARTERS CA US,19950415,-9999,-9999,0.15
GHCND:USC00049855,YOSEMITE PARK HEADQUARTERS CA US,19950416,-9999,-9999,0.07
GHCND:USC00049855,YOSEMITE PARK HEADQUARTERS CA US,19950417,-9999,-9999,0
GHCND:USC00049855,YOSEMITE PARK HEADQUARTERS CA US,19950418,-9999,-9999,0.42
GHCND:USC00049855,YOSEMITE PARK HEADQUARTERS CA US,19950419,-9999,-9999,0.1
GHCND:USC00049855,YOSEMITE PARK HEADQUARTERS CA US,19950420,-9999,-9999,0.29
GHCND:USC00049855,YOSEMITE PARK HEADQUARTERS CA US,19950421,-9999,-9999,0.16
GHCND:USC00049855,YOSEMITE PARK HEADQUARTERS CA US,19950422,-9999,-9999,0
GHCND:USC00049855,YOSEMITE PARK HEADQUARTERS CA US,19950423,-9999,-9999,0
GHCND:USC00049855,YOSEMITE PARK HEADQUARTERS CA US,19950424,-9999,-9999,0
GHCND:USC00049855,YOSEMITE PARK HEADQUARTERS CA US,19950425,-9999,-9999,0
GHCND:USC00049855,YOSEMITE PARK HEADQUARTERS CA US,19950426,-9999,-9999,0
GHCND:USC00049855,YOSEMITE PARK HEADQUARTERS CA US,19950427,-9999,-9999,0.59
GHCND:USC00049855,YOSEMITE PARK HEADQUARTERS CA US,19950428,-9999,-9999,0
GHCND:USC00049855,YOSEMITE PARK HEADQUARTERS CA US,19950429,-9999,-9999,0.71
GHCND:USC00049855,YOSEMITE PARK HEADQUARTERS CA US,19950430,-9999,-9999,1.13
GHCND:USC00049855,YOSEMITE PARK HEADQUARTERS CA US,19950501,-9999,-9999,1.26
GHCND:USC00049855,YOSEMITE PARK HEADQUARTERS CA US,19950502,-9999,-9999,0.66
GHCND:USC00049855,YOSEMITE PARK HEADQUARTERS CA US,19950503,-9999,-9999,0
GHCND:USC00049855,YOSEMITE PARK HEADQUARTERS CA US,19950504,-9999,-9999,0
GHCND:USC00049855,YOSEMITE PARK HEADQUARTERS CA US,19950505,-9999,-9999,0.32
GHCND:USC00049855,YOSEMITE PARK HEADQUARTERS CA US,19950506,-9999,-9999,0
GHCND:USC00049855,YOSEMITE PARK HEADQUARTERS CA US,19950507,-9999,-9999,0
GHCND:USC00049855,YOSEMITE PARK HEADQUARTERS CA US,19950508,-9999,-9999,0
GHCND:USC00049855,YOSEMITE PARK HEADQUARTERS CA US,19950509,-9999,-9999,0
GHCND:USC00049855,YOSEMITE PARK HEADQUARTERS CA US,19950510,-9999,-9999,0
GHCND:USC00049855,YOSEMITE PARK HEADQUARTERS CA US,19950511,-9999,-9999,0
GHCND:USC00049855,YOSEMITE PARK HEADQUARTERS CA US,19950512,-9999,-9999,0
GHCND:USC00049855,YOSEMITE PARK HEADQUARTERS CA US,19950513,-9999,-9999,0.83
GHCND:USC00049855,YOSEMITE PARK HEADQUARTERS CA US,19950514,-9999,-9999,0
GHCND:USC00049855,YOSEMITE PARK HEADQUARTERS CA US,19950515,-9999,-9999,0.14
GHCND:USC00049855,YOSEMITE PARK HEADQUARTERS CA US,19950516,-9999,-9999,0.05
GHCND:USC00049855,YOSEMITE PARK HEADQUARTERS CA US,19950517,-9999,-9999,0
GHCND:USC00049855,YOSEMITE PARK HEADQUARTERS CA US,19950518,-9999,-9999,0
GHCND:USC00049855,YOSEMITE PARK HEADQUARTERS CA US,19950519,-9999,-9999,0
GHCND:USC00049855,YOSEMITE PARK HEADQUARTERS CA US,19950520,-9999,-9999,0
GHCND:USC00049855,YOSEMITE PARK HEADQUARTERS CA US,19950521,-9999,-9999,0
GHCND:USC00049855,YOSEMITE PARK HEADQUARTERS CA US,19950522,-9999,-9999,0
GHCND:USC00049855,YOSEMITE PARK HEADQUARTERS CA US,19950523,-9999,-9999,0.21
GHCND:USC00049855,YOSEMITE PARK HEADQUARTERS CA US,19950524,-9999,-9999,0
GHCND:USC00049855,YOSEMITE PARK HEADQUARTERS CA US,19950525,-9999,-9999,0.39
GHCND:USC00049855,YOSEMITE PARK HEADQUARTERS CA US,19950526,-9999,-9999,0
GHCND:USC00049855,YOSEMITE PARK HEADQUARTERS CA US,19950527,-9999,-9999,0
GHCND:USC00049855,YOSEMITE PARK HEADQUARTERS CA US,19950528,-9999,-9999,0.02
GHCND:USC00049855,YOSEMITE PARK HEADQUARTERS CA US,19950529,-9999,-9999,0
GHCND:USC00049855,YOSEMITE PARK HEADQUARTERS CA US,19950530,-9999,-9999,0
GHCND:USC00049855,YOSEMITE PARK HEADQUARTERS CA US,19950531,-9999,-9999,0
GHCND:USC00049855,YOSEMITE PARK HEADQUARTERS CA US,19950601,-9999,-9999,0.36
GHCND:USC00049855,YOSEMITE PARK HEADQUARTERS CA US,19950602,-9999,-9999,0
GHCND:USC00049855,YOSEMITE PARK HEADQUARTERS CA US,19950603,-9999,-9999,0
GHCND:USC00049855,YOSEMITE PARK HEADQUARTERS CA US,19950604,-9999,-9999,0
GHCND:USC00049855,YOSEMITE PARK HEADQUARTERS CA US,19950605,-9999,-9999,0
GHCND:USC00049855,YOSEMITE PARK HEADQUARTERS CA US,19950606,-9999,-9999,0
GHCND:USC00049855,YOSEMITE PARK HEADQUARTERS CA US,19950607,-9999,-9999,0
GHCND:USC00049855,YOSEMITE PARK HEADQUARTERS CA US,19950608,-9999,-9999,0
GHCND:USC00049855,YOSEMITE PARK HEADQUARTERS CA US,19950609,-9999,-9999,0
GHCND:USC00049855,YOSEMITE PARK HEADQUARTERS CA US,19950610,-9999,-9999,0
GHCND:USC00049855,YOSEMITE PARK HEADQUARTERS CA US,19950611,-9999,-9999,0
GHCND:USC00049855,YOSEMITE PARK HEADQUARTERS CA US,19950612,-9999,-9999,0
GHCND:USC00049855,YOSEMITE PARK HEADQUARTERS CA US,19950613,-9999,-9999,0
GHCND:USC00049855,YOSEMITE PARK HEADQUARTERS CA US,19950614,-9999,-9999,0
GHCND:USC00049855,YOSEMITE PARK HEADQUARTERS CA US,19950615,-9999,-9999,0
GHCND:USC00049855,YOSEMITE PARK HEADQUARTERS CA US,19950616,-9999,-9999,1.21
GHCND:USC00049855,YOSEMITE PARK HEADQUARTERS CA US,19950617,-9999,-9999,0
GHCND:USC00049855,YOSEMITE PARK HEADQUARTERS CA US,19950618,-9999,-9999,0
GHCND:USC00049855,YOSEMITE PARK HEADQUARTERS CA US,19950619,-9999,-9999,0
GHCND:USC00049855,YOSEMITE PARK HEADQUARTERS CA US,19950620,-9999,-9999,0
GHCND:USC00049855,YOSEMITE PARK HEADQUARTERS CA US,19950621,-9999,-9999,0
GHCND:USC00049855,YOSEMITE PARK HEADQUARTERS CA US,19950622,-9999,-9999,0
GHCND:USC00049855,YOSEMITE PARK HEADQUARTERS CA US,19950623,-9999,-9999,0
GHCND:USC00049855,YOSEMITE PARK HEADQUARTERS CA US,19950624,-9999,-9999,0
GHCND:USC00049855,YOSEMITE PARK HEADQUARTERS CA US,19950625,-9999,-9999,0
GHCND:USC00049855,YOSEMITE PARK HEADQUARTERS CA US,19950626,-9999,-9999,0
GHCND:USC00049855,YOSEMITE PARK HEADQUARTERS CA US,19950627,-9999,-9999,0
GHCND:USC00049855,YOSEMITE PARK HEADQUARTERS CA US,19950628,-9999,-9999,0
GHCND:USC00049855,YOSEMITE PARK HEADQUARTERS CA US,19950629,-9999,-9999,0
GHCND:USC00049855,YOSEMITE PARK HEADQUARTERS CA US,19950630,-9999,-9999,0
GHCND:USC00049855,YOSEMITE PARK HEADQUARTERS CA US,19950701,-9999,-9999,0
GHCND:USC00049855,YOSEMITE PARK HEADQUARTERS CA US,19950702,-9999,-9999,0
GHCND:USC00049855,YOSEMITE PARK HEADQUARTERS CA US,19950703,-9999,-9999,0
GHCND:USC00049855,YOSEMITE PARK HEADQUARTERS CA US,19950704,-9999,-9999,0
GHCND:USC00049855,YOSEMITE PARK HEADQUARTERS CA US,19950705,-9999,-9999,0
GHCND:USC00049855,YOSEMITE PARK HEADQUARTERS CA US,19950706,-9999,-9999,0
GHCND:USC00049855,YOSEMITE PARK HEADQUARTERS CA US,19950707,-9999,-9999,0
GHCND:USC00049855,YOSEMITE PARK HEADQUARTERS CA US,19950708,-9999,-9999,0
GHCND:USC00049855,YOSEMITE PARK HEADQUARTERS CA US,19950709,-9999,-9999,0.07
GHCND:USC00049855,YOSEMITE PARK HEADQUARTERS CA US,19950710,-9999,-9999,0
GHCND:USC00049855,YOSEMITE PARK HEADQUARTERS CA US,19950711,-9999,-9999,0
GHCND:USC00049855,YOSEMITE PARK HEADQUARTERS CA US,19950712,-9999,-9999,0
GHCND:USC00049855,YOSEMITE PARK HEADQUARTERS CA US,19950713,-9999,-9999,0
GHCND:USC00049855,YOSEMITE PARK HEADQUARTERS CA US,19950714,-9999,-9999,0
GHCND:USC00049855,YOSEMITE PARK HEADQUARTERS CA US,19950715,-9999,-9999,0
GHCND:USC00049855,YOSEMITE PARK HEADQUARTERS CA US,19950716,-9999,-9999,0
GHCND:USC00049855,YOSEMITE PARK HEADQUARTERS CA US,19950717,-9999,-9999,0
GHCND:USC00049855,YOSEMITE PARK HEADQUARTERS CA US,19950718,-9999,-9999,0.17
GHCND:USC00049855,YOSEMITE PARK HEADQUARTERS CA US,19950719,-9999,-9999,0
GHCND:USC00049855,YOSEMITE PARK HEADQUARTERS CA US,19950720,-9999,-9999,0
GHCND:USC00049855,YOSEMITE PARK HEADQUARTERS CA US,19950721,-9999,-9999,0
GHCND:USC00049855,YOSEMITE PARK HEADQUARTERS CA US,19950722,-9999,-9999,0
GHCND:USC00049855,YOSEMITE PARK HEADQUARTERS CA US,19950723,-9999,-9999,0
GHCND:USC00049855,YOSEMITE PARK HEADQUARTERS CA US,19950724,-9999,-9999,0
GHCND:USC00049855,YOSEMITE PARK HEADQUARTERS CA US,19950725,-9999,-9999,0
GHCND:USC00049855,YOSEMITE PARK HEADQUARTERS CA US,19950726,-9999,-9999,0
GHCND:USC00049855,YOSEMITE PARK HEADQUARTERS CA US,19950727,-9999,-9999,0
GHCND:USC00049855,YOSEMITE PARK HEADQUARTERS CA US,19950728,-9999,-9999,0
GHCND:USC00049855,YOSEMITE PARK HEADQUARTERS CA US,19950729,-9999,-9999,0
GHCND:USC00049855,YOSEMITE PARK HEADQUARTERS CA US,19950730,-9999,-9999,0
GHCND:USC00049855,YOSEMITE PARK HEADQUARTERS CA US,19950731,-9999,-9999,0
GHCND:USC00049855,YOSEMITE PARK HEADQUARTERS CA US,19950801,-9999,-9999,0
GHCND:USC00049855,YOSEMITE PARK HEADQUARTERS CA US,19950802,-9999,-9999,0
GHCND:USC00049855,YOSEMITE PARK HEADQUARTERS CA US,19950803,-9999,-9999,0
GHCND:USC00049855,YOSEMITE PARK HEADQUARTERS CA US,19950804,-9999,-9999,0
GHCND:USC00049855,YOSEMITE PARK HEADQUARTERS CA US,19950805,-9999,-9999,0
GHCND:USC00049855,YOSEMITE PARK HEADQUARTERS CA US,19950806,-9999,-9999,0
GHCND:USC00049855,YOSEMITE PARK HEADQUARTERS CA US,19950807,-9999,-9999,0
GHCND:USC00049855,YOSEMITE PARK HEADQUARTERS CA US,19950808,-9999,-9999,0
GHCND:USC00049855,YOSEMITE PARK HEADQUARTERS CA US,19950809,-9999,-9999,0
GHCND:USC00049855,YOSEMITE PARK HEADQUARTERS CA US,19950810,-9999,-9999,0
GHCND:USC00049855,YOSEMITE PARK HEADQUARTERS CA US,19950811,-9999,-9999,0
GHCND:USC00049855,YOSEMITE PARK HEADQUARTERS CA US,19950812,-9999,-9999,0
GHCND:USC00049855,YOSEMITE PARK HEADQUARTERS CA US,19950813,-9999,-9999,0
GHCND:USC00049855,YOSEMITE PARK HEADQUARTERS CA US,19950814,-9999,-9999,0
GHCND:USC00049855,YOSEMITE PARK HEADQUARTERS CA US,19950815,-9999,-9999,0
GHCND:USC00049855,YOSEMITE PARK HEADQUARTERS CA US,19950816,-9999,-9999,0
GHCND:USC00049855,YOSEMITE PARK HEADQUARTERS CA US,19950817,-9999,-9999,0
GHCND:USC00049855,YOSEMITE PARK HEADQUARTERS CA US,19950818,-9999,-9999,0
GHCND:USC00049855,YOSEMITE PARK HEADQUARTERS CA US,19950819,-9999,-9999,0
GHCND:USC00049855,YOSEMITE PARK HEADQUARTERS CA US,19950820,-9999,-9999,0
GHCND:USC00049855,YOSEMITE PARK HEADQUARTERS CA US,19950821,-9999,-9999,0
GHCND:USC00049855,YOSEMITE PARK HEADQUARTERS CA US,19950822,-9999,-9999,0
GHCND:USC00049855,YOSEMITE PARK HEADQUARTERS CA US,19950823,-9999,-9999,0
GHCND:USC00049855,YOSEMITE PARK HEADQUARTERS CA US,19950824,-9999,-9999,0
GHCND:USC00049855,YOSEMITE PARK HEADQUARTERS CA US,19950825,-9999,-9999,0
GHCND:USC00049855,YOSEMITE PARK HEADQUARTERS CA US,19950826,-9999,-9999,0
GHCND:USC00049855,YOSEMITE PARK HEADQUARTERS CA US,19950827,-9999,-9999,0
GHCND:USC00049855,YOSEMITE PARK HEADQUARTERS CA US,19950828,-9999,-9999,0
GHCND:USC00049855,YOSEMITE PARK HEADQUARTERS CA US,19950829,-9999,-9999,0
GHCND:USC00049855,YOSEMITE PARK HEADQUARTERS CA US,19950830,-9999,-9999,0
GHCND:USC00049855,YOSEMITE PARK HEADQUARTERS CA US,19950831,-9999,-9999,0
GHCND:USC00049855,YOSEMITE PARK HEADQUARTERS CA US,19950901,-9999,-9999,0
GHCND:USC00049855,YOSEMITE PARK HEADQUARTERS CA US,19950902,-9999,-9999,0
GHCND:USC00049855,YOSEMITE PARK HEADQUARTERS CA US,19950903,-9999,-9999,0
GHCND:USC00049855,YOSEMITE PARK HEADQUARTERS CA US,19950904,-9999,-9999,0
GHCND:USC00049855,YOSEMITE PARK HEADQUARTERS CA US,19950905,-9999,-9999,0
GHCND:USC00049855,YOSEMITE PARK HEADQUARTERS CA US,19950906,-9999,-9999,0
GHCND:USC00049855,YOSEMITE PARK HEADQUARTERS CA US,19950907,-9999,-9999,0
GHCND:USC00049855,YOSEMITE PARK HEADQUARTERS CA US,19950908,-9999,-9999,0
GHCND:USC00049855,YOSEMITE PARK HEADQUARTERS CA US,19950909,-9999,-9999,0
GHCND:USC00049855,YOSEMITE PARK HEADQUARTERS CA US,19950910,-9999,-9999,0
GHCND:USC00049855,YOSEMITE PARK HEADQUARTERS CA US,19950911,-9999,-9999,0
GHCND:USC00049855,YOSEMITE PARK HEADQUARTERS CA US,19950912,-9999,-9999,0
GHCND:USC00049855,YOSEMITE PARK HEADQUARTERS CA US,19950913,-9999,-9999,0
GHCND:USC00049855,YOSEMITE PARK HEADQUARTERS CA US,19950914,-9999,-9999,0
GHCND:USC00049855,YOSEMITE PARK HEADQUARTERS CA US,19950915,-9999,-9999,0
GHCND:USC00049855,YOSEMITE PARK HEADQUARTERS CA US,19950916,-9999,-9999,0
GHCND:USC00049855,YOSEMITE PARK HEADQUARTERS CA US,19950917,-9999,-9999,0
GHCND:USC00049855,YOSEMITE PARK HEADQUARTERS CA US,19950918,-9999,-9999,0
GHCND:USC00049855,YOSEMITE PARK HEADQUARTERS CA US,19950919,-9999,-9999,0
GHCND:USC00049855,YOSEMITE PARK HEADQUARTERS CA US,19950920,-9999,-9999,0
GHCND:USC00049855,YOSEMITE PARK HEADQUARTERS CA US,19950921,-9999,-9999,0
GHCND:USC00049855,YOSEMITE PARK HEADQUARTERS CA US,19950922,-9999,-9999,0
GHCND:USC00049855,YOSEMITE PARK HEADQUARTERS CA US,19950923,-9999,-9999,0
GHCND:USC00049855,YOSEMITE PARK HEADQUARTERS CA US,19950924,-9999,-9999,0
GHCND:USC00049855,YOSEMITE PARK HEADQUARTERS CA US,19950925,-9999,-9999,0
GHCND:USC00049855,YOSEMITE PARK HEADQUARTERS CA US,19950926,-9999,-9999,0
GHCND:USC00049855,YOSEMITE PARK HEADQUARTERS CA US,19950927,-9999,-9999,0
GHCND:USC00049855,YOSEMITE PARK HEADQUARTERS CA US,19950928,-9999,-9999,0
GHCND:USC00049855,YOSEMITE PARK HEADQUARTERS CA US,19950929,-9999,-9999,0
GHCND:USC00049855,YOSEMITE PARK HEADQUARTERS CA US,19950930,-9999,-9999,0
GHCND:USC00049855,YOSEMITE PARK HEADQUARTERS CA US,19951001,-9999,-9999,0
GHCND:USC00049855,YOSEMITE PARK HEADQUARTERS CA US,19951002,-9999,-9999,0
GHCND:USC00049855,YOSEMITE PARK HEADQUARTERS CA US,19951003,-9999,-9999,0
GHCND:USC00049855,YOSEMITE PARK HEADQUARTERS CA US,19951004,-9999,-9999,0
GHCND:USC00049855,YOSEMITE PARK HEADQUARTERS CA US,19951005,-9999,-9999,0
GHCND:USC00049855,YOSEMITE PARK HEADQUARTERS CA US,19951006,-9999,-9999,0
GHCND:USC00049855,YOSEMITE PARK HEADQUARTERS CA US,19951007,-9999,-9999,0
GHCND:USC00049855,YOSEMITE PARK HEADQUARTERS CA US,19951008,-9999,-9999,0
GHCND:USC00049855,YOSEMITE PARK HEADQUARTERS CA US,19951009,-9999,-9999,0
GHCND:USC00049855,YOSEMITE PARK HEADQUARTERS CA US,19951010,-9999,-9999,0
GHCND:USC00049855,YOSEMITE PARK HEADQUARTERS CA US,19951011,-9999,-9999,0
GHCND:USC00049855,YOSEMITE PARK HEADQUARTERS CA US,19951012,-9999,-9999,0
GHCND:USC00049855,YOSEMITE PARK HEADQUARTERS CA US,19951013,-9999,-9999,0
GHCND:USC00049855,YOSEMITE PARK HEADQUARTERS CA US,19951014,-9999,-9999,0
GHCND:USC00049855,YOSEMITE PARK HEADQUARTERS CA US,19951015,-9999,-9999,0
GHCND:USC00049855,YOSEMITE PARK HEADQUARTERS CA US,19951016,-9999,-9999,0
GHCND:USC00049855,YOSEMITE PARK HEADQUARTERS CA US,19951017,-9999,-9999,0
GHCND:USC00049855,YOSEMITE PARK HEADQUARTERS CA US,19951018,-9999,-9999,0
GHCND:USC00049855,YOSEMITE PARK HEADQUARTERS CA US,19951019,-9999,-9999,0
GHCND:USC00049855,YOSEMITE PARK HEADQUARTERS CA US,19951020,-9999,-9999,0
GHCND:USC00049855,YOSEMITE PARK HEADQUARTERS CA US,19951021,-9999,-9999,0
GHCND:USC00049855,YOSEMITE PARK HEADQUARTERS CA US,19951022,-9999,-9999,0
GHCND:USC00049855,YOSEMITE PARK HEADQUARTERS CA US,19951023,-9999,-9999,0
GHCND:USC00049855,YOSEMITE PARK HEADQUARTERS CA US,19951024,-9999,-9999,0
GHCND:USC00049855,YOSEMITE PARK HEADQUARTERS CA US,19951025,-9999,-9999,0
GHCND:USC00049855,YOSEMITE PARK HEADQUARTERS CA US,19951026,-9999,-9999,0
GHCND:USC00049855,YOSEMITE PARK HEADQUARTERS CA US,19951027,-9999,-9999,0
GHCND:USC00049855,YOSEMITE PARK HEADQUARTERS CA US,19951028,-9999,-9999,0
GHCND:USC00049855,YOSEMITE PARK HEADQUARTERS CA US,19951029,-9999,-9999,0
GHCND:USC00049855,YOSEMITE PARK HEADQUARTERS CA US,19951030,-9999,-9999,0
GHCND:USC00049855,YOSEMITE PARK HEADQUARTERS CA US,19951031,-9999,-9999,0
GHCND:USC00049855,YOSEMITE PARK HEADQUARTERS CA US,19951101,-9999,-9999,0
GHCND:USC00049855,YOSEMITE PARK HEADQUARTERS CA US,19951102,-9999,-9999,0
GHCND:USC00049855,YOSEMITE PARK HEADQUARTERS CA US,19951103,-9999,-9999,0
GHCND:USC00049855,YOSEMITE PARK HEADQUARTERS CA US,19951104,-9999,-9999,0
GHCND:USC00049855,YOSEMITE PARK HEADQUARTERS CA US,19951105,-9999,-9999,0
GHCND:USC00049855,YOSEMITE PARK HEADQUARTERS CA US,19951106,-9999,-9999,0
GHCND:USC00049855,YOSEMITE PARK HEADQUARTERS CA US,19951107,-9999,-9999,0
GHCND:USC00049855,YOSEMITE PARK HEADQUARTERS CA US,19951108,-9999,-9999,0
GHCND:USC00049855,YOSEMITE PARK HEADQUARTERS CA US,19951109,-9999,-9999,0
GHCND:USC00049855,YOSEMITE PARK HEADQUARTERS CA US,19951110,-9999,-9999,0
GHCND:USC00049855,YOSEMITE PARK HEADQUARTERS CA US,19951111,-9999,-9999,0
GHCND:USC00049855,YOSEMITE PARK HEADQUARTERS CA US,19951112,-9999,-9999,0
GHCND:USC00049855,YOSEMITE PARK HEADQUARTERS CA US,19951113,-9999,-9999,0
GHCND:USC00049855,YOSEMITE PARK HEADQUARTERS CA US,19951114,-9999,-9999,0
GHCND:USC00049855,YOSEMITE PARK HEADQUARTERS CA US,19951115,-9999,-9999,0
GHCND:USC00049855,YOSEMITE PARK HEADQUARTERS CA US,19951116,-9999,-9999,0
GHCND:USC00049855,YOSEMITE PARK HEADQUARTERS CA US,19951117,-9999,-9999,0
GHCND:USC00049855,YOSEMITE PARK HEADQUARTERS CA US,19951118,-9999,-9999,0
GHCND:USC00049855,YOSEMITE PARK HEADQUARTERS CA US,19951119,-9999,-9999,0
GHCND:USC00049855,YOSEMITE PARK HEADQUARTERS CA US,19951120,-9999,-9999,0
GHCND:USC00049855,YOSEMITE PARK HEADQUARTERS CA US,19951121,-9999,-9999,0
GHCND:USC00049855,YOSEMITE PARK HEADQUARTERS CA US,19951122,-9999,-9999,0
GHCND:USC00049855,YOSEMITE PARK HEADQUARTERS CA US,19951123,-9999,-9999,0
GHCND:USC00049855,YOSEMITE PARK HEADQUARTERS CA US,19951124,-9999,-9999,0
GHCND:USC00049855,YOSEMITE PARK HEADQUARTERS CA US,19951125,-9999,-9999,0.17
GHCND:USC00049855,YOSEMITE PARK HEADQUARTERS CA US,19951126,-9999,-9999,0
GHCND:USC00049855,YOSEMITE PARK HEADQUARTERS CA US,19951127,-9999,-9999,0
GHCND:USC00049855,YOSEMITE PARK HEADQUARTERS CA US,19951128,-9999,-9999,0
GHCND:USC00049855,YOSEMITE PARK HEADQUARTERS CA US,19951129,-9999,-9999,0
GHCND:USC00049855,YOSEMITE PARK HEADQUARTERS CA US,19951130,-9999,-9999,0
GHCND:USC00049855,YOSEMITE PARK HEADQUARTERS CA US,19951201,-9999,-9999,0
GHCND:USC00049855,YOSEMITE PARK HEADQUARTERS CA US,19951202,-9999,-9999,0
GHCND:USC00049855,YOSEMITE PARK HEADQUARTERS CA US,19951203,-9999,-9999,0
GHCND:USC00049855,YOSEMITE PARK HEADQUARTERS CA US,19951204,-9999,-9999,0.3
GHCND:USC00049855,YOSEMITE PARK HEADQUARTERS CA US,19951205,-9999,-9999,0.15
GHCND:USC00049855,YOSEMITE PARK HEADQUARTERS CA US,19951206,-9999,-9999,0
GHCND:USC00049855,YOSEMITE PARK HEADQUARTERS CA US,19951207,-9999,-9999,0.1
GHCND:USC00049855,YOSEMITE PARK HEADQUARTERS CA US,19951208,-9999,-9999,0
GHCND:USC00049855,YOSEMITE PARK HEADQUARTERS CA US,19951209,-9999,-9999,0
GHCND:USC00049855,YOSEMITE PARK HEADQUARTERS CA US,19951210,-9999,-9999,0
GHCND:USC00049855,YOSEMITE PARK HEADQUARTERS CA US,19951211,-9999,-9999,0.35
GHCND:USC00049855,YOSEMITE PARK HEADQUARTERS CA US,19951212,-9999,-9999,3.9
GHCND:USC00049855,YOSEMITE PARK HEADQUARTERS CA US,19951213,-9999,-9999,1.74
GHCND:USC00049855,YOSEMITE PARK HEADQUARTERS CA US,19951214,-9999,-9999,1.15
GHCND:USC00049855,YOSEMITE PARK HEADQUARTERS CA US,19951215,-9999,-9999,0
GHCND:USC00049855,YOSEMITE PARK HEADQUARTERS CA US,19951216,-9999,-9999,0.17
GHCND:USC00049855,YOSEMITE PARK HEADQUARTERS CA US,19951217,-9999,-9999,0
GHCND:USC00049855,YOSEMITE PARK HEADQUARTERS CA US,19951218,-9999,-9999,0
GHCND:USC00049855,YOSEMITE PARK HEADQUARTERS CA US,19951219,-9999,-9999,0
GHCND:USC00049855,YOSEMITE PARK HEADQUARTERS CA US,19951220,-9999,-9999,0
GHCND:USC00049855,YOSEMITE PARK HEADQUARTERS CA US,19951221,-9999,-9999,0
GHCND:USC00049855,YOSEMITE PARK HEADQUARTERS CA US,19951222,-9999,-9999,0
GHCND:USC00049855,YOSEMITE PARK HEADQUARTERS CA US,19951223,-9999,-9999,0.16
GHCND:USC00049855,YOSEMITE PARK HEADQUARTERS CA US,19951224,-9999,-9999,0
GHCND:USC00049855,YOSEMITE PARK HEADQUARTERS CA US,19951225,-9999,-9999,0
GHCND:USC00049855,YOSEMITE PARK HEADQUARTERS CA US,19951226,-9999,-9999,0
GHCND:USC00049855,YOSEMITE PARK HEADQUARTERS CA US,19951227,-9999,-9999,0
GHCND:USC00049855,YOSEMITE PARK HEADQUARTERS CA US,19951228,-9999,-9999,0.05
GHCND:USC00049855,YOSEMITE PARK HEADQUARTERS CA US,19951229,-9999,-9999,0
GHCND:USC00049855,YOSEMITE PARK HEADQUARTERS CA US,19951230,-9999,-9999,0.75
GHCND:USC00049855,YOSEMITE PARK HEADQUARTERS CA US,19951231,-9999,-9999,0
GHCND:USC00049855,YOSEMITE PARK HEADQUARTERS CA US,19960101,-9999,-9999,0
GHCND:USC00049855,YOSEMITE PARK HEADQUARTERS CA US,19960102,-9999,-9999,0
GHCND:USC00049855,YOSEMITE PARK HEADQUARTERS CA US,19960103,-9999,-9999,0
GHCND:USC00049855,YOSEMITE PARK HEADQUARTERS CA US,19960104,-9999,-9999,0
GHCND:USC00049855,YOSEMITE PARK HEADQUARTERS CA US,19960105,-9999,-9999,0
GHCND:USC00049855,YOSEMITE PARK HEADQUARTERS CA US,19960106,-9999,-9999,0
GHCND:USC00049855,YOSEMITE PARK HEADQUARTERS CA US,19960107,-9999,-9999,0
GHCND:USC00049855,YOSEMITE PARK HEADQUARTERS CA US,19960108,-9999,-9999,0
GHCND:USC00049855,YOSEMITE PARK HEADQUARTERS CA US,19960109,-9999,-9999,0
GHCND:USC00049855,YOSEMITE PARK HEADQUARTERS CA US,19960110,-9999,-9999,0
GHCND:USC00049855,YOSEMITE PARK HEADQUARTERS CA US,19960111,-9999,-9999,0
GHCND:USC00049855,YOSEMITE PARK HEADQUARTERS CA US,19960112,-9999,-9999,0
GHCND:USC00049855,YOSEMITE PARK HEADQUARTERS CA US,19960113,-9999,-9999,0
GHCND:USC00049855,YOSEMITE PARK HEADQUARTERS CA US,19960114,-9999,-9999,0
GHCND:USC00049855,YOSEMITE PARK HEADQUARTERS CA US,19960115,-9999,-9999,0
GHCND:USC00049855,YOSEMITE PARK HEADQUARTERS CA US,19960116,-9999,-9999,0.66
GHCND:USC00049855,YOSEMITE PARK HEADQUARTERS CA US,19960117,-9999,-9999,2.5
GHCND:USC00049855,YOSEMITE PARK HEADQUARTERS CA US,19960118,-9999,-9999,1.42
GHCND:USC00049855,YOSEMITE PARK HEADQUARTERS CA US,19960119,-9999,-9999,0.22
GHCND:USC00049855,YOSEMITE PARK HEADQUARTERS CA US,19960120,-9999,-9999,0.47
GHCND:USC00049855,YOSEMITE PARK HEADQUARTERS CA US,19960121,-9999,-9999,0.07
GHCND:USC00049855,YOSEMITE PARK HEADQUARTERS CA US,19960122,-9999,-9999,0
GHCND:USC00049855,YOSEMITE PARK HEADQUARTERS CA US,19960123,-9999,-9999,0
GHCND:USC00049855,YOSEMITE PARK HEADQUARTERS CA US,19960124,-9999,-9999,0.82
GHCND:USC00049855,YOSEMITE PARK HEADQUARTERS CA US,19960125,-9999,-9999,2.25
GHCND:USC00049855,YOSEMITE PARK HEADQUARTERS CA US,19960126,-9999,-9999,0
GHCND:USC00049855,YOSEMITE PARK HEADQUARTERS CA US,19960127,-9999,-9999,0.03
GHCND:USC00049855,YOSEMITE PARK HEADQUARTERS CA US,19960128,-9999,-9999,1.66
GHCND:USC00049855,YOSEMITE PARK HEADQUARTERS CA US,19960129,-9999,-9999,0
GHCND:USC00049855,YOSEMITE PARK HEADQUARTERS CA US,19960130,-9999,-9999,0
GHCND:USC00049855,YOSEMITE PARK HEADQUARTERS CA US,19960131,-9999,-9999,0.16
GHCND:USC00049855,YOSEMITE PARK HEADQUARTERS CA US,19960201,-9999,-9999,0.34
GHCND:USC00049855,YOSEMITE PARK HEADQUARTERS CA US,19960202,-9999,-9999,0
GHCND:USC00049855,YOSEMITE PARK HEADQUARTERS CA US,19960203,-9999,-9999,0
GHCND:USC00049855,YOSEMITE PARK HEADQUARTERS CA US,19960204,-9999,-9999,0.66
GHCND:USC00049855,YOSEMITE PARK HEADQUARTERS CA US,19960205,-9999,-9999,2.34
GHCND:USC00049855,YOSEMITE PARK HEADQUARTERS CA US,19960206,-9999,-9999,0.17
GHCND:USC00049855,YOSEMITE PARK HEADQUARTERS CA US,19960207,-9999,-9999,0
GHCND:USC00049855,YOSEMITE PARK HEADQUARTERS CA US,19960208,-9999,-9999,0
GHCND:USC00049855,YOSEMITE PARK HEADQUARTERS CA US,19960209,-9999,-9999,0
GHCND:USC00049855,YOSEMITE PARK HEADQUARTERS CA US,19960210,-9999,-9999,0
GHCND:USC00049855,YOSEMITE PARK HEADQUARTERS CA US,19960211,-9999,-9999,0
GHCND:USC00049855,YOSEMITE PARK HEADQUARTERS CA US,19960212,-9999,-9999,0
GHCND:USC00049855,YOSEMITE PARK HEADQUARTERS CA US,19960213,-9999,-9999,0
GHCND:USC00049855,YOSEMITE PARK HEADQUARTERS CA US,19960214,-9999,-9999,0
GHCND:USC00049855,YOSEMITE PARK HEADQUARTERS CA US,19960215,-9999,-9999,0.14
GHCND:USC00049855,YOSEMITE PARK HEADQUARTERS CA US,19960216,-9999,-9999,0
GHCND:USC00049855,YOSEMITE PARK HEADQUARTERS CA US,19960217,-9999,-9999,0
GHCND:USC00049855,YOSEMITE PARK HEADQUARTERS CA US,19960218,-9999,-9999,0.15
GHCND:USC00049855,YOSEMITE PARK HEADQUARTERS CA US,19960219,-9999,-9999,1.25
GHCND:USC00049855,YOSEMITE PARK HEADQUARTERS CA US,19960220,-9999,-9999,2.2
GHCND:USC00049855,YOSEMITE PARK HEADQUARTERS CA US,19960221,-9999,-9999,0.39
GHCND:USC00049855,YOSEMITE PARK HEADQUARTERS CA US,19960222,-9999,-9999,1.43
GHCND:USC00049855,YOSEMITE PARK HEADQUARTERS CA US,19960223,-9999,-9999,0.03
GHCND:USC00049855,YOSEMITE PARK HEADQUARTERS CA US,19960224,-9999,-9999,0
GHCND:USC00049855,YOSEMITE PARK HEADQUARTERS CA US,19960225,-9999,-9999,0.35
GHCND:USC00049855,YOSEMITE PARK HEADQUARTERS CA US,19960226,-9999,-9999,0.29
GHCND:USC00049855,YOSEMITE PARK HEADQUARTERS CA US,19960227,-9999,-9999,0.14
GHCND:USC00049855,YOSEMITE PARK HEADQUARTERS CA US,19960228,-9999,-9999,0.12
GHCND:USC00049855,YOSEMITE PARK HEADQUARTERS CA US,19960229,-9999,-9999,0
GHCND:USC00049855,YOSEMITE PARK HEADQUARTERS CA US,19960301,-9999,-9999,0.05
GHCND:USC00049855,YOSEMITE PARK HEADQUARTERS CA US,19960302,-9999,-9999,0
GHCND:USC00049855,YOSEMITE PARK HEADQUARTERS CA US,19960303,-9999,-9999,0
GHCND:USC00049855,YOSEMITE PARK HEADQUARTERS CA US,19960304,-9999,-9999,0.97
GHCND:USC00049855,YOSEMITE PARK HEADQUARTERS CA US,19960305,-9999,-9999,2.23
GHCND:USC00049855,YOSEMITE PARK HEADQUARTERS CA US,19960306,-9999,-9999,0.36
GHCND:USC00049855,YOSEMITE PARK HEADQUARTERS CA US,19960307,-9999,-9999,0
GHCND:USC00049855,YOSEMITE PARK HEADQUARTERS CA US,19960308,-9999,-9999,0
GHCND:USC00049855,YOSEMITE PARK HEADQUARTERS CA US,19960309,-9999,-9999,0
GHCND:USC00049855,YOSEMITE PARK HEADQUARTERS CA US,19960310,-9999,-9999,0
GHCND:USC00049855,YOSEMITE PARK HEADQUARTERS CA US,19960311,-9999,-9999,0.4
GHCND:USC00049855,YOSEMITE PARK HEADQUARTERS CA US,19960312,-9999,-9999,0.92
GHCND:USC00049855,YOSEMITE PARK HEADQUARTERS CA US,19960313,-9999,-9999,0.38
GHCND:USC00049855,YOSEMITE PARK HEADQUARTERS CA US,19960314,-9999,-9999,0
GHCND:USC00049855,YOSEMITE PARK HEADQUARTERS CA US,19960315,-9999,-9999,0
GHCND:USC00049855,YOSEMITE PARK HEADQUARTERS CA US,19960316,-9999,-9999,0
GHCND:USC00049855,YOSEMITE PARK HEADQUARTERS CA US,19960317,-9999,-9999,0
GHCND:USC00049855,YOSEMITE PARK HEADQUARTERS CA US,19960318,-9999,-9999,0
GHCND:USC00049855,YOSEMITE PARK HEADQUARTERS CA US,19960319,-9999,-9999,0
GHCND:USC00049855,YOSEMITE PARK HEADQUARTERS CA US,19960320,-9999,-9999,0
GHCND:USC00049855,YOSEMITE PARK HEADQUARTERS CA US,19960321,-9999,-9999,0
GHCND:USC00049855,YOSEMITE PARK HEADQUARTERS CA US,19960322,-9999,-9999,0
GHCND:USC00049855,YOSEMITE PARK HEADQUARTERS CA US,19960323,-9999,-9999,0.01
GHCND:USC00049855,YOSEMITE PARK HEADQUARTERS CA US,19960324,-9999,-9999,0
GHCND:USC00049855,YOSEMITE PARK HEADQUARTERS CA US,19960325,-9999,-9999,0
GHCND:USC00049855,YOSEMITE PARK HEADQUARTERS CA US,19960326,-9999,-9999,0
GHCND:USC00049855,YOSEMITE PARK HEADQUARTERS CA US,19960327,-9999,-9999,0
GHCND:USC00049855,YOSEMITE PARK HEADQUARTERS CA US,19960328,-9999,-9999,1.02
GHCND:USC00049855,YOSEMITE PARK HEADQUARTERS CA US,19960329,-9999,-9999,0.25
GHCND:USC00049855,YOSEMITE PARK HEADQUARTERS CA US,19960330,-9999,-9999,0
GHCND:USC00049855,YOSEMITE PARK HEADQUARTERS CA US,19960331,-9999,-9999,0
GHCND:USC00049855,YOSEMITE PARK HEADQUARTERS CA US,19960401,-9999,-9999,0
GHCND:USC00049855,YOSEMITE PARK HEADQUARTERS CA US,19960402,-9999,-9999,1.88
GHCND:USC00049855,YOSEMITE PARK HEADQUARTERS CA US,19960403,-9999,-9999,0
GHCND:USC00049855,YOSEMITE PARK HEADQUARTERS CA US,19960404,-9999,-9999,0
GHCND:USC00049855,YOSEMITE PARK HEADQUARTERS CA US,19960405,-9999,-9999,0
GHCND:USC00049855,YOSEMITE PARK HEADQUARTERS CA US,19960406,-9999,-9999,0
GHCND:USC00049855,YOSEMITE PARK HEADQUARTERS CA US,19960407,-9999,-9999,0
GHCND:USC00049855,YOSEMITE PARK HEADQUARTERS CA US,19960408,-9999,-9999,0
GHCND:USC00049855,YOSEMITE PARK HEADQUARTERS CA US,19960409,-9999,-9999,0
GHCND:USC00049855,YOSEMITE PARK HEADQUARTERS CA US,19960410,-9999,-9999,0
GHCND:USC00049855,YOSEMITE PARK HEADQUARTERS CA US,19960411,-9999,-9999,0
GHCND:USC00049855,YOSEMITE PARK HEADQUARTERS CA US,19960412,-9999,-9999,0
GHCND:USC00049855,YOSEMITE PARK HEADQUARTERS CA US,19960413,-9999,-9999,0
GHCND:USC00049855,YOSEMITE PARK HEADQUARTERS CA US,19960414,-9999,-9999,0
GHCND:USC00049855,YOSEMITE PARK HEADQUARTERS CA US,19960415,-9999,-9999,0
GHCND:USC00049855,YOSEMITE PARK HEADQUARTERS CA US,19960416,-9999,-9999,0.56
GHCND:USC00049855,YOSEMITE PARK HEADQUARTERS CA US,19960417,-9999,-9999,0.96
GHCND:USC00049855,YOSEMITE PARK HEADQUARTERS CA US,19960418,-9999,-9999,0.7
GHCND:USC00049855,YOSEMITE PARK HEADQUARTERS CA US,19960419,-9999,-9999,0
GHCND:USC00049855,YOSEMITE PARK HEADQUARTERS CA US,19960420,-9999,-9999,0
GHCND:USC00049855,YOSEMITE PARK HEADQUARTERS CA US,19960421,-9999,-9999,0
GHCND:USC00049855,YOSEMITE PARK HEADQUARTERS CA US,19960422,-9999,-9999,0
GHCND:USC00049855,YOSEMITE PARK HEADQUARTERS CA US,19960423,-9999,-9999,0
GHCND:USC00049855,YOSEMITE PARK HEADQUARTERS CA US,19960424,-9999,-9999,0
GHCND:USC00049855,YOSEMITE PARK HEADQUARTERS CA US,19960425,-9999,-9999,0
GHCND:USC00049855,YOSEMITE PARK HEADQUARTERS CA US,19960426,-9999,-9999,0
GHCND:USC00049855,YOSEMITE PARK HEADQUARTERS CA US,19960427,-9999,-9999,0
GHCND:USC00049855,YOSEMITE PARK HEADQUARTERS CA US,19960428,-9999,-9999,0
GHCND:USC00049855,YOSEMITE PARK HEADQUARTERS CA US,19960429,-9999,-9999,0
GHCND:USC00049855,YOSEMITE PARK HEADQUARTERS CA US,19960430,-9999,-9999,0
GHCND:USC00049855,YOSEMITE PARK HEADQUARTERS CA US,19960501,-9999,-9999,0
GHCND:USC00049855,YOSEMITE PARK HEADQUARTERS CA US,19960502,-9999,-9999,0
GHCND:USC00049855,YOSEMITE PARK HEADQUARTERS CA US,19960503,-9999,-9999,0
GHCND:USC00049855,YOSEMITE PARK HEADQUARTERS CA US,19960504,-9999,-9999,0
GHCND:USC00049855,YOSEMITE PARK HEADQUARTERS CA US,19960505,-9999,-9999,0
GHCND:USC00049855,YOSEMITE PARK HEADQUARTERS CA US,19960506,-9999,-9999,0
GHCND:USC00049855,YOSEMITE PARK HEADQUARTERS CA US,19960507,-9999,-9999,0
GHCND:USC00049855,YOSEMITE PARK HEADQUARTERS CA US,19960508,-9999,-9999,0
GHCND:USC00049855,YOSEMITE PARK HEADQUARTERS CA US,19960509,-9999,-9999,0
GHCND:USC00049855,YOSEMITE PARK HEADQUARTERS CA US,19960510,-9999,-9999,0
GHCND:USC00049855,YOSEMITE PARK HEADQUARTERS CA US,19960511,-9999,-9999,0
GHCND:USC00049855,YOSEMITE PARK HEADQUARTERS CA US,19960512,-9999,-9999,0
GHCND:USC00049855,YOSEMITE PARK HEADQUARTERS CA US,19960513,-9999,-9999,0
GHCND:USC00049855,YOSEMITE PARK HEADQUARTERS CA US,19960514,-9999,-9999,0
GHCND:USC00049855,YOSEMITE PARK HEADQUARTERS CA US,19960515,-9999,-9999,0.44
GHCND:USC00049855,YOSEMITE PARK HEADQUARTERS CA US,19960516,-9999,-9999,2.2
GHCND:USC00049855,YOSEMITE PARK HEADQUARTERS CA US,19960517,-9999,-9999,0.5
GHCND:USC00049855,YOSEMITE PARK HEADQUARTERS CA US,19960518,-9999,-9999,0
GHCND:USC00049855,YOSEMITE PARK HEADQUARTERS CA US,19960519,-9999,-9999,0.57
GHCND:USC00049855,YOSEMITE PARK HEADQUARTERS CA US,19960520,-9999,-9999,0
GHCND:USC00049855,YOSEMITE PARK HEADQUARTERS CA US,19960521,-9999,-9999,0
GHCND:USC00049855,YOSEMITE PARK HEADQUARTERS CA US,19960522,-9999,-9999,0
GHCND:USC00049855,YOSEMITE PARK HEADQUARTERS CA US,19960523,-9999,-9999,0.1
GHCND:USC00049855,YOSEMITE PARK HEADQUARTERS CA US,19960524,-9999,-9999,0
GHCND:USC00049855,YOSEMITE PARK HEADQUARTERS CA US,19960525,-9999,-9999,0
GHCND:USC00049855,YOSEMITE PARK HEADQUARTERS CA US,19960526,-9999,-9999,0
GHCND:USC00049855,YOSEMITE PARK HEADQUARTERS CA US,19960527,-9999,-9999,0
GHCND:USC00049855,YOSEMITE PARK HEADQUARTERS CA US,19960528,-9999,-9999,0
GHCND:USC00049855,YOSEMITE PARK HEADQUARTERS CA US,19960529,-9999,-9999,0
GHCND:USC00049855,YOSEMITE PARK HEADQUARTERS CA US,19960530,-9999,-9999,0
GHCND:USC00049855,YOSEMITE PARK HEADQUARTERS CA US,19960531,-9999,-9999,0
GHCND:USC00049855,YOSEMITE PARK HEADQUARTERS CA US,19960601,-9999,-9999,0
GHCND:USC00049855,YOSEMITE PARK HEADQUARTERS CA US,19960602,-9999,-9999,0
GHCND:USC00049855,YOSEMITE PARK HEADQUARTERS CA US,19960603,-9999,-9999,0
GHCND:USC00049855,YOSEMITE PARK HEADQUARTERS CA US,19960604,-9999,-9999,0
GHCND:USC00049855,YOSEMITE PARK HEADQUARTERS CA US,19960605,-9999,-9999,0
GHCND:USC00049855,YOSEMITE PARK HEADQUARTERS CA US,19960606,-9999,-9999,0
GHCND:USC00049855,YOSEMITE PARK HEADQUARTERS CA US,19960607,-9999,-9999,0
GHCND:USC00049855,YOSEMITE PARK HEADQUARTERS CA US,19960608,-9999,-9999,0
GHCND:USC00049855,YOSEMITE PARK HEADQUARTERS CA US,19960609,-9999,-9999,0
GHCND:USC00049855,YOSEMITE PARK HEADQUARTERS CA US,19960610,-9999,-9999,0
GHCND:USC00049855,YOSEMITE PARK HEADQUARTERS CA US,19960611,-9999,-9999,0
GHCND:USC00049855,YOSEMITE PARK HEADQUARTERS CA US,19960612,-9999,-9999,0
GHCND:USC00049855,YOSEMITE PARK HEADQUARTERS CA US,19960613,-9999,-9999,0
GHCND:USC00049855,YOSEMITE PARK HEADQUARTERS CA US,19960614,-9999,-9999,0
GHCND:USC00049855,YOSEMITE PARK HEADQUARTERS CA US,19960615,-9999,-9999,0
GHCND:USC00049855,YOSEMITE PARK HEADQUARTERS CA US,19960616,-9999,-9999,0
GHCND:USC00049855,YOSEMITE PARK HEADQUARTERS CA US,19960617,-9999,-9999,0
GHCND:USC00049855,YOSEMITE PARK HEADQUARTERS CA US,19960618,-9999,-9999,0
GHCND:USC00049855,YOSEMITE PARK HEADQUARTERS CA US,19960619,-9999,-9999,0
GHCND:USC00049855,YOSEMITE PARK HEADQUARTERS CA US,19960620,-9999,-9999,0
GHCND:USC00049855,YOSEMITE PARK HEADQUARTERS CA US,19960621,-9999,-9999,0
GHCND:USC00049855,YOSEMITE PARK HEADQUARTERS CA US,19960622,-9999,-9999,0
GHCND:USC00049855,YOSEMITE PARK HEADQUARTERS CA US,19960623,-9999,-9999,0
GHCND:USC00049855,YOSEMITE PARK HEADQUARTERS CA US,19960624,-9999,-9999,0
GHCND:USC00049855,YOSEMITE PARK HEADQUARTERS CA US,19960625,-9999,-9999,0
GHCND:USC00049855,YOSEMITE PARK HEADQUARTERS CA US,19960626,-9999,-9999,0.59
GHCND:USC00049855,YOSEMITE PARK HEADQUARTERS CA US,19960627,-9999,-9999,0.05
GHCND:USC00049855,YOSEMITE PARK HEADQUARTERS CA US,19960628,-9999,-9999,0
GHCND:USC00049855,YOSEMITE PARK HEADQUARTERS CA US,19960629,-9999,-9999,0
GHCND:USC00049855,YOSEMITE PARK HEADQUARTERS CA US,19960630,-9999,-9999,0
GHCND:USC00049855,YOSEMITE PARK HEADQUARTERS CA US,19960701,-9999,-9999,0
GHCND:USC00049855,YOSEMITE PARK HEADQUARTERS CA US,19960702,-9999,-9999,0
GHCND:USC00049855,YOSEMITE PARK HEADQUARTERS CA US,19960703,-9999,-9999,0
GHCND:USC00049855,YOSEMITE PARK HEADQUARTERS CA US,19960704,-9999,-9999,0
GHCND:USC00049855,YOSEMITE PARK HEADQUARTERS CA US,19960705,-9999,-9999,0
GHCND:USC00049855,YOSEMITE PARK HEADQUARTERS CA US,19960706,-9999,-9999,0
GHCND:USC00049855,YOSEMITE PARK HEADQUARTERS CA US,19960707,-9999,-9999,0
GHCND:USC00049855,YOSEMITE PARK HEADQUARTERS CA US,19960708,-9999,-9999,0
GHCND:USC00049855,YOSEMITE PARK HEADQUARTERS CA US,19960709,-9999,-9999,0
GHCND:USC00049855,YOSEMITE PARK HEADQUARTERS CA US,19960710,-9999,-9999,0
GHCND:USC00049855,YOSEMITE PARK HEADQUARTERS CA US,19960711,-9999,-9999,0
GHCND:USC00049855,YOSEMITE PARK HEADQUARTERS CA US,19960712,-9999,-9999,0
GHCND:USC00049855,YOSEMITE PARK HEADQUARTERS CA US,19960713,-9999,-9999,0
GHCND:USC00049855,YOSEMITE PARK HEADQUARTERS CA US,19960714,-9999,-9999,0
GHCND:USC00049855,YOSEMITE PARK HEADQUARTERS CA US,19960715,-9999,-9999,0
GHCND:USC00049855,YOSEMITE PARK HEADQUARTERS CA US,19960716,-9999,-9999,0
GHCND:USC00049855,YOSEMITE PARK HEADQUARTERS CA US,19960717,-9999,-9999,0
GHCND:USC00049855,YOSEMITE PARK HEADQUARTERS CA US,19960718,-9999,-9999,0
GHCND:USC00049855,YOSEMITE PARK HEADQUARTERS CA US,19960719,-9999,-9999,0
GHCND:USC00049855,YOSEMITE PARK HEADQUARTERS CA US,19960720,-9999,-9999,0
GHCND:USC00049855,YOSEMITE PARK HEADQUARTERS CA US,19960721,-9999,-9999,0
GHCND:USC00049855,YOSEMITE PARK HEADQUARTERS CA US,19960722,-9999,-9999,0
GHCND:USC00049855,YOSEMITE PARK HEADQUARTERS CA US,19960723,-9999,-9999,0
GHCND:USC00049855,YOSEMITE PARK HEADQUARTERS CA US,19960724,-9999,-9999,0
GHCND:USC00049855,YOSEMITE PARK HEADQUARTERS CA US,19960725,-9999,-9999,0
GHCND:USC00049855,YOSEMITE PARK HEADQUARTERS CA US,19960726,-9999,-9999,0
GHCND:USC00049855,YOSEMITE PARK HEADQUARTERS CA US,19960727,-9999,-9999,0
GHCND:USC00049855,YOSEMITE PARK HEADQUARTERS CA US,19960728,-9999,-9999,0
GHCND:USC00049855,YOSEMITE PARK HEADQUARTERS CA US,19960729,-9999,-9999,0
GHCND:USC00049855,YOSEMITE PARK HEADQUARTERS CA US,19960730,-9999,-9999,0
GHCND:USC00049855,YOSEMITE PARK HEADQUARTERS CA US,19960731,-9999,-9999,0
GHCND:USC00049855,YOSEMITE PARK HEADQUARTERS CA US,19960801,-9999,-9999,0
GHCND:USC00049855,YOSEMITE PARK HEADQUARTERS CA US,19960802,-9999,-9999,0
GHCND:USC00049855,YOSEMITE PARK HEADQUARTERS CA US,19960803,-9999,-9999,0
GHCND:USC00049855,YOSEMITE PARK HEADQUARTERS CA US,19960804,-9999,-9999,0
GHCND:USC00049855,YOSEMITE PARK HEADQUARTERS CA US,19960805,-9999,-9999,0
GHCND:USC00049855,YOSEMITE PARK HEADQUARTERS CA US,19960806,-9999,-9999,0
GHCND:USC00049855,YOSEMITE PARK HEADQUARTERS CA US,19960807,-9999,-9999,0
GHCND:USC00049855,YOSEMITE PARK HEADQUARTERS CA US,19960808,-9999,-9999,0
GHCND:USC00049855,YOSEMITE PARK HEADQUARTERS CA US,19960809,-9999,-9999,0
GHCND:USC00049855,YOSEMITE PARK HEADQUARTERS CA US,19960810,-9999,-9999,0
GHCND:USC00049855,YOSEMITE PARK HEADQUARTERS CA US,19960811,-9999,-9999,0.03
GHCND:USC00049855,YOSEMITE PARK HEADQUARTERS CA US,19960812,-9999,-9999,0
GHCND:USC00049855,YOSEMITE PARK HEADQUARTERS CA US,19960813,-9999,-9999,0
GHCND:USC00049855,YOSEMITE PARK HEADQUARTERS CA US,19960814,-9999,-9999,0
GHCND:USC00049855,YOSEMITE PARK HEADQUARTERS CA US,19960815,-9999,-9999,0
GHCND:USC00049855,YOSEMITE PARK HEADQUARTERS CA US,19960816,-9999,-9999,0
GHCND:USC00049855,YOSEMITE PARK HEADQUARTERS CA US,19960817,-9999,-9999,0
GHCND:USC00049855,YOSEMITE PARK HEADQUARTERS CA US,19960818,-9999,-9999,0
GHCND:USC00049855,YOSEMITE PARK HEADQUARTERS CA US,19960819,-9999,-9999,0
GHCND:USC00049855,YOSEMITE PARK HEADQUARTERS CA US,19960820,-9999,-9999,0
GHCND:USC00049855,YOSEMITE PARK HEADQUARTERS CA US,19960821,-9999,-9999,0
GHCND:USC00049855,YOSEMITE PARK HEADQUARTERS CA US,19960822,-9999,-9999,0
GHCND:USC00049855,YOSEMITE PARK HEADQUARTERS CA US,19960823,-9999,-9999,0
GHCND:USC00049855,YOSEMITE PARK HEADQUARTERS CA US,19960824,-9999,-9999,0
GHCND:USC00049855,YOSEMITE PARK HEADQUARTERS CA US,19960825,-9999,-9999,0
GHCND:USC00049855,YOSEMITE PARK HEADQUARTERS CA US,19960826,-9999,-9999,0
GHCND:USC00049855,YOSEMITE PARK HEADQUARTERS CA US,19960827,-9999,-9999,0
GHCND:USC00049855,YOSEMITE PARK HEADQUARTERS CA US,19960828,-9999,-9999,0
GHCND:USC00049855,YOSEMITE PARK HEADQUARTERS CA US,19960829,-9999,-9999,0
GHCND:USC00049855,YOSEMITE PARK HEADQUARTERS CA US,19960830,-9999,-9999,0
GHCND:USC00049855,YOSEMITE PARK HEADQUARTERS CA US,19960831,-9999,-9999,0
GHCND:USC00049855,YOSEMITE PARK HEADQUARTERS CA US,19960901,-9999,-9999,0
GHCND:USC00049855,YOSEMITE PARK HEADQUARTERS CA US,19960902,-9999,-9999,0
GHCND:USC00049855,YOSEMITE PARK HEADQUARTERS CA US,19960903,-9999,-9999,0
GHCND:USC00049855,YOSEMITE PARK HEADQUARTERS CA US,19960904,-9999,-9999,0
GHCND:USC00049855,YOSEMITE PARK HEADQUARTERS CA US,19960905,-9999,-9999,0
GHCND:USC00049855,YOSEMITE PARK HEADQUARTERS CA US,19960906,-9999,-9999,0
GHCND:USC00049855,YOSEMITE PARK HEADQUARTERS CA US,19960907,-9999,-9999,0
GHCND:USC00049855,YOSEMITE PARK HEADQUARTERS CA US,19960908,-9999,-9999,0
GHCND:USC00049855,YOSEMITE PARK HEADQUARTERS CA US,19960909,-9999,-9999,0
GHCND:USC00049855,YOSEMITE PARK HEADQUARTERS CA US,19960910,-9999,-9999,0
GHCND:USC00049855,YOSEMITE PARK HEADQUARTERS CA US,19960911,-9999,-9999,0
GHCND:USC00049855,YOSEMITE PARK HEADQUARTERS CA US,19960912,-9999,-9999,0
GHCND:USC00049855,YOSEMITE PARK HEADQUARTERS CA US,19960913,-9999,-9999,0
GHCND:USC00049855,YOSEMITE PARK HEADQUARTERS CA US,19960914,-9999,-9999,0.12
GHCND:USC00049855,YOSEMITE PARK HEADQUARTERS CA US,19960915,-9999,-9999,0
GHCND:USC00049855,YOSEMITE PARK HEADQUARTERS CA US,19960916,-9999,-9999,0
GHCND:USC00049855,YOSEMITE PARK HEADQUARTERS CA US,19960917,-9999,-9999,0
GHCND:USC00049855,YOSEMITE PARK HEADQUARTERS CA US,19960918,-9999,-9999,0
GHCND:USC00049855,YOSEMITE PARK HEADQUARTERS CA US,19960919,-9999,-9999,0
GHCND:USC00049855,YOSEMITE PARK HEADQUARTERS CA US,19960920,-9999,-9999,0
GHCND:USC00049855,YOSEMITE PARK HEADQUARTERS CA US,19960921,-9999,-9999,0
GHCND:USC00049855,YOSEMITE PARK HEADQUARTERS CA US,19960922,-9999,-9999,0
GHCND:USC00049855,YOSEMITE PARK HEADQUARTERS CA US,19960923,-9999,-9999,0
GHCND:USC00049855,YOSEMITE PARK HEADQUARTERS CA US,19960924,-9999,-9999,0
GHCND:USC00049855,YOSEMITE PARK HEADQUARTERS CA US,19960925,-9999,-9999,0
GHCND:USC00049855,YOSEMITE PARK HEADQUARTERS CA US,19960926,-9999,-9999,0
GHCND:USC00049855,YOSEMITE PARK HEADQUARTERS CA US,19960927,-9999,-9999,0
GHCND:USC00049855,YOSEMITE PARK HEADQUARTERS CA US,19960928,-9999,-9999,0
GHCND:USC00049855,YOSEMITE PARK HEADQUARTERS CA US,19960929,-9999,-9999,0
GHCND:USC00049855,YOSEMITE PARK HEADQUARTERS CA US,19960930,-9999,-9999,0
GHCND:USC00049855,YOSEMITE PARK HEADQUARTERS CA US,19961001,-9999,-9999,0
GHCND:USC00049855,YOSEMITE PARK HEADQUARTERS CA US,19961002,-9999,-9999,0
GHCND:USC00049855,YOSEMITE PARK HEADQUARTERS CA US,19961003,-9999,-9999,0
GHCND:USC00049855,YOSEMITE PARK HEADQUARTERS CA US,19961004,-9999,-9999,0
GHCND:USC00049855,YOSEMITE PARK HEADQUARTERS CA US,19961005,-9999,-9999,0
GHCND:USC00049855,YOSEMITE PARK HEADQUARTERS CA US,19961006,-9999,-9999,0
GHCND:USC00049855,YOSEMITE PARK HEADQUARTERS CA US,19961007,-9999,-9999,0
GHCND:USC00049855,YOSEMITE PARK HEADQUARTERS CA US,19961008,-9999,-9999,0
GHCND:USC00049855,YOSEMITE PARK HEADQUARTERS CA US,19961009,-9999,-9999,0
GHCND:USC00049855,YOSEMITE PARK HEADQUARTERS CA US,19961010,-9999,-9999,0
GHCND:USC00049855,YOSEMITE PARK HEADQUARTERS CA US,19961011,-9999,-9999,0
GHCND:USC00049855,YOSEMITE PARK HEADQUARTERS CA US,19961012,-9999,-9999,0
GHCND:USC00049855,YOSEMITE PARK HEADQUARTERS CA US,19961013,-9999,-9999,0
GHCND:USC00049855,YOSEMITE PARK HEADQUARTERS CA US,19961014,-9999,-9999,0
GHCND:USC00049855,YOSEMITE PARK HEADQUARTERS CA US,19961015,-9999,-9999,0
GHCND:USC00049855,YOSEMITE PARK HEADQUARTERS CA US,19961016,-9999,-9999,0
GHCND:USC00049855,YOSEMITE PARK HEADQUARTERS CA US,19961017,-9999,-9999,0
GHCND:USC00049855,YOSEMITE PARK HEADQUARTERS CA US,19961018,-9999,-9999,0
GHCND:USC00049855,YOSEMITE PARK HEADQUARTERS CA US,19961019,-9999,-9999,0.5
GHCND:USC00049855,YOSEMITE PARK HEADQUARTERS CA US,19961020,-9999,-9999,0
GHCND:USC00049855,YOSEMITE PARK HEADQUARTERS CA US,19961021,-9999,-9999,0
GHCND:USC00049855,YOSEMITE PARK HEADQUARTERS CA US,19961022,-9999,-9999,0
GHCND:USC00049855,YOSEMITE PARK HEADQUARTERS CA US,19961023,-9999,-9999,0
GHCND:USC00049855,YOSEMITE PARK HEADQUARTERS CA US,19961024,-9999,-9999,0.53
GHCND:USC00049855,YOSEMITE PARK HEADQUARTERS CA US,19961025,-9999,-9999,0
GHCND:USC00049855,YOSEMITE PARK HEADQUARTERS CA US,19961026,-9999,-9999,0.81
GHCND:USC00049855,YOSEMITE PARK HEADQUARTERS CA US,19961027,-9999,-9999,0
GHCND:USC00049855,YOSEMITE PARK HEADQUARTERS CA US,19961028,-9999,-9999,0
GHCND:USC00049855,YOSEMITE PARK HEADQUARTERS CA US,19961029,-9999,-9999,0.65
GHCND:USC00049855,YOSEMITE PARK HEADQUARTERS CA US,19961030,-9999,-9999,1.28
GHCND:USC00049855,YOSEMITE PARK HEADQUARTERS CA US,19961031,-9999,-9999,1.72
GHCND:USC00049855,YOSEMITE PARK HEADQUARTERS CA US,19961101,-9999,-9999,0
GHCND:USC00049855,YOSEMITE PARK HEADQUARTERS CA US,19961102,-9999,-9999,0
GHCND:USC00049855,YOSEMITE PARK HEADQUARTERS CA US,19961103,-9999,-9999,0
GHCND:USC00049855,YOSEMITE PARK HEADQUARTERS CA US,19961104,-9999,-9999,0
GHCND:USC00049855,YOSEMITE PARK HEADQUARTERS CA US,19961105,-9999,-9999,0
GHCND:USC00049855,YOSEMITE PARK HEADQUARTERS CA US,19961106,-9999,-9999,0
GHCND:USC00049855,YOSEMITE PARK HEADQUARTERS CA US,19961107,-9999,-9999,0
GHCND:USC00049855,YOSEMITE PARK HEADQUARTERS CA US,19961108,-9999,-9999,0
GHCND:USC00049855,YOSEMITE PARK HEADQUARTERS CA US,19961109,-9999,-9999,0
GHCND:USC00049855,YOSEMITE PARK HEADQUARTERS CA US,19961110,-9999,-9999,0
GHCND:USC00049855,YOSEMITE PARK HEADQUARTERS CA US,19961111,-9999,-9999,0
GHCND:USC00049855,YOSEMITE PARK HEADQUARTERS CA US,19961112,-9999,-9999,0
GHCND:USC00049855,YOSEMITE PARK HEADQUARTERS CA US,19961113,-9999,-9999,0
GHCND:USC00049855,YOSEMITE PARK HEADQUARTERS CA US,19961114,-9999,-9999,0
GHCND:USC00049855,YOSEMITE PARK HEADQUARTERS CA US,19961115,-9999,-9999,0
GHCND:USC00049855,YOSEMITE PARK HEADQUARTERS CA US,19961116,-9999,-9999,0.07
GHCND:USC00049855,YOSEMITE PARK HEADQUARTERS CA US,19961117,-9999,-9999,3.7
GHCND:USC00049855,YOSEMITE PARK HEADQUARTERS CA US,19961118,-9999,-9999,2.6
GHCND:USC00049855,YOSEMITE PARK HEADQUARTERS CA US,19961119,-9999,-9999,0
GHCND:USC00049855,YOSEMITE PARK HEADQUARTERS CA US,19961120,-9999,-9999,0.77
GHCND:USC00049855,YOSEMITE PARK HEADQUARTERS CA US,19961121,-9999,-9999,0
GHCND:USC00049855,YOSEMITE PARK HEADQUARTERS CA US,19961122,-9999,-9999,2.78
GHCND:USC00049855,YOSEMITE PARK HEADQUARTERS CA US,19961123,-9999,-9999,1
GHCND:USC00049855,YOSEMITE PARK HEADQUARTERS CA US,19961124,-9999,-9999,0
GHCND:USC00049855,YOSEMITE PARK HEADQUARTERS CA US,19961125,-9999,-9999,0
GHCND:USC00049855,YOSEMITE PARK HEADQUARTERS CA US,19961126,-9999,-9999,0
GHCND:USC00049855,YOSEMITE PARK HEADQUARTERS CA US,19961127,-9999,-9999,0
GHCND:USC00049855,YOSEMITE PARK HEADQUARTERS CA US,19961128,-9999,-9999,0
GHCND:USC00049855,YOSEMITE PARK HEADQUARTERS CA US,19961129,-9999,-9999,0.07
GHCND:USC00049855,YOSEMITE PARK HEADQUARTERS CA US,19961130,-9999,-9999,0
GHCND:USC00049855,YOSEMITE PARK HEADQUARTERS CA US,19961201,-9999,-9999,0
GHCND:USC00049855,YOSEMITE PARK HEADQUARTERS CA US,19961202,-9999,-9999,0
GHCND:USC00049855,YOSEMITE PARK HEADQUARTERS CA US,19961203,-9999,-9999,0
GHCND:USC00049855,YOSEMITE PARK HEADQUARTERS CA US,19961204,-9999,-9999,0
GHCND:USC00049855,YOSEMITE PARK HEADQUARTERS CA US,19961205,-9999,-9999,0
GHCND:USC00049855,YOSEMITE PARK HEADQUARTERS CA US,19961206,-9999,-9999,1.62
GHCND:USC00049855,YOSEMITE PARK HEADQUARTERS CA US,19961207,-9999,-9999,0
GHCND:USC00049855,YOSEMITE PARK HEADQUARTERS CA US,19961208,-9999,-9999,0
GHCND:USC00049855,YOSEMITE PARK HEADQUARTERS CA US,19961209,-9999,-9999,0
GHCND:USC00049855,YOSEMITE PARK HEADQUARTERS CA US,19961210,-9999,-9999,2.05
GHCND:USC00049855,YOSEMITE PARK HEADQUARTERS CA US,19961211,-9999,-9999,2.03
GHCND:USC00049855,YOSEMITE PARK HEADQUARTERS CA US,19961212,-9999,-9999,0.42
GHCND:USC00049855,YOSEMITE PARK HEADQUARTERS CA US,19961213,-9999,-9999,0.19
GHCND:USC00049855,YOSEMITE PARK HEADQUARTERS CA US,19961214,-9999,-9999,0
GHCND:USC00049855,YOSEMITE PARK HEADQUARTERS CA US,19961215,-9999,-9999,0
GHCND:USC00049855,YOSEMITE PARK HEADQUARTERS CA US,19961216,-9999,-9999,0
GHCND:USC00049855,YOSEMITE PARK HEADQUARTERS CA US,19961217,-9999,-9999,0
GHCND:USC00049855,YOSEMITE PARK HEADQUARTERS CA US,19961218,-9999,-9999,0
GHCND:USC00049855,YOSEMITE PARK HEADQUARTERS CA US,19961219,-9999,-9999,0
GHCND:USC00049855,YOSEMITE PARK HEADQUARTERS CA US,19961220,-9999,-9999,0
GHCND:USC00049855,YOSEMITE PARK HEADQUARTERS CA US,19961221,-9999,-9999,1.5
GHCND:USC00049855,YOSEMITE PARK HEADQUARTERS CA US,19961222,-9999,-9999,0.73
GHCND:USC00049855,YOSEMITE PARK HEADQUARTERS CA US,19961223,-9999,-9999,0
GHCND:USC00049855,YOSEMITE PARK HEADQUARTERS CA US,19961224,-9999,-9999,0
GHCND:USC00049855,YOSEMITE PARK HEADQUARTERS CA US,19961225,-9999,-9999,0
GHCND:USC00049855,YOSEMITE PARK HEADQUARTERS CA US,19961226,-9999,-9999,0
GHCND:USC00049855,YOSEMITE PARK HEADQUARTERS CA US,19961227,-9999,-9999,0
GHCND:USC00049855,YOSEMITE PARK HEADQUARTERS CA US,19961228,-9999,-9999,0.13
GHCND:USC00049855,YOSEMITE PARK HEADQUARTERS CA US,19961229,-9999,-9999,1.6
GHCND:USC00049855,YOSEMITE PARK HEADQUARTERS CA US,19961230,-9999,-9999,0
GHCND:USC00049855,YOSEMITE PARK HEADQUARTERS CA US,19961231,-9999,-9999,0.41
GHCND:USC00049855,YOSEMITE PARK HEADQUARTERS CA US,19970101,-9999,-9999,1.44
GHCND:USC00049855,YOSEMITE PARK HEADQUARTERS CA US,19970102,-9999,-9999,3.83
GHCND:USC00049855,YOSEMITE PARK HEADQUARTERS CA US,19970103,-9999,-9999,0
GHCND:USC00049855,YOSEMITE PARK HEADQUARTERS CA US,19970104,-9999,-9999,0
GHCND:USC00049855,YOSEMITE PARK HEADQUARTERS CA US,19970105,-9999,-9999,1.05
GHCND:USC00049855,YOSEMITE PARK HEADQUARTERS CA US,19970106,-9999,-9999,0
GHCND:USC00049855,YOSEMITE PARK HEADQUARTERS CA US,19970107,-9999,-9999,0
GHCND:USC00049855,YOSEMITE PARK HEADQUARTERS CA US,19970108,-9999,-9999,0
GHCND:USC00049855,YOSEMITE PARK HEADQUARTERS CA US,19970109,-9999,-9999,0
GHCND:USC00049855,YOSEMITE PARK HEADQUARTERS CA US,19970110,-9999,-9999,0
GHCND:USC00049855,YOSEMITE PARK HEADQUARTERS CA US,19970111,-9999,-9999,0
GHCND:USC00049855,YOSEMITE PARK HEADQUARTERS CA US,19970112,-9999,-9999,0.04
GHCND:USC00049855,YOSEMITE PARK HEADQUARTERS CA US,19970113,-9999,-9999,0.8
GHCND:USC00049855,YOSEMITE PARK HEADQUARTERS CA US,19970114,-9999,-9999,0
GHCND:USC00049855,YOSEMITE PARK HEADQUARTERS CA US,19970115,-9999,-9999,0
GHCND:USC00049855,YOSEMITE PARK HEADQUARTERS CA US,19970116,-9999,-9999,0
GHCND:USC00049855,YOSEMITE PARK HEADQUARTERS CA US,19970117,-9999,-9999,0
GHCND:USC00049855,YOSEMITE PARK HEADQUARTERS CA US,19970118,-9999,-9999,0
GHCND:USC00049855,YOSEMITE PARK HEADQUARTERS CA US,19970119,-9999,-9999,0.99
GHCND:USC00049855,YOSEMITE PARK HEADQUARTERS CA US,19970120,-9999,-9999,1.6
GHCND:USC00049855,YOSEMITE PARK HEADQUARTERS CA US,19970121,-9999,-9999,0.57
GHCND:USC00049855,YOSEMITE PARK HEADQUARTERS CA US,19970122,-9999,-9999,0
GHCND:USC00049855,YOSEMITE PARK HEADQUARTERS CA US,19970123,-9999,-9999,2.97
GHCND:USC00049855,YOSEMITE PARK HEADQUARTERS CA US,19970124,-9999,-9999,0
GHCND:USC00049855,YOSEMITE PARK HEADQUARTERS CA US,19970125,-9999,-9999,2.14
GHCND:USC00049855,YOSEMITE PARK HEADQUARTERS CA US,19970126,-9999,-9999,1.12
GHCND:USC00049855,YOSEMITE PARK HEADQUARTERS CA US,19970127,-9999,-9999,1.02
GHCND:USC00049855,YOSEMITE PARK HEADQUARTERS CA US,19970128,-9999,-9999,0
GHCND:USC00049855,YOSEMITE PARK HEADQUARTERS CA US,19970129,-9999,-9999,0
GHCND:USC00049855,YOSEMITE PARK HEADQUARTERS CA US,19970130,-9999,-9999,0
GHCND:USC00049855,YOSEMITE PARK HEADQUARTERS CA US,19970131,-9999,-9999,0
GHCND:USC00049855,YOSEMITE PARK HEADQUARTERS CA US,19970201,-9999,-9999,0
GHCND:USC00049855,YOSEMITE PARK HEADQUARTERS CA US,19970202,-9999,-9999,0
GHCND:USC00049855,YOSEMITE PARK HEADQUARTERS CA US,19970203,-9999,-9999,0
GHCND:USC00049855,YOSEMITE PARK HEADQUARTERS CA US,19970204,-9999,-9999,0
GHCND:USC00049855,YOSEMITE PARK HEADQUARTERS CA US,19970205,-9999,-9999,0
GHCND:USC00049855,YOSEMITE PARK HEADQUARTERS CA US,19970206,-9999,-9999,0
GHCND:USC00049855,YOSEMITE PARK HEADQUARTERS CA US,19970207,-9999,-9999,0
GHCND:USC00049855,YOSEMITE PARK HEADQUARTERS CA US,19970208,-9999,-9999,0
GHCND:USC00049855,YOSEMITE PARK HEADQUARTERS CA US,19970209,-9999,-9999,0
GHCND:USC00049855,YOSEMITE PARK HEADQUARTERS CA US,19970210,-9999,-9999,0
GHCND:USC00049855,YOSEMITE PARK HEADQUARTERS CA US,19970211,-9999,-9999,0
GHCND:USC00049855,YOSEMITE PARK HEADQUARTERS CA US,19970212,-9999,-9999,0
GHCND:USC00049855,YOSEMITE PARK HEADQUARTERS CA US,19970213,-9999,-9999,0
GHCND:USC00049855,YOSEMITE PARK HEADQUARTERS CA US,19970214,-9999,-9999,0
GHCND:USC00049855,YOSEMITE PARK HEADQUARTERS CA US,19970215,-9999,-9999,0
GHCND:USC00049855,YOSEMITE PARK HEADQUARTERS CA US,19970216,-9999,-9999,0
GHCND:USC00049855,YOSEMITE PARK HEADQUARTERS CA US,19970217,-9999,-9999,0.47
GHCND:USC00049855,YOSEMITE PARK HEADQUARTERS CA US,19970218,-9999,-9999,0
GHCND:USC00049855,YOSEMITE PARK HEADQUARTERS CA US,19970219,-9999,-9999,0
GHCND:USC00049855,YOSEMITE PARK HEADQUARTERS CA US,19970220,-9999,-9999,0
GHCND:USC00049855,YOSEMITE PARK HEADQUARTERS CA US,19970221,-9999,-9999,0
GHCND:USC00049855,YOSEMITE PARK HEADQUARTERS CA US,19970222,-9999,-9999,0
GHCND:USC00049855,YOSEMITE PARK HEADQUARTERS CA US,19970223,-9999,-9999,0
GHCND:USC00049855,YOSEMITE PARK HEADQUARTERS CA US,19970224,-9999,-9999,0
GHCND:USC00049855,YOSEMITE PARK HEADQUARTERS CA US,19970225,-9999,-9999,0
GHCND:USC00049855,YOSEMITE PARK HEADQUARTERS CA US,19970226,-9999,-9999,0.14
GHCND:USC00049855,YOSEMITE PARK HEADQUARTERS CA US,19970227,-9999,-9999,0.14
GHCND:USC00049855,YOSEMITE PARK HEADQUARTERS CA US,19970228,-9999,-9999,0.1
GHCND:USC00049855,YOSEMITE PARK HEADQUARTERS CA US,19970301,-9999,-9999,0
GHCND:USC00049855,YOSEMITE PARK HEADQUARTERS CA US,19970302,-9999,-9999,0
GHCND:USC00049855,YOSEMITE PARK HEADQUARTERS CA US,19970303,-9999,-9999,0
GHCND:USC00049855,YOSEMITE PARK HEADQUARTERS CA US,19970304,-9999,-9999,0
GHCND:USC00049855,YOSEMITE PARK HEADQUARTERS CA US,19970305,-9999,-9999,0
GHCND:USC00049855,YOSEMITE PARK HEADQUARTERS CA US,19970306,-9999,-9999,0
GHCND:USC00049855,YOSEMITE PARK HEADQUARTERS CA US,19970307,-9999,-9999,0
GHCND:USC00049855,YOSEMITE PARK HEADQUARTERS CA US,19970308,-9999,-9999,0
GHCND:USC00049855,YOSEMITE PARK HEADQUARTERS CA US,19970309,-9999,-9999,0
GHCND:USC00049855,YOSEMITE PARK HEADQUARTERS CA US,19970310,-9999,-9999,0
GHCND:USC00049855,YOSEMITE PARK HEADQUARTERS CA US,19970311,-9999,-9999,0
GHCND:USC00049855,YOSEMITE PARK HEADQUARTERS CA US,19970312,-9999,-9999,0
GHCND:USC00049855,YOSEMITE PARK HEADQUARTERS CA US,19970313,-9999,-9999,0
GHCND:USC00049855,YOSEMITE PARK HEADQUARTERS CA US,19970314,-9999,-9999,0
GHCND:USC00049855,YOSEMITE PARK HEADQUARTERS CA US,19970315,-9999,-9999,0
GHCND:USC00049855,YOSEMITE PARK HEADQUARTERS CA US,19970316,-9999,-9999,0
GHCND:USC00049855,YOSEMITE PARK HEADQUARTERS CA US,19970317,-9999,-9999,0.01
GHCND:USC00049855,YOSEMITE PARK HEADQUARTERS CA US,19970318,-9999,-9999,0
GHCND:USC00049855,YOSEMITE PARK HEADQUARTERS CA US,19970319,-9999,-9999,0
GHCND:USC00049855,YOSEMITE PARK HEADQUARTERS CA US,19970320,-9999,-9999,0
GHCND:USC00049855,YOSEMITE PARK HEADQUARTERS CA US,19970321,-9999,-9999,0
GHCND:USC00049855,YOSEMITE PARK HEADQUARTERS CA US,19970322,-9999,-9999,0
GHCND:USC00049855,YOSEMITE PARK HEADQUARTERS CA US,19970323,-9999,-9999,0
GHCND:USC00049855,YOSEMITE PARK HEADQUARTERS CA US,19970324,-9999,-9999,0
GHCND:USC00049855,YOSEMITE PARK HEADQUARTERS CA US,19970325,-9999,-9999,0
GHCND:USC00049855,YOSEMITE PARK HEADQUARTERS CA US,19970326,-9999,-9999,0
GHCND:USC00049855,YOSEMITE PARK HEADQUARTERS CA US,19970327,-9999,-9999,0
GHCND:USC00049855,YOSEMITE PARK HEADQUARTERS CA US,19970328,-9999,-9999,0
GHCND:USC00049855,YOSEMITE PARK HEADQUARTERS CA US,19970329,-9999,-9999,0
GHCND:USC00049855,YOSEMITE PARK HEADQUARTERS CA US,19970330,-9999,-9999,0
GHCND:USC00049855,YOSEMITE PARK HEADQUARTERS CA US,19970331,-9999,-9999,0.23
GHCND:USC00049855,YOSEMITE PARK HEADQUARTERS CA US,19970401,-9999,-9999,0
GHCND:USC00049855,YOSEMITE PARK HEADQUARTERS CA US,19970402,-9999,-9999,0
GHCND:USC00049855,YOSEMITE PARK HEADQUARTERS CA US,19970403,-9999,-9999,0
GHCND:USC00049855,YOSEMITE PARK HEADQUARTERS CA US,19970404,-9999,-9999,0
GHCND:USC00049855,YOSEMITE PARK HEADQUARTERS CA US,19970405,-9999,-9999,0
GHCND:USC00049855,YOSEMITE PARK HEADQUARTERS CA US,19970406,-9999,-9999,0
GHCND:USC00049855,YOSEMITE PARK HEADQUARTERS CA US,19970407,-9999,-9999,0
GHCND:USC00049855,YOSEMITE PARK HEADQUARTERS CA US,19970408,-9999,-9999,0
GHCND:USC00049855,YOSEMITE PARK HEADQUARTERS CA US,19970409,-9999,-9999,0
GHCND:USC00049855,YOSEMITE PARK HEADQUARTERS CA US,19970410,-9999,-9999,0
GHCND:USC00049855,YOSEMITE PARK HEADQUARTERS CA US,19970411,-9999,-9999,0
GHCND:USC00049855,YOSEMITE PARK HEADQUARTERS CA US,19970412,-9999,-9999,0
GHCND:USC00049855,YOSEMITE PARK HEADQUARTERS CA US,19970413,-9999,-9999,0
GHCND:USC00049855,YOSEMITE PARK HEADQUARTERS CA US,19970414,-9999,-9999,0
GHCND:USC00049855,YOSEMITE PARK HEADQUARTERS CA US,19970415,-9999,-9999,0.01
GHCND:USC00049855,YOSEMITE PARK HEADQUARTERS CA US,19970416,-9999,-9999,0
GHCND:USC00049855,YOSEMITE PARK HEADQUARTERS CA US,19970417,-9999,-9999,0
GHCND:USC00049855,YOSEMITE PARK HEADQUARTERS CA US,19970418,-9999,-9999,0
GHCND:USC00049855,YOSEMITE PARK HEADQUARTERS CA US,19970419,-9999,-9999,0.58
GHCND:USC00049855,YOSEMITE PARK HEADQUARTERS CA US,19970420,-9999,-9999,0.2
GHCND:USC00049855,YOSEMITE PARK HEADQUARTERS CA US,19970421,-9999,-9999,0
GHCND:USC00049855,YOSEMITE PARK HEADQUARTERS CA US,19970422,-9999,-9999,0
GHCND:USC00049855,YOSEMITE PARK HEADQUARTERS CA US,19970423,-9999,-9999,0.14
GHCND:USC00049855,YOSEMITE PARK HEADQUARTERS CA US,19970424,-9999,-9999,0
GHCND:USC00049855,YOSEMITE PARK HEADQUARTERS CA US,19970425,-9999,-9999,0
GHCND:USC00049855,YOSEMITE PARK HEADQUARTERS CA US,19970426,-9999,-9999,0
GHCND:USC00049855,YOSEMITE PARK HEADQUARTERS CA US,19970427,-9999,-9999,0
GHCND:USC00049855,YOSEMITE PARK HEADQUARTERS CA US,19970428,-9999,-9999,0
GHCND:USC00049855,YOSEMITE PARK HEADQUARTERS CA US,19970429,-9999,-9999,0
GHCND:USC00049855,YOSEMITE PARK HEADQUARTERS CA US,19970430,-9999,-9999,0
GHCND:USC00049855,YOSEMITE PARK HEADQUARTERS CA US,19970501,-9999,-9999,0
GHCND:USC00049855,YOSEMITE PARK HEADQUARTERS CA US,19970502,-9999,-9999,0
GHCND:USC00049855,YOSEMITE PARK HEADQUARTERS CA US,19970503,-9999,-9999,0
GHCND:USC00049855,YOSEMITE PARK HEADQUARTERS CA US,19970504,-9999,-9999,0
GHCND:USC00049855,YOSEMITE PARK HEADQUARTERS CA US,19970505,-9999,-9999,0
GHCND:USC00049855,YOSEMITE PARK HEADQUARTERS CA US,19970506,-9999,-9999,0
GHCND:USC00049855,YOSEMITE PARK HEADQUARTERS CA US,19970507,-9999,-9999,0
GHCND:USC00049855,YOSEMITE PARK HEADQUARTERS CA US,19970508,-9999,-9999,0
GHCND:USC00049855,YOSEMITE PARK HEADQUARTERS CA US,19970509,-9999,-9999,0
GHCND:USC00049855,YOSEMITE PARK HEADQUARTERS CA US,19970510,-9999,-9999,0
GHCND:USC00049855,YOSEMITE PARK HEADQUARTERS CA US,19970511,-9999,-9999,0
GHCND:USC00049855,YOSEMITE PARK HEADQUARTERS CA US,19970512,-9999,-9999,0.13
GHCND:USC00049855,YOSEMITE PARK HEADQUARTERS CA US,19970513,-9999,-9999,0
GHCND:USC00049855,YOSEMITE PARK HEADQUARTERS CA US,19970514,-9999,-9999,0
GHCND:USC00049855,YOSEMITE PARK HEADQUARTERS CA US,19970515,-9999,-9999,0
GHCND:USC00049855,YOSEMITE PARK HEADQUARTERS CA US,19970516,-9999,-9999,0
GHCND:USC00049855,YOSEMITE PARK HEADQUARTERS CA US,19970517,-9999,-9999,0
GHCND:USC00049855,YOSEMITE PARK HEADQUARTERS CA US,19970518,-9999,-9999,0
GHCND:USC00049855,YOSEMITE PARK HEADQUARTERS CA US,19970519,-9999,-9999,0.03
GHCND:USC00049855,YOSEMITE PARK HEADQUARTERS CA US,19970520,-9999,-9999,0
GHCND:USC00049855,YOSEMITE PARK HEADQUARTERS CA US,19970521,-9999,-9999,0
GHCND:USC00049855,YOSEMITE PARK HEADQUARTERS CA US,19970522,-9999,-9999,0
GHCND:USC00049855,YOSEMITE PARK HEADQUARTERS CA US,19970523,-9999,-9999,0
GHCND:USC00049855,YOSEMITE PARK HEADQUARTERS CA US,19970524,-9999,-9999,0.37
GHCND:USC00049855,YOSEMITE PARK HEADQUARTERS CA US,19970525,-9999,-9999,0
GHCND:USC00049855,YOSEMITE PARK HEADQUARTERS CA US,19970526,-9999,-9999,0
GHCND:USC00049855,YOSEMITE PARK HEADQUARTERS CA US,19970527,-9999,-9999,0
GHCND:USC00049855,YOSEMITE PARK HEADQUARTERS CA US,19970528,-9999,-9999,0
GHCND:USC00049855,YOSEMITE PARK HEADQUARTERS CA US,19970529,-9999,-9999,0
GHCND:USC00049855,YOSEMITE PARK HEADQUARTERS CA US,19970530,-9999,-9999,0
GHCND:USC00049855,YOSEMITE PARK HEADQUARTERS CA US,19970531,-9999,-9999,0
GHCND:USC00049855,YOSEMITE PARK HEADQUARTERS CA US,19970601,-9999,-9999,0
GHCND:USC00049855,YOSEMITE PARK HEADQUARTERS CA US,19970602,-9999,-9999,0
GHCND:USC00049855,YOSEMITE PARK HEADQUARTERS CA US,19970603,-9999,-9999,0
GHCND:USC00049855,YOSEMITE PARK HEADQUARTERS CA US,19970604,-9999,-9999,0.21
GHCND:USC00049855,YOSEMITE PARK HEADQUARTERS CA US,19970605,-9999,-9999,0.16
GHCND:USC00049855,YOSEMITE PARK HEADQUARTERS CA US,19970606,-9999,-9999,0.21
GHCND:USC00049855,YOSEMITE PARK HEADQUARTERS CA US,19970607,-9999,-9999,0
GHCND:USC00049855,YOSEMITE PARK HEADQUARTERS CA US,19970608,-9999,-9999,0
GHCND:USC00049855,YOSEMITE PARK HEADQUARTERS CA US,19970609,-9999,-9999,0
GHCND:USC00049855,YOSEMITE PARK HEADQUARTERS CA US,19970610,-9999,-9999,0
GHCND:USC00049855,YOSEMITE PARK HEADQUARTERS CA US,19970611,-9999,-9999,0
GHCND:USC00049855,YOSEMITE PARK HEADQUARTERS CA US,19970612,-9999,-9999,0
GHCND:USC00049855,YOSEMITE PARK HEADQUARTERS CA US,19970613,-9999,-9999,0
GHCND:USC00049855,YOSEMITE PARK HEADQUARTERS CA US,19970614,-9999,-9999,0
GHCND:USC00049855,YOSEMITE PARK HEADQUARTERS CA US,19970615,-9999,-9999,0
GHCND:USC00049855,YOSEMITE PARK HEADQUARTERS CA US,19970616,-9999,-9999,0
GHCND:USC00049855,YOSEMITE PARK HEADQUARTERS CA US,19970617,-9999,-9999,0.07
GHCND:USC00049855,YOSEMITE PARK HEADQUARTERS CA US,19970618,-9999,-9999,0
GHCND:USC00049855,YOSEMITE PARK HEADQUARTERS CA US,19970619,-9999,-9999,0
GHCND:USC00049855,YOSEMITE PARK HEADQUARTERS CA US,19970620,-9999,-9999,0
GHCND:USC00049855,YOSEMITE PARK HEADQUARTERS CA US,19970621,-9999,-9999,0
GHCND:USC00049855,YOSEMITE PARK HEADQUARTERS CA US,19970622,-9999,-9999,0
GHCND:USC00049855,YOSEMITE PARK HEADQUARTERS CA US,19970623,-9999,-9999,0
GHCND:USC00049855,YOSEMITE PARK HEADQUARTERS CA US,19970624,-9999,-9999,0
GHCND:USC00049855,YOSEMITE PARK HEADQUARTERS CA US,19970625,-9999,-9999,0
GHCND:USC00049855,YOSEMITE PARK HEADQUARTERS CA US,19970626,-9999,-9999,0
GHCND:USC00049855,YOSEMITE PARK HEADQUARTERS CA US,19970627,-9999,-9999,0
GHCND:USC00049855,YOSEMITE PARK HEADQUARTERS CA US,19970628,-9999,-9999,0
GHCND:USC00049855,YOSEMITE PARK HEADQUARTERS CA US,19970629,-9999,-9999,0
GHCND:USC00049855,YOSEMITE PARK HEADQUARTERS CA US,19970630,-9999,-9999,0
GHCND:USC00049855,YOSEMITE PARK HEADQUARTERS CA US,19970701,-9999,-9999,0
GHCND:USC00049855,YOSEMITE PARK HEADQUARTERS CA US,19970702,-9999,-9999,0
GHCND:USC00049855,YOSEMITE PARK HEADQUARTERS CA US,19970703,-9999,-9999,0
GHCND:USC00049855,YOSEMITE PARK HEADQUARTERS CA US,19970704,-9999,-9999,0
GHCND:USC00049855,YOSEMITE PARK HEADQUARTERS CA US,19970705,-9999,-9999,0
GHCND:USC00049855,YOSEMITE PARK HEADQUARTERS CA US,19970706,-9999,-9999,0
GHCND:USC00049855,YOSEMITE PARK HEADQUARTERS CA US,19970707,-9999,-9999,0
GHCND:USC00049855,YOSEMITE PARK HEADQUARTERS CA US,19970708,-9999,-9999,0
GHCND:USC00049855,YOSEMITE PARK HEADQUARTERS CA US,19970709,-9999,-9999,0
GHCND:USC00049855,YOSEMITE PARK HEADQUARTERS CA US,19970710,-9999,-9999,0
GHCND:USC00049855,YOSEMITE PARK HEADQUARTERS CA US,19970711,-9999,-9999,0
GHCND:USC00049855,YOSEMITE PARK HEADQUARTERS CA US,19970712,-9999,-9999,0
GHCND:USC00049855,YOSEMITE PARK HEADQUARTERS CA US,19970713,-9999,-9999,0
GHCND:USC00049855,YOSEMITE PARK HEADQUARTERS CA US,19970714,-9999,-9999,0
GHCND:USC00049855,YOSEMITE PARK HEADQUARTERS CA US,19970715,-9999,-9999,0
GHCND:USC00049855,YOSEMITE PARK HEADQUARTERS CA US,19970716,-9999,-9999,0
GHCND:USC00049855,YOSEMITE PARK HEADQUARTERS CA US,19970717,-9999,-9999,0
GHCND:USC00049855,YOSEMITE PARK HEADQUARTERS CA US,19970718,-9999,-9999,0
GHCND:USC00049855,YOSEMITE PARK HEADQUARTERS CA US,19970719,-9999,-9999,0
GHCND:USC00049855,YOSEMITE PARK HEADQUARTERS CA US,19970720,-9999,-9999,0
GHCND:USC00049855,YOSEMITE PARK HEADQUARTERS CA US,19970721,-9999,-9999,0
GHCND:USC00049855,YOSEMITE PARK HEADQUARTERS CA US,19970722,-9999,-9999,0
GHCND:USC00049855,YOSEMITE PARK HEADQUARTERS CA US,19970723,-9999,-9999,0.42
GHCND:USC00049855,YOSEMITE PARK HEADQUARTERS CA US,19970724,-9999,-9999,0
GHCND:USC00049855,YOSEMITE PARK HEADQUARTERS CA US,19970725,-9999,-9999,0
GHCND:USC00049855,YOSEMITE PARK HEADQUARTERS CA US,19970726,-9999,-9999,0
GHCND:USC00049855,YOSEMITE PARK HEADQUARTERS CA US,19970727,-9999,-9999,0
GHCND:USC00049855,YOSEMITE PARK HEADQUARTERS CA US,19970728,-9999,-9999,0
GHCND:USC00049855,YOSEMITE PARK HEADQUARTERS CA US,19970729,-9999,-9999,0
GHCND:USC00049855,YOSEMITE PARK HEADQUARTERS CA US,19970730,-9999,-9999,0
GHCND:USC00049855,YOSEMITE PARK HEADQUARTERS CA US,19970731,-9999,-9999,0
GHCND:USC00049855,YOSEMITE PARK HEADQUARTERS CA US,19970801,-9999,-9999,0
GHCND:USC00049855,YOSEMITE PARK HEADQUARTERS CA US,19970802,-9999,-9999,0.37
GHCND:USC00049855,YOSEMITE PARK HEADQUARTERS CA US,19970803,-9999,-9999,0.11
GHCND:USC00049855,YOSEMITE PARK HEADQUARTERS CA US,19970804,-9999,-9999,0
GHCND:USC00049855,YOSEMITE PARK HEADQUARTERS CA US,19970805,-9999,-9999,0
GHCND:USC00049855,YOSEMITE PARK HEADQUARTERS CA US,19970806,-9999,-9999,0
GHCND:USC00049855,YOSEMITE PARK HEADQUARTERS CA US,19970807,-9999,-9999,0
GHCND:USC00049855,YOSEMITE PARK HEADQUARTERS CA US,19970808,-9999,-9999,0
GHCND:USC00049855,YOSEMITE PARK HEADQUARTERS CA US,19970809,-9999,-9999,0
GHCND:USC00049855,YOSEMITE PARK HEADQUARTERS CA US,19970810,-9999,-9999,0
GHCND:USC00049855,YOSEMITE PARK HEADQUARTERS CA US,19970811,-9999,-9999,0
GHCND:USC00049855,YOSEMITE PARK HEADQUARTERS CA US,19970812,-9999,-9999,0
GHCND:USC00049855,YOSEMITE PARK HEADQUARTERS CA US,19970813,-9999,-9999,0
GHCND:USC00049855,YOSEMITE PARK HEADQUARTERS CA US,19970814,-9999,-9999,0
GHCND:USC00049855,YOSEMITE PARK HEADQUARTERS CA US,19970815,-9999,-9999,0
GHCND:USC00049855,YOSEMITE PARK HEADQUARTERS CA US,19970816,-9999,-9999,0
GHCND:USC00049855,YOSEMITE PARK HEADQUARTERS CA US,19970817,-9999,-9999,0
GHCND:USC00049855,YOSEMITE PARK HEADQUARTERS CA US,19970818,-9999,-9999,0
GHCND:USC00049855,YOSEMITE PARK HEADQUARTERS CA US,19970819,-9999,-9999,0
GHCND:USC00049855,YOSEMITE PARK HEADQUARTERS CA US,19970820,-9999,-9999,0
GHCND:USC00049855,YOSEMITE PARK HEADQUARTERS CA US,19970821,-9999,-9999,0
GHCND:USC00049855,YOSEMITE PARK HEADQUARTERS CA US,19970822,-9999,-9999,0
GHCND:USC00049855,YOSEMITE PARK HEADQUARTERS CA US,19970823,-9999,-9999,0
GHCND:USC00049855,YOSEMITE PARK HEADQUARTERS CA US,19970824,-9999,-9999,0
GHCND:USC00049855,YOSEMITE PARK HEADQUARTERS CA US,19970825,-9999,-9999,0
GHCND:USC00049855,YOSEMITE PARK HEADQUARTERS CA US,19970826,-9999,-9999,0
GHCND:USC00049855,YOSEMITE PARK HEADQUARTERS CA US,19970827,-9999,-9999,0
GHCND:USC00049855,YOSEMITE PARK HEADQUARTERS CA US,19970828,-9999,-9999,0
GHCND:USC00049855,YOSEMITE PARK HEADQUARTERS CA US,19970829,-9999,-9999,0
GHCND:USC00049855,YOSEMITE PARK HEADQUARTERS CA US,19970830,-9999,-9999,0
GHCND:USC00049855,YOSEMITE PARK HEADQUARTERS CA US,19970831,-9999,-9999,0
GHCND:USC00049855,YOSEMITE PARK HEADQUARTERS CA US,19970901,-9999,-9999,0.48
GHCND:USC00049855,YOSEMITE PARK HEADQUARTERS CA US,19970902,-9999,-9999,0
GHCND:USC00049855,YOSEMITE PARK HEADQUARTERS CA US,19970903,-9999,-9999,0.49
GHCND:USC00049855,YOSEMITE PARK HEADQUARTERS CA US,19970904,-9999,-9999,0
GHCND:USC00049855,YOSEMITE PARK HEADQUARTERS CA US,19970905,-9999,-9999,0
GHCND:USC00049855,YOSEMITE PARK HEADQUARTERS CA US,19970906,-9999,-9999,0
GHCND:USC00049855,YOSEMITE PARK HEADQUARTERS CA US,19970907,-9999,-9999,0
GHCND:USC00049855,YOSEMITE PARK HEADQUARTERS CA US,19970908,-9999,-9999,0
GHCND:USC00049855,YOSEMITE PARK HEADQUARTERS CA US,19970909,-9999,-9999,0
GHCND:USC00049855,YOSEMITE PARK HEADQUARTERS CA US,19970910,-9999,-9999,0
GHCND:USC00049855,YOSEMITE PARK HEADQUARTERS CA US,19970911,-9999,-9999,0
GHCND:USC00049855,YOSEMITE PARK HEADQUARTERS CA US,19970912,-9999,-9999,0
GHCND:USC00049855,YOSEMITE PARK HEADQUARTERS CA US,19970913,-9999,-9999,0
GHCND:USC00049855,YOSEMITE PARK HEADQUARTERS CA US,19970914,-9999,-9999,0
GHCND:USC00049855,YOSEMITE PARK HEADQUARTERS CA US,19970915,-9999,-9999,0
GHCND:USC00049855,YOSEMITE PARK HEADQUARTERS CA US,19970916,-9999,-9999,0
GHCND:USC00049855,YOSEMITE PARK HEADQUARTERS CA US,19970917,-9999,-9999,0
GHCND:USC00049855,YOSEMITE PARK HEADQUARTERS CA US,19970918,-9999,-9999,0
GHCND:USC00049855,YOSEMITE PARK HEADQUARTERS CA US,19970919,-9999,-9999,0
GHCND:USC00049855,YOSEMITE PARK HEADQUARTERS CA US,19970920,-9999,-9999,0
GHCND:USC00049855,YOSEMITE PARK HEADQUARTERS CA US,19970921,-9999,-9999,0
GHCND:USC00049855,YOSEMITE PARK HEADQUARTERS CA US,19970922,-9999,-9999,0
GHCND:USC00049855,YOSEMITE PARK HEADQUARTERS CA US,19970923,-9999,-9999,0
GHCND:USC00049855,YOSEMITE PARK HEADQUARTERS CA US,19970924,-9999,-9999,0
GHCND:USC00049855,YOSEMITE PARK HEADQUARTERS CA US,19970925,-9999,-9999,0.01
GHCND:USC00049855,YOSEMITE PARK HEADQUARTERS CA US,19970926,-9999,-9999,0.01
GHCND:USC00049855,YOSEMITE PARK HEADQUARTERS CA US,19970927,-9999,-9999,0
GHCND:USC00049855,YOSEMITE PARK HEADQUARTERS CA US,19970928,-9999,-9999,0
GHCND:USC00049855,YOSEMITE PARK HEADQUARTERS CA US,19970929,-9999,-9999,0
GHCND:USC00049855,YOSEMITE PARK HEADQUARTERS CA US,19970930,-9999,-9999,0
GHCND:USC00049855,YOSEMITE PARK HEADQUARTERS CA US,19971001,-9999,-9999,0
GHCND:USC00049855,YOSEMITE PARK HEADQUARTERS CA US,19971002,-9999,-9999,0
GHCND:USC00049855,YOSEMITE PARK HEADQUARTERS CA US,19971003,-9999,-9999,0
GHCND:USC00049855,YOSEMITE PARK HEADQUARTERS CA US,19971004,-9999,-9999,0
GHCND:USC00049855,YOSEMITE PARK HEADQUARTERS CA US,19971005,-9999,-9999,0
GHCND:USC00049855,YOSEMITE PARK HEADQUARTERS CA US,19971006,-9999,-9999,0
GHCND:USC00049855,YOSEMITE PARK HEADQUARTERS CA US,19971007,-9999,-9999,0.02
GHCND:USC00049855,YOSEMITE PARK HEADQUARTERS CA US,19971008,-9999,-9999,0
GHCND:USC00049855,YOSEMITE PARK HEADQUARTERS CA US,19971009,-9999,-9999,0.08
GHCND:USC00049855,YOSEMITE PARK HEADQUARTERS CA US,19971010,-9999,-9999,0.33
GHCND:USC00049855,YOSEMITE PARK HEADQUARTERS CA US,19971011,-9999,-9999,0
GHCND:USC00049855,YOSEMITE PARK HEADQUARTERS CA US,19971012,-9999,-9999,0
GHCND:USC00049855,YOSEMITE PARK HEADQUARTERS CA US,19971013,-9999,-9999,0
GHCND:USC00049855,YOSEMITE PARK HEADQUARTERS CA US,19971014,-9999,-9999,0
GHCND:USC00049855,YOSEMITE PARK HEADQUARTERS CA US,19971015,-9999,-9999,0
GHCND:USC00049855,YOSEMITE PARK HEADQUARTERS CA US,19971016,-9999,-9999,0
GHCND:USC00049855,YOSEMITE PARK HEADQUARTERS CA US,19971017,-9999,-9999,0
GHCND:USC00049855,YOSEMITE PARK HEADQUARTERS CA US,19971018,-9999,-9999,0
GHCND:USC00049855,YOSEMITE PARK HEADQUARTERS CA US,19971019,-9999,-9999,0
GHCND:USC00049855,YOSEMITE PARK HEADQUARTERS CA US,19971020,-9999,-9999,0
GHCND:USC00049855,YOSEMITE PARK HEADQUARTERS CA US,19971021,-9999,-9999,0
GHCND:USC00049855,YOSEMITE PARK HEADQUARTERS CA US,19971022,-9999,-9999,0
GHCND:USC00049855,YOSEMITE PARK HEADQUARTERS CA US,19971023,-9999,-9999,0
GHCND:USC00049855,YOSEMITE PARK HEADQUARTERS CA US,19971024,-9999,-9999,0
GHCND:USC00049855,YOSEMITE PARK HEADQUARTERS CA US,19971025,-9999,-9999,0
GHCND:USC00049855,YOSEMITE PARK HEADQUARTERS CA US,19971026,-9999,-9999,0
GHCND:USC00049855,YOSEMITE PARK HEADQUARTERS CA US,19971027,-9999,-9999,0
GHCND:USC00049855,YOSEMITE PARK HEADQUARTERS CA US,19971028,-9999,-9999,0
GHCND:USC00049855,YOSEMITE PARK HEADQUARTERS CA US,19971029,-9999,-9999,0
GHCND:USC00049855,YOSEMITE PARK HEADQUARTERS CA US,19971030,-9999,-9999,0
GHCND:USC00049855,YOSEMITE PARK HEADQUARTERS CA US,19971031,-9999,-9999,0
GHCND:USC00049855,YOSEMITE PARK HEADQUARTERS CA US,19971101,-9999,-9999,0
GHCND:USC00049855,YOSEMITE PARK HEADQUARTERS CA US,19971102,-9999,-9999,0
GHCND:USC00049855,YOSEMITE PARK HEADQUARTERS CA US,19971103,-9999,-9999,0
GHCND:USC00049855,YOSEMITE PARK HEADQUARTERS CA US,19971104,-9999,-9999,0
GHCND:USC00049855,YOSEMITE PARK HEADQUARTERS CA US,19971105,-9999,-9999,0
GHCND:USC00049855,YOSEMITE PARK HEADQUARTERS CA US,19971106,-9999,-9999,0
GHCND:USC00049855,YOSEMITE PARK HEADQUARTERS CA US,19971107,-9999,-9999,0.04
GHCND:USC00049855,YOSEMITE PARK HEADQUARTERS CA US,19971108,-9999,-9999,0
GHCND:USC00049855,YOSEMITE PARK HEADQUARTERS CA US,19971109,-9999,-9999,0
GHCND:USC00049855,YOSEMITE PARK HEADQUARTERS CA US,19971110,-9999,-9999,0.57
GHCND:USC00049855,YOSEMITE PARK HEADQUARTERS CA US,19971111,-9999,-9999,0.04
GHCND:USC00049855,YOSEMITE PARK HEADQUARTERS CA US,19971112,-9999,-9999,0
GHCND:USC00049855,YOSEMITE PARK HEADQUARTERS CA US,19971113,-9999,-9999,0.09
GHCND:USC00049855,YOSEMITE PARK HEADQUARTERS CA US,19971114,-9999,-9999,0
GHCND:USC00049855,YOSEMITE PARK HEADQUARTERS CA US,19971115,-9999,-9999,0
GHCND:USC00049855,YOSEMITE PARK HEADQUARTERS CA US,19971116,-9999,-9999,0.05
GHCND:USC00049855,YOSEMITE PARK HEADQUARTERS CA US,19971117,-9999,-9999,0.03
GHCND:USC00049855,YOSEMITE PARK HEADQUARTERS CA US,19971118,-9999,-9999,0.59
GHCND:USC00049855,YOSEMITE PARK HEADQUARTERS CA US,19971119,-9999,-9999,0
GHCND:USC00049855,YOSEMITE PARK HEADQUARTERS CA US,19971120,-9999,-9999,0
GHCND:USC00049855,YOSEMITE PARK HEADQUARTERS CA US,19971121,-9999,-9999,0
GHCND:USC00049855,YOSEMITE PARK HEADQUARTERS CA US,19971122,-9999,-9999,0
GHCND:USC00049855,YOSEMITE PARK HEADQUARTERS CA US,19971123,-9999,-9999,0
GHCND:USC00049855,YOSEMITE PARK HEADQUARTERS CA US,19971124,-9999,-9999,1.15
GHCND:USC00049855,YOSEMITE PARK HEADQUARTERS CA US,19971125,-9999,-9999,0
GHCND:USC00049855,YOSEMITE PARK HEADQUARTERS CA US,19971126,-9999,-9999,1.15
GHCND:USC00049855,YOSEMITE PARK HEADQUARTERS CA US,19971127,-9999,-9999,0
GHCND:USC00049855,YOSEMITE PARK HEADQUARTERS CA US,19971128,-9999,-9999,0
GHCND:USC00049855,YOSEMITE PARK HEADQUARTERS CA US,19971129,-9999,-9999,0
GHCND:USC00049855,YOSEMITE PARK HEADQUARTERS CA US,19971130,-9999,-9999,0
GHCND:USC00049855,YOSEMITE PARK HEADQUARTERS CA US,19971201,-9999,-9999,0
GHCND:USC00049855,YOSEMITE PARK HEADQUARTERS CA US,19971202,-9999,-9999,0
GHCND:USC00049855,YOSEMITE PARK HEADQUARTERS CA US,19971203,-9999,-9999,0
GHCND:USC00049855,YOSEMITE PARK HEADQUARTERS CA US,19971204,-9999,-9999,0
GHCND:USC00049855,YOSEMITE PARK HEADQUARTERS CA US,19971205,-9999,-9999,0.5
GHCND:USC00049855,YOSEMITE PARK HEADQUARTERS CA US,19971206,-9999,-9999,0.66
GHCND:USC00049855,YOSEMITE PARK HEADQUARTERS CA US,19971207,-9999,-9999,1.8
GHCND:USC00049855,YOSEMITE PARK HEADQUARTERS CA US,19971208,-9999,-9999,0.28
GHCND:USC00049855,YOSEMITE PARK HEADQUARTERS CA US,19971209,-9999,-9999,0
GHCND:USC00049855,YOSEMITE PARK HEADQUARTERS CA US,19971210,-9999,-9999,0
GHCND:USC00049855,YOSEMITE PARK HEADQUARTERS CA US,19971211,-9999,-9999,0
GHCND:USC00049855,YOSEMITE PARK HEADQUARTERS CA US,19971212,-9999,-9999,0
GHCND:USC00049855,YOSEMITE PARK HEADQUARTERS CA US,19971213,-9999,-9999,0
GHCND:USC00049855,YOSEMITE PARK HEADQUARTERS CA US,19971214,-9999,-9999,0.63
GHCND:USC00049855,YOSEMITE PARK HEADQUARTERS CA US,19971215,-9999,-9999,0
GHCND:USC00049855,YOSEMITE PARK HEADQUARTERS CA US,19971216,-9999,-9999,0
GHCND:USC00049855,YOSEMITE PARK HEADQUARTERS CA US,19971217,-9999,-9999,0
GHCND:USC00049855,YOSEMITE PARK HEADQUARTERS CA US,19971218,-9999,-9999,0
GHCND:USC00049855,YOSEMITE PARK HEADQUARTERS CA US,19971219,-9999,-9999,0
GHCND:USC00049855,YOSEMITE PARK HEADQUARTERS CA US,19971220,-9999,-9999,0
GHCND:USC00049855,YOSEMITE PARK HEADQUARTERS CA US,19971221,-9999,-9999,0
GHCND:USC00049855,YOSEMITE PARK HEADQUARTERS CA US,19971222,-9999,-9999,0
GHCND:USC00049855,YOSEMITE PARK HEADQUARTERS CA US,19971223,-9999,-9999,0
GHCND:USC00049855,YOSEMITE PARK HEADQUARTERS CA US,19971224,-9999,-9999,0
GHCND:USC00049855,YOSEMITE PARK HEADQUARTERS CA US,19971225,-9999,-9999,0
GHCND:USC00049855,YOSEMITE PARK HEADQUARTERS CA US,19971226,-9999,-9999,0
GHCND:USC00049855,YOSEMITE PARK HEADQUARTERS CA US,19971227,-9999,-9999,0
GHCND:USC00049855,YOSEMITE PARK HEADQUARTERS CA US,19971228,-9999,-9999,0
GHCND:USC00049855,YOSEMITE PARK HEADQUARTERS CA US,19971229,-9999,-9999,0
GHCND:USC00049855,YOSEMITE PARK HEADQUARTERS CA US,19971230,-9999,-9999,0
GHCND:USC00049855,YOSEMITE PARK HEADQUARTERS CA US,19971231,-9999,-9999,0
GHCND:USC00049855,YOSEMITE PARK HEADQUARTERS CA US,19980101,-9999,-9999,0.03
GHCND:USC00049855,YOSEMITE PARK HEADQUARTERS CA US,19980102,-9999,-9999,0.57
GHCND:USC00049855,YOSEMITE PARK HEADQUARTERS CA US,19980103,-9999,-9999,0
GHCND:USC00049855,YOSEMITE PARK HEADQUARTERS CA US,19980104,-9999,-9999,0.27
GHCND:USC00049855,YOSEMITE PARK HEADQUARTERS CA US,19980105,-9999,-9999,0.88
GHCND:USC00049855,YOSEMITE PARK HEADQUARTERS CA US,19980106,-9999,-9999,0.08
GHCND:USC00049855,YOSEMITE PARK HEADQUARTERS CA US,19980107,-9999,-9999,0
GHCND:USC00049855,YOSEMITE PARK HEADQUARTERS CA US,19980108,-9999,-9999,0.01
GHCND:USC00049855,YOSEMITE PARK HEADQUARTERS CA US,19980109,-9999,-9999,0.55
GHCND:USC00049855,YOSEMITE PARK HEADQUARTERS CA US,19980110,-9999,-9999,0.49
GHCND:USC00049855,YOSEMITE PARK HEADQUARTERS CA US,19980111,-9999,-9999,1.2
GHCND:USC00049855,YOSEMITE PARK HEADQUARTERS CA US,19980112,-9999,-9999,1.28
GHCND:USC00049855,YOSEMITE PARK HEADQUARTERS CA US,19980113,-9999,-9999,0
GHCND:USC00049855,YOSEMITE PARK HEADQUARTERS CA US,19980114,-9999,-9999,2.21
GHCND:USC00049855,YOSEMITE PARK HEADQUARTERS CA US,19980115,-9999,-9999,1.74
GHCND:USC00049855,YOSEMITE PARK HEADQUARTERS CA US,19980116,-9999,-9999,0.1
GHCND:USC00049855,YOSEMITE PARK HEADQUARTERS CA US,19980117,-9999,-9999,0
GHCND:USC00049855,YOSEMITE PARK HEADQUARTERS CA US,19980118,-9999,-9999,1.47
GHCND:USC00049855,YOSEMITE PARK HEADQUARTERS CA US,19980119,-9999,-9999,0.08
GHCND:USC00049855,YOSEMITE PARK HEADQUARTERS CA US,19980120,-9999,-9999,0.01
GHCND:USC00049855,YOSEMITE PARK HEADQUARTERS CA US,19980121,-9999,-9999,0
GHCND:USC00049855,YOSEMITE PARK HEADQUARTERS CA US,19980122,-9999,-9999,0
GHCND:USC00049855,YOSEMITE PARK HEADQUARTERS CA US,19980123,-9999,-9999,0
GHCND:USC00049855,YOSEMITE PARK HEADQUARTERS CA US,19980124,-9999,-9999,0
GHCND:USC00049855,YOSEMITE PARK HEADQUARTERS CA US,19980125,-9999,-9999,0
GHCND:USC00049855,YOSEMITE PARK HEADQUARTERS CA US,19980126,-9999,-9999,0
GHCND:USC00049855,YOSEMITE PARK HEADQUARTERS CA US,19980127,-9999,-9999,0
GHCND:USC00049855,YOSEMITE PARK HEADQUARTERS CA US,19980128,-9999,-9999,0.9
GHCND:USC00049855,YOSEMITE PARK HEADQUARTERS CA US,19980129,-9999,-9999,0.14
GHCND:USC00049855,YOSEMITE PARK HEADQUARTERS CA US,19980130,-9999,-9999,0
GHCND:USC00049855,YOSEMITE PARK HEADQUARTERS CA US,19980131,-9999,-9999,0
GHCND:USC00049855,YOSEMITE PARK HEADQUARTERS CA US,19980201,-9999,-9999,1.52
GHCND:USC00049855,YOSEMITE PARK HEADQUARTERS CA US,19980202,-9999,-9999,3.27
GHCND:USC00049855,YOSEMITE PARK HEADQUARTERS CA US,19980203,-9999,-9999,1.21
GHCND:USC00049855,YOSEMITE PARK HEADQUARTERS CA US,19980204,-9999,-9999,0
GHCND:USC00049855,YOSEMITE PARK HEADQUARTERS CA US,19980205,-9999,-9999,0.18
GHCND:USC00049855,YOSEMITE PARK HEADQUARTERS CA US,19980206,-9999,-9999,2.02
GHCND:USC00049855,YOSEMITE PARK HEADQUARTERS CA US,19980207,-9999,-9999,2.06
GHCND:USC00049855,YOSEMITE PARK HEADQUARTERS CA US,19980208,-9999,-9999,0.54
GHCND:USC00049855,YOSEMITE PARK HEADQUARTERS CA US,19980209,-9999,-9999,0
GHCND:USC00049855,YOSEMITE PARK HEADQUARTERS CA US,19980210,-9999,-9999,0.78
GHCND:USC00049855,YOSEMITE PARK HEADQUARTERS CA US,19980211,-9999,-9999,0
GHCND:USC00049855,YOSEMITE PARK HEADQUARTERS CA US,19980212,-9999,-9999,0.54
GHCND:USC00049855,YOSEMITE PARK HEADQUARTERS CA US,19980213,-9999,-9999,0.37
GHCND:USC00049855,YOSEMITE PARK HEADQUARTERS CA US,19980214,-9999,-9999,1.36
GHCND:USC00049855,YOSEMITE PARK HEADQUARTERS CA US,19980215,-9999,-9999,0
GHCND:USC00049855,YOSEMITE PARK HEADQUARTERS CA US,19980216,-9999,-9999,0.8
GHCND:USC00049855,YOSEMITE PARK HEADQUARTERS CA US,19980217,-9999,-9999,0
GHCND:USC00049855,YOSEMITE PARK HEADQUARTERS CA US,19980218,-9999,-9999,0.18
GHCND:USC00049855,YOSEMITE PARK HEADQUARTERS CA US,19980219,-9999,-9999,1.23
GHCND:USC00049855,YOSEMITE PARK HEADQUARTERS CA US,19980220,-9999,-9999,0
GHCND:USC00049855,YOSEMITE PARK HEADQUARTERS CA US,19980221,-9999,-9999,1.9
GHCND:USC00049855,YOSEMITE PARK HEADQUARTERS CA US,19980222,-9999,-9999,0.08
GHCND:USC00049855,YOSEMITE PARK HEADQUARTERS CA US,19980223,-9999,-9999,0.75
GHCND:USC00049855,YOSEMITE PARK HEADQUARTERS CA US,19980224,-9999,-9999,0
GHCND:USC00049855,YOSEMITE PARK HEADQUARTERS CA US,19980225,-9999,-9999,0.03
GHCND:USC00049855,YOSEMITE PARK HEADQUARTERS CA US,19980226,-9999,-9999,0
GHCND:USC00049855,YOSEMITE PARK HEADQUARTERS CA US,19980227,-9999,-9999,0
GHCND:USC00049855,YOSEMITE PARK HEADQUARTERS CA US,19980228,-9999,-9999,0
GHCND:USC00049855,YOSEMITE PARK HEADQUARTERS CA US,19980301,-9999,-9999,0
GHCND:USC00049855,YOSEMITE PARK HEADQUARTERS CA US,19980302,-9999,-9999,0
GHCND:USC00049855,YOSEMITE PARK HEADQUARTERS CA US,19980303,-9999,-9999,0
GHCND:USC00049855,YOSEMITE PARK HEADQUARTERS CA US,19980304,-9999,-9999,0
GHCND:USC00049855,YOSEMITE PARK HEADQUARTERS CA US,19980305,-9999,-9999,1.16
GHCND:USC00049855,YOSEMITE PARK HEADQUARTERS CA US,19980306,-9999,-9999,0
GHCND:USC00049855,YOSEMITE PARK HEADQUARTERS CA US,19980307,-9999,-9999,0.02
GHCND:USC00049855,YOSEMITE PARK HEADQUARTERS CA US,19980308,-9999,-9999,0
GHCND:USC00049855,YOSEMITE PARK HEADQUARTERS CA US,19980309,-9999,-9999,0
GHCND:USC00049855,YOSEMITE PARK HEADQUARTERS CA US,19980310,-9999,-9999,0
GHCND:USC00049855,YOSEMITE PARK HEADQUARTERS CA US,19980311,-9999,-9999,0
GHCND:USC00049855,YOSEMITE PARK HEADQUARTERS CA US,19980312,-9999,-9999,0
GHCND:USC00049855,YOSEMITE PARK HEADQUARTERS CA US,19980313,-9999,-9999,0
GHCND:USC00049855,YOSEMITE PARK HEADQUARTERS CA US,19980314,-9999,-9999,0
GHCND:USC00049855,YOSEMITE PARK HEADQUARTERS CA US,19980315,-9999,-9999,0
GHCND:USC00049855,YOSEMITE PARK HEADQUARTERS CA US,19980316,-9999,-9999,0
GHCND:USC00049855,YOSEMITE PARK HEADQUARTERS CA US,19980317,-9999,-9999,0
GHCND:USC00049855,YOSEMITE PARK HEADQUARTERS CA US,19980318,-9999,-9999,0
GHCND:USC00049855,YOSEMITE PARK HEADQUARTERS CA US,19980319,-9999,-9999,0
GHCND:USC00049855,YOSEMITE PARK HEADQUARTERS CA US,19980320,-9999,-9999,0
GHCND:USC00049855,YOSEMITE PARK HEADQUARTERS CA US,19980321,-9999,-9999,0
GHCND:USC00049855,YOSEMITE PARK HEADQUARTERS CA US,19980322,-9999,-9999,0
GHCND:USC00049855,YOSEMITE PARK HEADQUARTERS CA US,19980323,-9999,-9999,0
GHCND:USC00049855,YOSEMITE PARK HEADQUARTERS CA US,19980324,-9999,-9999,3.15
GHCND:USC00049855,YOSEMITE PARK HEADQUARTERS CA US,19980325,-9999,-9999,0.44
GHCND:USC00049855,YOSEMITE PARK HEADQUARTERS CA US,19980326,-9999,-9999,0.2
GHCND:USC00049855,YOSEMITE PARK HEADQUARTERS CA US,19980327,-9999,-9999,1.01
GHCND:USC00049855,YOSEMITE PARK HEADQUARTERS CA US,19980328,-9999,-9999,0.23
GHCND:USC00049855,YOSEMITE PARK HEADQUARTERS CA US,19980329,-9999,-9999,0.23
GHCND:USC00049855,YOSEMITE PARK HEADQUARTERS CA US,19980330,-9999,-9999,0.09
GHCND:USC00049855,YOSEMITE PARK HEADQUARTERS CA US,19980331,-9999,-9999,0.41
GHCND:USC00049855,YOSEMITE PARK HEADQUARTERS CA US,19980401,-9999,-9999,0.05
GHCND:USC00049855,YOSEMITE PARK HEADQUARTERS CA US,19980402,-9999,-9999,0.22
GHCND:USC00049855,YOSEMITE PARK HEADQUARTERS CA US,19980403,-9999,-9999,0.58
GHCND:USC00049855,YOSEMITE PARK HEADQUARTERS CA US,19980404,-9999,-9999,0
GHCND:USC00049855,YOSEMITE PARK HEADQUARTERS CA US,19980405,-9999,-9999,0.21
GHCND:USC00049855,YOSEMITE PARK HEADQUARTERS CA US,19980406,-9999,-9999,0.35
GHCND:USC00049855,YOSEMITE PARK HEADQUARTERS CA US,19980407,-9999,-9999,0
GHCND:USC00049855,YOSEMITE PARK HEADQUARTERS CA US,19980408,-9999,-9999,0
GHCND:USC00049855,YOSEMITE PARK HEADQUARTERS CA US,19980409,-9999,-9999,0
GHCND:USC00049855,YOSEMITE PARK HEADQUARTERS CA US,19980410,-9999,-9999,0
GHCND:USC00049855,YOSEMITE PARK HEADQUARTERS CA US,19980411,-9999,-9999,0.52
GHCND:USC00049855,YOSEMITE PARK HEADQUARTERS CA US,19980412,-9999,-9999,0.1
GHCND:USC00049855,YOSEMITE PARK HEADQUARTERS CA US,19980413,-9999,-9999,0.48
GHCND:USC00049855,YOSEMITE PARK HEADQUARTERS CA US,19980414,-9999,-9999,0
GHCND:USC00049855,YOSEMITE PARK HEADQUARTERS CA US,19980415,-9999,-9999,0
GHCND:USC00049855,YOSEMITE PARK HEADQUARTERS CA US,19980416,-9999,-9999,0
GHCND:USC00049855,YOSEMITE PARK HEADQUARTERS CA US,19980417,-9999,-9999,0
GHCND:USC00049855,YOSEMITE PARK HEADQUARTERS CA US,19980418,-9999,-9999,0
GHCND:USC00049855,YOSEMITE PARK HEADQUARTERS CA US,19980419,-9999,-9999,0
GHCND:USC00049855,YOSEMITE PARK HEADQUARTERS CA US,19980420,-9999,-9999,0
GHCND:USC00049855,YOSEMITE PARK HEADQUARTERS CA US,19980421,-9999,-9999,0
GHCND:USC00049855,YOSEMITE PARK HEADQUARTERS CA US,19980422,-9999,-9999,0
GHCND:USC00049855,YOSEMITE PARK HEADQUARTERS CA US,19980423,-9999,-9999,0.04
GHCND:USC00049855,YOSEMITE PARK HEADQUARTERS CA US,19980424,-9999,-9999,0.04
GHCND:USC00049855,YOSEMITE PARK HEADQUARTERS CA US,19980425,-9999,-9999,0
GHCND:USC00049855,YOSEMITE PARK HEADQUARTERS CA US,19980426,-9999,-9999,0
GHCND:USC00049855,YOSEMITE PARK HEADQUARTERS CA US,19980427,-9999,-9999,0
GHCND:USC00049855,YOSEMITE PARK HEADQUARTERS CA US,19980428,-9999,-9999,0
GHCND:USC00049855,YOSEMITE PARK HEADQUARTERS CA US,19980429,-9999,-9999,0
GHCND:USC00049855,YOSEMITE PARK HEADQUARTERS CA US,19980430,-9999,-9999,0
GHCND:USC00049855,YOSEMITE PARK HEADQUARTERS CA US,19980501,-9999,-9999,0.02
GHCND:USC00049855,YOSEMITE PARK HEADQUARTERS CA US,19980502,-9999,-9999,0.21
GHCND:USC00049855,YOSEMITE PARK HEADQUARTERS CA US,19980503,-9999,-9999,0.52
GHCND:USC00049855,YOSEMITE PARK HEADQUARTERS CA US,19980504,-9999,-9999,0.08
GHCND:USC00049855,YOSEMITE PARK HEADQUARTERS CA US,19980505,-9999,-9999,0.12
GHCND:USC00049855,YOSEMITE PARK HEADQUARTERS CA US,19980506,-9999,-9999,0.04
GHCND:USC00049855,YOSEMITE PARK HEADQUARTERS CA US,19980507,-9999,-9999,0.39
GHCND:USC00049855,YOSEMITE PARK HEADQUARTERS CA US,19980508,-9999,-9999,0
GHCND:USC00049855,YOSEMITE PARK HEADQUARTERS CA US,19980509,-9999,-9999,0.16
GHCND:USC00049855,YOSEMITE PARK HEADQUARTERS CA US,19980510,-9999,-9999,0
GHCND:USC00049855,YOSEMITE PARK HEADQUARTERS CA US,19980511,-9999,-9999,0.45
GHCND:USC00049855,YOSEMITE PARK HEADQUARTERS CA US,19980512,-9999,-9999,0.33
GHCND:USC00049855,YOSEMITE PARK HEADQUARTERS CA US,19980513,-9999,-9999,0.02
GHCND:USC00049855,YOSEMITE PARK HEADQUARTERS CA US,19980514,-9999,-9999,0
GHCND:USC00049855,YOSEMITE PARK HEADQUARTERS CA US,19980515,-9999,-9999,0
GHCND:USC00049855,YOSEMITE PARK HEADQUARTERS CA US,19980516,-9999,-9999,0.28
GHCND:USC00049855,YOSEMITE PARK HEADQUARTERS CA US,19980517,-9999,-9999,0
GHCND:USC00049855,YOSEMITE PARK HEADQUARTERS CA US,19980518,-9999,-9999,0
GHCND:USC00049855,YOSEMITE PARK HEADQUARTERS CA US,19980519,-9999,-9999,0
GHCND:USC00049855,YOSEMITE PARK HEADQUARTERS CA US,19980520,-9999,-9999,0.01
GHCND:USC00049855,YOSEMITE PARK HEADQUARTERS CA US,19980521,-9999,-9999,0
GHCND:USC00049855,YOSEMITE PARK HEADQUARTERS CA US,19980522,-9999,-9999,0
GHCND:USC00049855,YOSEMITE PARK HEADQUARTERS CA US,19980523,-9999,-9999,0
GHCND:USC00049855,YOSEMITE PARK HEADQUARTERS CA US,19980524,-9999,-9999,0
GHCND:USC00049855,YOSEMITE PARK HEADQUARTERS CA US,19980525,-9999,-9999,1.03
GHCND:USC00049855,YOSEMITE PARK HEADQUARTERS CA US,19980526,-9999,-9999,0
GHCND:USC00049855,YOSEMITE PARK HEADQUARTERS CA US,19980527,-9999,-9999,0
GHCND:USC00049855,YOSEMITE PARK HEADQUARTERS CA US,19980528,-9999,-9999,0.88
GHCND:USC00049855,YOSEMITE PARK HEADQUARTERS CA US,19980529,-9999,-9999,0
GHCND:USC00049855,YOSEMITE PARK HEADQUARTERS CA US,19980530,-9999,-9999,0
GHCND:USC00049855,YOSEMITE PARK HEADQUARTERS CA US,19980531,-9999,-9999,0
GHCND:USC00049855,YOSEMITE PARK HEADQUARTERS CA US,19980601,-9999,-9999,0
GHCND:USC00049855,YOSEMITE PARK HEADQUARTERS CA US,19980602,-9999,-9999,0.1
GHCND:USC00049855,YOSEMITE PARK HEADQUARTERS CA US,19980603,-9999,-9999,0.04
GHCND:USC00049855,YOSEMITE PARK HEADQUARTERS CA US,19980604,-9999,-9999,0
GHCND:USC00049855,YOSEMITE PARK HEADQUARTERS CA US,19980605,-9999,-9999,0
GHCND:USC00049855,YOSEMITE PARK HEADQUARTERS CA US,19980606,-9999,-9999,0.49
GHCND:USC00049855,YOSEMITE PARK HEADQUARTERS CA US,19980607,-9999,-9999,0.04
GHCND:USC00049855,YOSEMITE PARK HEADQUARTERS CA US,19980608,-9999,-9999,0.05
GHCND:USC00049855,YOSEMITE PARK HEADQUARTERS CA US,19980609,-9999,-9999,0
GHCND:USC00049855,YOSEMITE PARK HEADQUARTERS CA US,19980610,-9999,-9999,0.52
GHCND:USC00049855,YOSEMITE PARK HEADQUARTERS CA US,19980611,-9999,-9999,0.24
GHCND:USC00049855,YOSEMITE PARK HEADQUARTERS CA US,19980612,-9999,-9999,0.19
GHCND:USC00049855,YOSEMITE PARK HEADQUARTERS CA US,19980613,-9999,-9999,0
GHCND:USC00049855,YOSEMITE PARK HEADQUARTERS CA US,19980614,-9999,-9999,0
GHCND:USC00049855,YOSEMITE PARK HEADQUARTERS CA US,19980615,-9999,-9999,0
GHCND:USC00049855,YOSEMITE PARK HEADQUARTERS CA US,19980616,-9999,-9999,0
GHCND:USC00049855,YOSEMITE PARK HEADQUARTERS CA US,19980617,-9999,-9999,0
GHCND:USC00049855,YOSEMITE PARK HEADQUARTERS CA US,19980618,-9999,-9999,0
GHCND:USC00049855,YOSEMITE PARK HEADQUARTERS CA US,19980619,-9999,-9999,0
GHCND:USC00049855,YOSEMITE PARK HEADQUARTERS CA US,19980620,-9999,-9999,0
GHCND:USC00049855,YOSEMITE PARK HEADQUARTERS CA US,19980621,-9999,-9999,0
GHCND:USC00049855,YOSEMITE PARK HEADQUARTERS CA US,19980622,-9999,-9999,0
GHCND:USC00049855,YOSEMITE PARK HEADQUARTERS CA US,19980623,-9999,-9999,0
GHCND:USC00049855,YOSEMITE PARK HEADQUARTERS CA US,19980624,-9999,-9999,0
GHCND:USC00049855,YOSEMITE PARK HEADQUARTERS CA US,19980625,-9999,-9999,0
GHCND:USC00049855,YOSEMITE PARK HEADQUARTERS CA US,19980626,-9999,-9999,0
GHCND:USC00049855,YOSEMITE PARK HEADQUARTERS CA US,19980627,-9999,-9999,0
GHCND:USC00049855,YOSEMITE PARK HEADQUARTERS CA US,19980628,-9999,-9999,0
GHCND:USC00049855,YOSEMITE PARK HEADQUARTERS CA US,19980629,-9999,-9999,0
GHCND:USC00049855,YOSEMITE PARK HEADQUARTERS CA US,19980630,-9999,-9999,0
GHCND:USC00049855,YOSEMITE PARK HEADQUARTERS CA US,19980701,-9999,-9999,0
GHCND:USC00049855,YOSEMITE PARK HEADQUARTERS CA US,19980702,-9999,-9999,0
GHCND:USC00049855,YOSEMITE PARK HEADQUARTERS CA US,19980703,-9999,-9999,0
GHCND:USC00049855,YOSEMITE PARK HEADQUARTERS CA US,19980704,-9999,-9999,0
GHCND:USC00049855,YOSEMITE PARK HEADQUARTERS CA US,19980705,-9999,-9999,0
GHCND:USC00049855,YOSEMITE PARK HEADQUARTERS CA US,19980706,-9999,-9999,0
GHCND:USC00049855,YOSEMITE PARK HEADQUARTERS CA US,19980707,-9999,-9999,0
GHCND:USC00049855,YOSEMITE PARK HEADQUARTERS CA US,19980708,-9999,-9999,0
GHCND:USC00049855,YOSEMITE PARK HEADQUARTERS CA US,19980709,-9999,-9999,0
GHCND:USC00049855,YOSEMITE PARK HEADQUARTERS CA US,19980710,-9999,-9999,0
GHCND:USC00049855,YOSEMITE PARK HEADQUARTERS CA US,19980711,-9999,-9999,0
GHCND:USC00049855,YOSEMITE PARK HEADQUARTERS CA US,19980712,-9999,-9999,0
GHCND:USC00049855,YOSEMITE PARK HEADQUARTERS CA US,19980713,-9999,-9999,0
GHCND:USC00049855,YOSEMITE PARK HEADQUARTERS CA US,19980714,-9999,-9999,0
GHCND:USC00049855,YOSEMITE PARK HEADQUARTERS CA US,19980715,-9999,-9999,0
GHCND:USC00049855,YOSEMITE PARK HEADQUARTERS CA US,19980716,-9999,-9999,0
GHCND:USC00049855,YOSEMITE PARK HEADQUARTERS CA US,19980717,-9999,-9999,0
GHCND:USC00049855,YOSEMITE PARK HEADQUARTERS CA US,19980718,-9999,-9999,0
GHCND:USC00049855,YOSEMITE PARK HEADQUARTERS CA US,19980719,-9999,-9999,0
GHCND:USC00049855,YOSEMITE PARK HEADQUARTERS CA US,19980720,-9999,-9999,0
GHCND:USC00049855,YOSEMITE PARK HEADQUARTERS CA US,19980721,-9999,-9999,0.04
GHCND:USC00049855,YOSEMITE PARK HEADQUARTERS CA US,19980722,-9999,-9999,0
GHCND:USC00049855,YOSEMITE PARK HEADQUARTERS CA US,19980723,-9999,-9999,0
GHCND:USC00049855,YOSEMITE PARK HEADQUARTERS CA US,19980724,-9999,-9999,0
GHCND:USC00049855,YOSEMITE PARK HEADQUARTERS CA US,19980725,-9999,-9999,0
GHCND:USC00049855,YOSEMITE PARK HEADQUARTERS CA US,19980726,-9999,-9999,0
GHCND:USC00049855,YOSEMITE PARK HEADQUARTERS CA US,19980727,-9999,-9999,0
GHCND:USC00049855,YOSEMITE PARK HEADQUARTERS CA US,19980728,-9999,-9999,0
GHCND:USC00049855,YOSEMITE PARK HEADQUARTERS CA US,19980729,-9999,-9999,0
GHCND:USC00049855,YOSEMITE PARK HEADQUARTERS CA US,19980730,-9999,-9999,0
GHCND:USC00049855,YOSEMITE PARK HEADQUARTERS CA US,19980731,-9999,-9999,0
GHCND:USC00049855,YOSEMITE PARK HEADQUARTERS CA US,19980801,-9999,-9999,0
GHCND:USC00049855,YOSEMITE PARK HEADQUARTERS CA US,19980802,-9999,-9999,0
GHCND:USC00049855,YOSEMITE PARK HEADQUARTERS CA US,19980803,-9999,-9999,0
GHCND:USC00049855,YOSEMITE PARK HEADQUARTERS CA US,19980804,-9999,-9999,0
GHCND:USC00049855,YOSEMITE PARK HEADQUARTERS CA US,19980805,-9999,-9999,0
GHCND:USC00049855,YOSEMITE PARK HEADQUARTERS CA US,19980806,-9999,-9999,0
GHCND:USC00049855,YOSEMITE PARK HEADQUARTERS CA US,19980807,-9999,-9999,0
GHCND:USC00049855,YOSEMITE PARK HEADQUARTERS CA US,19980808,-9999,-9999,0
GHCND:USC00049855,YOSEMITE PARK HEADQUARTERS CA US,19980809,-9999,-9999,0
GHCND:USC00049855,YOSEMITE PARK HEADQUARTERS CA US,19980810,-9999,-9999,0
GHCND:USC00049855,YOSEMITE PARK HEADQUARTERS CA US,19980811,-9999,-9999,0
GHCND:USC00049855,YOSEMITE PARK HEADQUARTERS CA US,19980812,-9999,-9999,0
GHCND:USC00049855,YOSEMITE PARK HEADQUARTERS CA US,19980813,-9999,-9999,0
GHCND:USC00049855,YOSEMITE PARK HEADQUARTERS CA US,19980814,-9999,-9999,0
GHCND:USC00049855,YOSEMITE PARK HEADQUARTERS CA US,19980815,-9999,-9999,0
GHCND:USC00049855,YOSEMITE PARK HEADQUARTERS CA US,19980816,-9999,-9999,0
GHCND:USC00049855,YOSEMITE PARK HEADQUARTERS CA US,19980817,-9999,-9999,0
GHCND:USC00049855,YOSEMITE PARK HEADQUARTERS CA US,19980818,-9999,-9999,0
GHCND:USC00049855,YOSEMITE PARK HEADQUARTERS CA US,19980819,-9999,-9999,0
GHCND:USC00049855,YOSEMITE PARK HEADQUARTERS CA US,19980820,-9999,-9999,0
GHCND:USC00049855,YOSEMITE PARK HEADQUARTERS CA US,19980821,-9999,-9999,0
GHCND:USC00049855,YOSEMITE PARK HEADQUARTERS CA US,19980822,-9999,-9999,0
GHCND:USC00049855,YOSEMITE PARK HEADQUARTERS CA US,19980823,-9999,-9999,0
GHCND:USC00049855,YOSEMITE PARK HEADQUARTERS CA US,19980824,-9999,-9999,0
GHCND:USC00049855,YOSEMITE PARK HEADQUARTERS CA US,19980825,-9999,-9999,0
GHCND:USC00049855,YOSEMITE PARK HEADQUARTERS CA US,19980826,-9999,-9999,0
GHCND:USC00049855,YOSEMITE PARK HEADQUARTERS CA US,19980827,-9999,-9999,0
GHCND:USC00049855,YOSEMITE PARK HEADQUARTERS CA US,19980828,-9999,-9999,0
GHCND:USC00049855,YOSEMITE PARK HEADQUARTERS CA US,19980829,-9999,-9999,0
GHCND:USC00049855,YOSEMITE PARK HEADQUARTERS CA US,19980830,-9999,-9999,0
GHCND:USC00049855,YOSEMITE PARK HEADQUARTERS CA US,19980831,-9999,-9999,0
GHCND:USC00049855,YOSEMITE PARK HEADQUARTERS CA US,19980901,-9999,-9999,0
GHCND:USC00049855,YOSEMITE PARK HEADQUARTERS CA US,19980902,-9999,-9999,0
GHCND:USC00049855,YOSEMITE PARK HEADQUARTERS CA US,19980903,-9999,-9999,0
GHCND:USC00049855,YOSEMITE PARK HEADQUARTERS CA US,19980904,-9999,-9999,0.03
GHCND:USC00049855,YOSEMITE PARK HEADQUARTERS CA US,19980905,-9999,-9999,0.25
GHCND:USC00049855,YOSEMITE PARK HEADQUARTERS CA US,19980906,-9999,-9999,0
GHCND:USC00049855,YOSEMITE PARK HEADQUARTERS CA US,19980907,-9999,-9999,0
GHCND:USC00049855,YOSEMITE PARK HEADQUARTERS CA US,19980908,-9999,-9999,0.17
GHCND:USC00049855,YOSEMITE PARK HEADQUARTERS CA US,19980909,-9999,-9999,0
GHCND:USC00049855,YOSEMITE PARK HEADQUARTERS CA US,19980910,-9999,-9999,0
GHCND:USC00049855,YOSEMITE PARK HEADQUARTERS CA US,19980911,-9999,-9999,0
GHCND:USC00049855,YOSEMITE PARK HEADQUARTERS CA US,19980912,-9999,-9999,0
GHCND:USC00049855,YOSEMITE PARK HEADQUARTERS CA US,19980913,-9999,-9999,0
GHCND:USC00049855,YOSEMITE PARK HEADQUARTERS CA US,19980914,-9999,-9999,0
GHCND:USC00049855,YOSEMITE PARK HEADQUARTERS CA US,19980915,-9999,-9999,0
GHCND:USC00049855,YOSEMITE PARK HEADQUARTERS CA US,19980916,-9999,-9999,0
GHCND:USC00049855,YOSEMITE PARK HEADQUARTERS CA US,19980917,-9999,-9999,0
GHCND:USC00049855,YOSEMITE PARK HEADQUARTERS CA US,19980918,-9999,-9999,0
GHCND:USC00049855,YOSEMITE PARK HEADQUARTERS CA US,19980919,-9999,-9999,0
GHCND:USC00049855,YOSEMITE PARK HEADQUARTERS CA US,19980920,-9999,-9999,0
GHCND:USC00049855,YOSEMITE PARK HEADQUARTERS CA US,19980921,-9999,-9999,0
GHCND:USC00049855,YOSEMITE PARK HEADQUARTERS CA US,19980922,-9999,-9999,0
GHCND:USC00049855,YOSEMITE PARK HEADQUARTERS CA US,19980923,-9999,-9999,0
GHCND:USC00049855,YOSEMITE PARK HEADQUARTERS CA US,19980924,-9999,-9999,0
GHCND:USC00049855,YOSEMITE PARK HEADQUARTERS CA US,19980925,-9999,-9999,0
GHCND:USC00049855,YOSEMITE PARK HEADQUARTERS CA US,19980926,-9999,-9999,0.22
GHCND:USC00049855,YOSEMITE PARK HEADQUARTERS CA US,19980927,-9999,-9999,0
GHCND:USC00049855,YOSEMITE PARK HEADQUARTERS CA US,19980928,-9999,-9999,0.16
GHCND:USC00049855,YOSEMITE PARK HEADQUARTERS CA US,19980929,-9999,-9999,0.32
GHCND:USC00049855,YOSEMITE PARK HEADQUARTERS CA US,19980930,-9999,-9999,0
GHCND:USC00049855,YOSEMITE PARK HEADQUARTERS CA US,19981001,-9999,-9999,0
GHCND:USC00049855,YOSEMITE PARK HEADQUARTERS CA US,19981002,-9999,-9999,0
GHCND:USC00049855,YOSEMITE PARK HEADQUARTERS CA US,19981003,-9999,-9999,0
GHCND:USC00049855,YOSEMITE PARK HEADQUARTERS CA US,19981004,-9999,-9999,0
GHCND:USC00049855,YOSEMITE PARK HEADQUARTERS CA US,19981005,-9999,-9999,0
GHCND:USC00049855,YOSEMITE PARK HEADQUARTERS CA US,19981006,-9999,-9999,0
GHCND:USC00049855,YOSEMITE PARK HEADQUARTERS CA US,19981007,-9999,-9999,0
GHCND:USC00049855,YOSEMITE PARK HEADQUARTERS CA US,19981008,-9999,-9999,0
GHCND:USC00049855,YOSEMITE PARK HEADQUARTERS CA US,19981009,-9999,-9999,0
GHCND:USC00049855,YOSEMITE PARK HEADQUARTERS CA US,19981010,-9999,-9999,0
GHCND:USC00049855,YOSEMITE PARK HEADQUARTERS CA US,19981011,-9999,-9999,0
GHCND:USC00049855,YOSEMITE PARK HEADQUARTERS CA US,19981012,-9999,-9999,0
GHCND:USC00049855,YOSEMITE PARK HEADQUARTERS CA US,19981013,-9999,-9999,0
GHCND:USC00049855,YOSEMITE PARK HEADQUARTERS CA US,19981014,-9999,-9999,0
GHCND:USC00049855,YOSEMITE PARK HEADQUARTERS CA US,19981015,-9999,-9999,0
GHCND:USC00049855,YOSEMITE PARK HEADQUARTERS CA US,19981016,-9999,-9999,0
GHCND:USC00049855,YOSEMITE PARK HEADQUARTERS CA US,19981017,-9999,-9999,0
GHCND:USC00049855,YOSEMITE PARK HEADQUARTERS CA US,19981018,-9999,-9999,0
GHCND:USC00049855,YOSEMITE PARK HEADQUARTERS CA US,19981019,-9999,-9999,0
GHCND:USC00049855,YOSEMITE PARK HEADQUARTERS CA US,19981020,-9999,-9999,0
GHCND:USC00049855,YOSEMITE PARK HEADQUARTERS CA US,19981021,-9999,-9999,0
GHCND:USC00049855,YOSEMITE PARK HEADQUARTERS CA US,19981022,-9999,-9999,0
GHCND:USC00049855,YOSEMITE PARK HEADQUARTERS CA US,19981023,-9999,-9999,0
GHCND:USC00049855,YOSEMITE PARK HEADQUARTERS CA US,19981024,-9999,-9999,0.59
GHCND:USC00049855,YOSEMITE PARK HEADQUARTERS CA US,19981025,-9999,-9999,0
GHCND:USC00049855,YOSEMITE PARK HEADQUARTERS CA US,19981026,-9999,-9999,0
GHCND:USC00049855,YOSEMITE PARK HEADQUARTERS CA US,19981027,-9999,-9999,0
GHCND:USC00049855,YOSEMITE PARK HEADQUARTERS CA US,19981028,-9999,-9999,0
GHCND:USC00049855,YOSEMITE PARK HEADQUARTERS CA US,19981029,-9999,-9999,0
GHCND:USC00049855,YOSEMITE PARK HEADQUARTERS CA US,19981030,-9999,-9999,0.15
GHCND:USC00049855,YOSEMITE PARK HEADQUARTERS CA US,19981031,-9999,-9999,0
GHCND:USC00049855,YOSEMITE PARK HEADQUARTERS CA US,19981101,-9999,-9999,0
GHCND:USC00049855,YOSEMITE PARK HEADQUARTERS CA US,19981102,-9999,-9999,0
GHCND:USC00049855,YOSEMITE PARK HEADQUARTERS CA US,19981103,-9999,-9999,0
GHCND:USC00049855,YOSEMITE PARK HEADQUARTERS CA US,19981104,-9999,-9999,0
GHCND:USC00049855,YOSEMITE PARK HEADQUARTERS CA US,19981105,-9999,-9999,0
GHCND:USC00049855,YOSEMITE PARK HEADQUARTERS CA US,19981106,-9999,-9999,0.25
GHCND:USC00049855,YOSEMITE PARK HEADQUARTERS CA US,19981107,-9999,-9999,0.7
GHCND:USC00049855,YOSEMITE PARK HEADQUARTERS CA US,19981108,-9999,-9999,0.08
GHCND:USC00049855,YOSEMITE PARK HEADQUARTERS CA US,19981109,-9999,-9999,0
GHCND:USC00049855,YOSEMITE PARK HEADQUARTERS CA US,19981110,-9999,-9999,0.76
GHCND:USC00049855,YOSEMITE PARK HEADQUARTERS CA US,19981111,-9999,-9999,0
GHCND:USC00049855,YOSEMITE PARK HEADQUARTERS CA US,19981112,-9999,-9999,0
GHCND:USC00049855,YOSEMITE PARK HEADQUARTERS CA US,19981113,-9999,-9999,0
GHCND:USC00049855,YOSEMITE PARK HEADQUARTERS CA US,19981114,-9999,-9999,0
GHCND:USC00049855,YOSEMITE PARK HEADQUARTERS CA US,19981115,-9999,-9999,0
GHCND:USC00049855,YOSEMITE PARK HEADQUARTERS CA US,19981116,-9999,-9999,0.4
GHCND:USC00049855,YOSEMITE PARK HEADQUARTERS CA US,19981117,-9999,-9999,0
GHCND:USC00049855,YOSEMITE PARK HEADQUARTERS CA US,19981118,-9999,-9999,0
GHCND:USC00049855,YOSEMITE PARK HEADQUARTERS CA US,19981119,-9999,-9999,0
GHCND:USC00049855,YOSEMITE PARK HEADQUARTERS CA US,19981120,-9999,-9999,0
GHCND:USC00049855,YOSEMITE PARK HEADQUARTERS CA US,19981121,-9999,-9999,0.08
GHCND:USC00049855,YOSEMITE PARK HEADQUARTERS CA US,19981122,-9999,-9999,0.02
GHCND:USC00049855,YOSEMITE PARK HEADQUARTERS CA US,19981123,-9999,-9999,0.54
GHCND:USC00049855,YOSEMITE PARK HEADQUARTERS CA US,19981124,-9999,-9999,0
GHCND:USC00049855,YOSEMITE PARK HEADQUARTERS CA US,19981125,-9999,-9999,0
GHCND:USC00049855,YOSEMITE PARK HEADQUARTERS CA US,19981126,-9999,-9999,0
GHCND:USC00049855,YOSEMITE PARK HEADQUARTERS CA US,19981127,-9999,-9999,0.23
GHCND:USC00049855,YOSEMITE PARK HEADQUARTERS CA US,19981128,-9999,-9999,0.13
GHCND:USC00049855,YOSEMITE PARK HEADQUARTERS CA US,19981129,-9999,-9999,0.96
GHCND:USC00049855,YOSEMITE PARK HEADQUARTERS CA US,19981130,-9999,-9999,2.07
GHCND:USC00049855,YOSEMITE PARK HEADQUARTERS CA US,19981201,-9999,-9999,0
GHCND:USC00049855,YOSEMITE PARK HEADQUARTERS CA US,19981202,-9999,-9999,0.03
GHCND:USC00049855,YOSEMITE PARK HEADQUARTERS CA US,19981203,-9999,-9999,0.57
GHCND:USC00049855,YOSEMITE PARK HEADQUARTERS CA US,19981204,-9999,-9999,0
GHCND:USC00049855,YOSEMITE PARK HEADQUARTERS CA US,19981205,-9999,-9999,0
GHCND:USC00049855,YOSEMITE PARK HEADQUARTERS CA US,19981206,-9999,-9999,0.37
GHCND:USC00049855,YOSEMITE PARK HEADQUARTERS CA US,19981207,-9999,-9999,0
GHCND:USC00049855,YOSEMITE PARK HEADQUARTERS CA US,19981208,-9999,-9999,0
GHCND:USC00049855,YOSEMITE PARK HEADQUARTERS CA US,19981209,-9999,-9999,0
GHCND:USC00049855,YOSEMITE PARK HEADQUARTERS CA US,19981210,-9999,-9999,0
GHCND:USC00049855,YOSEMITE PARK HEADQUARTERS CA US,19981211,-9999,-9999,0
GHCND:USC00049855,YOSEMITE PARK HEADQUARTERS CA US,19981212,-9999,-9999,0
GHCND:USC00049855,YOSEMITE PARK HEADQUARTERS CA US,19981213,-9999,-9999,0
GHCND:USC00049855,YOSEMITE PARK HEADQUARTERS CA US,19981214,-9999,-9999,0.45
GHCND:USC00049855,YOSEMITE PARK HEADQUARTERS CA US,19981215,-9999,-9999,0
GHCND:USC00049855,YOSEMITE PARK HEADQUARTERS CA US,19981216,-9999,-9999,0
GHCND:USC00049855,YOSEMITE PARK HEADQUARTERS CA US,19981217,-9999,-9999,0
GHCND:USC00049855,YOSEMITE PARK HEADQUARTERS CA US,19981218,-9999,-9999,0
GHCND:USC00049855,YOSEMITE PARK HEADQUARTERS CA US,19981219,-9999,-9999,0.24
GHCND:USC00049855,YOSEMITE PARK HEADQUARTERS CA US,19981220,-9999,-9999,0
GHCND:USC00049855,YOSEMITE PARK HEADQUARTERS CA US,19981221,-9999,-9999,0
GHCND:USC00049855,YOSEMITE PARK HEADQUARTERS CA US,19981222,-9999,-9999,0
GHCND:USC00049855,YOSEMITE PARK HEADQUARTERS CA US,19981223,-9999,-9999,0
GHCND:USC00049855,YOSEMITE PARK HEADQUARTERS CA US,19981224,-9999,-9999,0
GHCND:USC00049855,YOSEMITE PARK HEADQUARTERS CA US,19981225,-9999,-9999,0
GHCND:USC00049855,YOSEMITE PARK HEADQUARTERS CA US,19981226,-9999,-9999,0
GHCND:USC00049855,YOSEMITE PARK HEADQUARTERS CA US,19981227,-9999,-9999,0
GHCND:USC00049855,YOSEMITE PARK HEADQUARTERS CA US,19981228,-9999,-9999,0
GHCND:USC00049855,YOSEMITE PARK HEADQUARTERS CA US,19981229,-9999,-9999,0
GHCND:USC00049855,YOSEMITE PARK HEADQUARTERS CA US,19981230,-9999,-9999,0
GHCND:USC00049855,YOSEMITE PARK HEADQUARTERS CA US,19981231,-9999,-9999,0
GHCND:USC00049855,YOSEMITE PARK HEADQUARTERS CA US,19990101,-9999,-9999,0
GHCND:USC00049855,YOSEMITE PARK HEADQUARTERS CA US,19990102,-9999,-9999,0
GHCND:USC00049855,YOSEMITE PARK HEADQUARTERS CA US,19990103,-9999,-9999,0
GHCND:USC00049855,YOSEMITE PARK HEADQUARTERS CA US,19990104,-9999,-9999,0
GHCND:USC00049855,YOSEMITE PARK HEADQUARTERS CA US,19990105,-9999,-9999,0
GHCND:USC00049855,YOSEMITE PARK HEADQUARTERS CA US,19990106,-9999,-9999,0
GHCND:USC00049855,YOSEMITE PARK HEADQUARTERS CA US,19990107,-9999,-9999,0
GHCND:USC00049855,YOSEMITE PARK HEADQUARTERS CA US,19990108,-9999,-9999,0
GHCND:USC00049855,YOSEMITE PARK HEADQUARTERS CA US,19990109,-9999,-9999,0
GHCND:USC00049855,YOSEMITE PARK HEADQUARTERS CA US,19990110,-9999,-9999,0
GHCND:USC00049855,YOSEMITE PARK HEADQUARTERS CA US,19990111,-9999,-9999,0
GHCND:USC00049855,YOSEMITE PARK HEADQUARTERS CA US,19990112,-9999,-9999,0
GHCND:USC00049855,YOSEMITE PARK HEADQUARTERS CA US,19990113,-9999,-9999,0
GHCND:USC00049855,YOSEMITE PARK HEADQUARTERS CA US,19990114,-9999,-9999,0.14
GHCND:USC00049855,YOSEMITE PARK HEADQUARTERS CA US,19990115,-9999,-9999,0.73
GHCND:USC00049855,YOSEMITE PARK HEADQUARTERS CA US,19990116,-9999,-9999,0.22
GHCND:USC00049855,YOSEMITE PARK HEADQUARTERS CA US,19990117,-9999,-9999,0.04
GHCND:USC00049855,YOSEMITE PARK HEADQUARTERS CA US,19990118,-9999,-9999,2.45
GHCND:USC00049855,YOSEMITE PARK HEADQUARTERS CA US,19990119,-9999,-9999,1.49
GHCND:USC00049855,YOSEMITE PARK HEADQUARTERS CA US,19990120,-9999,-9999,1.28
GHCND:USC00049855,YOSEMITE PARK HEADQUARTERS CA US,19990121,-9999,-9999,0
GHCND:USC00049855,YOSEMITE PARK HEADQUARTERS CA US,19990122,-9999,-9999,0.12
GHCND:USC00049855,YOSEMITE PARK HEADQUARTERS CA US,19990123,-9999,-9999,0
GHCND:USC00049855,YOSEMITE PARK HEADQUARTERS CA US,19990124,-9999,-9999,1.35
GHCND:USC00049855,YOSEMITE PARK HEADQUARTERS CA US,19990125,-9999,-9999,0.04
GHCND:USC00049855,YOSEMITE PARK HEADQUARTERS CA US,19990126,-9999,-9999,0.39
GHCND:USC00049855,YOSEMITE PARK HEADQUARTERS CA US,19990127,-9999,-9999,0.06
GHCND:USC00049855,YOSEMITE PARK HEADQUARTERS CA US,19990128,-9999,-9999,0
GHCND:USC00049855,YOSEMITE PARK HEADQUARTERS CA US,19990129,-9999,-9999,0
GHCND:USC00049855,YOSEMITE PARK HEADQUARTERS CA US,19990130,-9999,-9999,0
GHCND:USC00049855,YOSEMITE PARK HEADQUARTERS CA US,19990131,-9999,-9999,0.27
GHCND:USC00049855,YOSEMITE PARK HEADQUARTERS CA US,19990201,-9999,-9999,0.24
GHCND:USC00049855,YOSEMITE PARK HEADQUARTERS CA US,19990202,-9999,-9999,0
GHCND:USC00049855,YOSEMITE PARK HEADQUARTERS CA US,19990203,-9999,-9999,0
GHCND:USC00049855,YOSEMITE PARK HEADQUARTERS CA US,19990204,-9999,-9999,0
GHCND:USC00049855,YOSEMITE PARK HEADQUARTERS CA US,19990205,-9999,-9999,0
GHCND:USC00049855,YOSEMITE PARK HEADQUARTERS CA US,19990206,-9999,-9999,0
GHCND:USC00049855,YOSEMITE PARK HEADQUARTERS CA US,19990207,-9999,-9999,1.46
GHCND:USC00049855,YOSEMITE PARK HEADQUARTERS CA US,19990208,-9999,-9999,2.24
GHCND:USC00049855,YOSEMITE PARK HEADQUARTERS CA US,19990209,-9999,-9999,1.73
GHCND:USC00049855,YOSEMITE PARK HEADQUARTERS CA US,19990210,-9999,-9999,1.37
GHCND:USC00049855,YOSEMITE PARK HEADQUARTERS CA US,19990211,-9999,-9999,0
GHCND:USC00049855,YOSEMITE PARK HEADQUARTERS CA US,19990212,-9999,-9999,0
GHCND:USC00049855,YOSEMITE PARK HEADQUARTERS CA US,19990213,-9999,-9999,0
GHCND:USC00049855,YOSEMITE PARK HEADQUARTERS CA US,19990214,-9999,-9999,0
GHCND:USC00049855,YOSEMITE PARK HEADQUARTERS CA US,19990215,-9999,-9999,0
GHCND:USC00049855,YOSEMITE PARK HEADQUARTERS CA US,19990216,-9999,-9999,0
GHCND:USC00049855,YOSEMITE PARK HEADQUARTERS CA US,19990217,-9999,-9999,1.15
GHCND:USC00049855,YOSEMITE PARK HEADQUARTERS CA US,19990218,-9999,-9999,0
GHCND:USC00049855,YOSEMITE PARK HEADQUARTERS CA US,19990219,-9999,-9999,0.21
GHCND:USC00049855,YOSEMITE PARK HEADQUARTERS CA US,19990220,-9999,-9999,0
GHCND:USC00049855,YOSEMITE PARK HEADQUARTERS CA US,19990221,-9999,-9999,1.27
GHCND:USC00049855,YOSEMITE PARK HEADQUARTERS CA US,19990222,-9999,-9999,0
GHCND:USC00049855,YOSEMITE PARK HEADQUARTERS CA US,19990223,-9999,-9999,0
GHCND:USC00049855,YOSEMITE PARK HEADQUARTERS CA US,19990224,-9999,-9999,0
GHCND:USC00049855,YOSEMITE PARK HEADQUARTERS CA US,19990225,-9999,-9999,0.52
GHCND:USC00049855,YOSEMITE PARK HEADQUARTERS CA US,19990226,-9999,-9999,0.06
GHCND:USC00049855,YOSEMITE PARK HEADQUARTERS CA US,19990227,-9999,-9999,0
GHCND:USC00049855,YOSEMITE PARK HEADQUARTERS CA US,19990228,-9999,-9999,0
GHCND:USC00049855,YOSEMITE PARK HEADQUARTERS CA US,19990301,-9999,-9999,0.03
GHCND:USC00049855,YOSEMITE PARK HEADQUARTERS CA US,19990302,-9999,-9999,0
GHCND:USC00049855,YOSEMITE PARK HEADQUARTERS CA US,19990303,-9999,-9999,0.01
GHCND:USC00049855,YOSEMITE PARK HEADQUARTERS CA US,19990304,-9999,-9999,0.12
GHCND:USC00049855,YOSEMITE PARK HEADQUARTERS CA US,19990305,-9999,-9999,0
GHCND:USC00049855,YOSEMITE PARK HEADQUARTERS CA US,19990306,-9999,-9999,0
GHCND:USC00049855,YOSEMITE PARK HEADQUARTERS CA US,19990307,-9999,-9999,0
GHCND:USC00049855,YOSEMITE PARK HEADQUARTERS CA US,19990308,-9999,-9999,0.01
GHCND:USC00049855,YOSEMITE PARK HEADQUARTERS CA US,19990309,-9999,-9999,0.67
GHCND:USC00049855,YOSEMITE PARK HEADQUARTERS CA US,19990310,-9999,-9999,0.05
GHCND:USC00049855,YOSEMITE PARK HEADQUARTERS CA US,19990311,-9999,-9999,0.01
GHCND:USC00049855,YOSEMITE PARK HEADQUARTERS CA US,19990312,-9999,-9999,0
GHCND:USC00049855,YOSEMITE PARK HEADQUARTERS CA US,19990313,-9999,-9999,0
GHCND:USC00049855,YOSEMITE PARK HEADQUARTERS CA US,19990314,-9999,-9999,0
GHCND:USC00049855,YOSEMITE PARK HEADQUARTERS CA US,19990315,-9999,-9999,0
GHCND:USC00049855,YOSEMITE PARK HEADQUARTERS CA US,19990316,-9999,-9999,0
GHCND:USC00049855,YOSEMITE PARK HEADQUARTERS CA US,19990317,-9999,-9999,0
GHCND:USC00049855,YOSEMITE PARK HEADQUARTERS CA US,19990318,-9999,-9999,0
GHCND:USC00049855,YOSEMITE PARK HEADQUARTERS CA US,19990319,-9999,-9999,0
GHCND:USC00049855,YOSEMITE PARK HEADQUARTERS CA US,19990320,-9999,-9999,0.1
GHCND:USC00049855,YOSEMITE PARK HEADQUARTERS CA US,19990321,-9999,-9999,0.06
GHCND:USC00049855,YOSEMITE PARK HEADQUARTERS CA US,19990322,-9999,-9999,0
GHCND:USC00049855,YOSEMITE PARK HEADQUARTERS CA US,19990323,-9999,-9999,0.54
GHCND:USC00049855,YOSEMITE PARK HEADQUARTERS CA US,19990324,-9999,-9999,0
GHCND:USC00049855,YOSEMITE PARK HEADQUARTERS CA US,19990325,-9999,-9999,0
GHCND:USC00049855,YOSEMITE PARK HEADQUARTERS CA US,19990326,-9999,-9999,0
GHCND:USC00049855,YOSEMITE PARK HEADQUARTERS CA US,19990327,-9999,-9999,0
GHCND:USC00049855,YOSEMITE PARK HEADQUARTERS CA US,19990328,-9999,-9999,0
GHCND:USC00049855,YOSEMITE PARK HEADQUARTERS CA US,19990329,-9999,-9999,0
GHCND:USC00049855,YOSEMITE PARK HEADQUARTERS CA US,19990330,-9999,-9999,0
GHCND:USC00049855,YOSEMITE PARK HEADQUARTERS CA US,19990331,-9999,-9999,0.54
GHCND:USC00049855,YOSEMITE PARK HEADQUARTERS CA US,19990401,-9999,-9999,0.02
GHCND:USC00049855,YOSEMITE PARK HEADQUARTERS CA US,19990402,-9999,-9999,0
GHCND:USC00049855,YOSEMITE PARK HEADQUARTERS CA US,19990403,-9999,-9999,0
GHCND:USC00049855,YOSEMITE PARK HEADQUARTERS CA US,19990404,-9999,-9999,0.15
GHCND:USC00049855,YOSEMITE PARK HEADQUARTERS CA US,19990405,-9999,-9999,0.03
GHCND:USC00049855,YOSEMITE PARK HEADQUARTERS CA US,19990406,-9999,-9999,0.17
GHCND:USC00049855,YOSEMITE PARK HEADQUARTERS CA US,19990407,-9999,-9999,0.16
GHCND:USC00049855,YOSEMITE PARK HEADQUARTERS CA US,19990408,-9999,-9999,0.28
GHCND:USC00049855,YOSEMITE PARK HEADQUARTERS CA US,19990409,-9999,-9999,1.07
GHCND:USC00049855,YOSEMITE PARK HEADQUARTERS CA US,19990410,-9999,-9999,0
GHCND:USC00049855,YOSEMITE PARK HEADQUARTERS CA US,19990411,-9999,-9999,0.13
GHCND:USC00049855,YOSEMITE PARK HEADQUARTERS CA US,19990412,-9999,-9999,0
GHCND:USC00049855,YOSEMITE PARK HEADQUARTERS CA US,19990413,-9999,-9999,0
GHCND:USC00049855,YOSEMITE PARK HEADQUARTERS CA US,19990414,-9999,-9999,0
GHCND:USC00049855,YOSEMITE PARK HEADQUARTERS CA US,19990415,-9999,-9999,0
GHCND:USC00049855,YOSEMITE PARK HEADQUARTERS CA US,19990416,-9999,-9999,0
GHCND:USC00049855,YOSEMITE PARK HEADQUARTERS CA US,19990417,-9999,-9999,0
GHCND:USC00049855,YOSEMITE PARK HEADQUARTERS CA US,19990418,-9999,-9999,0
GHCND:USC00049855,YOSEMITE PARK HEADQUARTERS CA US,19990419,-9999,-9999,0
GHCND:USC00049855,YOSEMITE PARK HEADQUARTERS CA US,19990420,-9999,-9999,0
GHCND:USC00049855,YOSEMITE PARK HEADQUARTERS CA US,19990421,-9999,-9999,0
GHCND:USC00049855,YOSEMITE PARK HEADQUARTERS CA US,19990422,-9999,-9999,0
GHCND:USC00049855,YOSEMITE PARK HEADQUARTERS CA US,19990423,-9999,-9999,0.62
GHCND:USC00049855,YOSEMITE PARK HEADQUARTERS CA US,19990424,-9999,-9999,0
GHCND:USC00049855,YOSEMITE PARK HEADQUARTERS CA US,19990425,-9999,-9999,0.11
GHCND:USC00049855,YOSEMITE PARK HEADQUARTERS CA US,19990426,-9999,-9999,0
GHCND:USC00049855,YOSEMITE PARK HEADQUARTERS CA US,19990427,-9999,-9999,0.33
GHCND:USC00049855,YOSEMITE PARK HEADQUARTERS CA US,19990428,-9999,-9999,0
GHCND:USC00049855,YOSEMITE PARK HEADQUARTERS CA US,19990429,-9999,-9999,0.01
GHCND:USC00049855,YOSEMITE PARK HEADQUARTERS CA US,19990430,-9999,-9999,0
GHCND:USC00049855,YOSEMITE PARK HEADQUARTERS CA US,19990501,-9999,-9999,0
GHCND:USC00049855,YOSEMITE PARK HEADQUARTERS CA US,19990502,-9999,-9999,0
GHCND:USC00049855,YOSEMITE PARK HEADQUARTERS CA US,19990503,-9999,-9999,0
GHCND:USC00049855,YOSEMITE PARK HEADQUARTERS CA US,19990504,-9999,-9999,0.26
GHCND:USC00049855,YOSEMITE PARK HEADQUARTERS CA US,19990505,-9999,-9999,0
GHCND:USC00049855,YOSEMITE PARK HEADQUARTERS CA US,19990506,-9999,-9999,0
GHCND:USC00049855,YOSEMITE PARK HEADQUARTERS CA US,19990507,-9999,-9999,0
GHCND:USC00049855,YOSEMITE PARK HEADQUARTERS CA US,19990508,-9999,-9999,0
GHCND:USC00049855,YOSEMITE PARK HEADQUARTERS CA US,19990509,-9999,-9999,0
GHCND:USC00049855,YOSEMITE PARK HEADQUARTERS CA US,19990510,-9999,-9999,0
GHCND:USC00049855,YOSEMITE PARK HEADQUARTERS CA US,19990511,-9999,-9999,0
GHCND:USC00049855,YOSEMITE PARK HEADQUARTERS CA US,19990512,-9999,-9999,0
GHCND:USC00049855,YOSEMITE PARK HEADQUARTERS CA US,19990513,-9999,-9999,0
GHCND:USC00049855,YOSEMITE PARK HEADQUARTERS CA US,19990514,-9999,-9999,0
GHCND:USC00049855,YOSEMITE PARK HEADQUARTERS CA US,19990515,-9999,-9999,0
GHCND:USC00049855,YOSEMITE PARK HEADQUARTERS CA US,19990516,-9999,-9999,0
GHCND:USC00049855,YOSEMITE PARK HEADQUARTERS CA US,19990517,-9999,-9999,0
GHCND:USC00049855,YOSEMITE PARK HEADQUARTERS CA US,19990518,-9999,-9999,0
GHCND:USC00049855,YOSEMITE PARK HEADQUARTERS CA US,19990519,-9999,-9999,0
GHCND:USC00049855,YOSEMITE PARK HEADQUARTERS CA US,19990520,-9999,-9999,0
GHCND:USC00049855,YOSEMITE PARK HEADQUARTERS CA US,19990521,-9999,-9999,0
GHCND:USC00049855,YOSEMITE PARK HEADQUARTERS CA US,19990522,-9999,-9999,0
GHCND:USC00049855,YOSEMITE PARK HEADQUARTERS CA US,19990523,-9999,-9999,0
GHCND:USC00049855,YOSEMITE PARK HEADQUARTERS CA US,19990524,-9999,-9999,0
GHCND:USC00049855,YOSEMITE PARK HEADQUARTERS CA US,19990525,-9999,-9999,0
GHCND:USC00049855,YOSEMITE PARK HEADQUARTERS CA US,19990526,-9999,-9999,0.18
GHCND:USC00049855,YOSEMITE PARK HEADQUARTERS CA US,19990527,-9999,-9999,0
GHCND:USC00049855,YOSEMITE PARK HEADQUARTERS CA US,19990528,-9999,-9999,0
GHCND:USC00049855,YOSEMITE PARK HEADQUARTERS CA US,19990529,-9999,-9999,0
GHCND:USC00049855,YOSEMITE PARK HEADQUARTERS CA US,19990530,-9999,-9999,0
GHCND:USC00049855,YOSEMITE PARK HEADQUARTERS CA US,19990531,-9999,-9999,0
GHCND:USC00049855,YOSEMITE PARK HEADQUARTERS CA US,19990601,-9999,-9999,0
GHCND:USC00049855,YOSEMITE PARK HEADQUARTERS CA US,19990602,-9999,-9999,0
GHCND:USC00049855,YOSEMITE PARK HEADQUARTERS CA US,19990603,-9999,-9999,0.53
GHCND:USC00049855,YOSEMITE PARK HEADQUARTERS CA US,19990604,-9999,-9999,0
GHCND:USC00049855,YOSEMITE PARK HEADQUARTERS CA US,19990605,-9999,-9999,0
GHCND:USC00049855,YOSEMITE PARK HEADQUARTERS CA US,19990606,-9999,-9999,0
GHCND:USC00049855,YOSEMITE PARK HEADQUARTERS CA US,19990607,-9999,-9999,0
GHCND:USC00049855,YOSEMITE PARK HEADQUARTERS CA US,19990608,-9999,-9999,0
GHCND:USC00049855,YOSEMITE PARK HEADQUARTERS CA US,19990609,-9999,-9999,0
GHCND:USC00049855,YOSEMITE PARK HEADQUARTERS CA US,19990610,-9999,-9999,0
GHCND:USC00049855,YOSEMITE PARK HEADQUARTERS CA US,19990611,-9999,-9999,0
GHCND:USC00049855,YOSEMITE PARK HEADQUARTERS CA US,19990612,-9999,-9999,0
GHCND:USC00049855,YOSEMITE PARK HEADQUARTERS CA US,19990613,-9999,-9999,0
GHCND:USC00049855,YOSEMITE PARK HEADQUARTERS CA US,19990614,-9999,-9999,0
GHCND:USC00049855,YOSEMITE PARK HEADQUARTERS CA US,19990615,-9999,-9999,0
GHCND:USC00049855,YOSEMITE PARK HEADQUARTERS CA US,19990616,-9999,-9999,0
GHCND:USC00049855,YOSEMITE PARK HEADQUARTERS CA US,19990617,-9999,-9999,0
GHCND:USC00049855,YOSEMITE PARK HEADQUARTERS CA US,19990618,-9999,-9999,0
GHCND:USC00049855,YOSEMITE PARK HEADQUARTERS CA US,19990619,-9999,-9999,0
GHCND:USC00049855,YOSEMITE PARK HEADQUARTERS CA US,19990620,-9999,-9999,0
GHCND:USC00049855,YOSEMITE PARK HEADQUARTERS CA US,19990621,-9999,-9999,0
GHCND:USC00049855,YOSEMITE PARK HEADQUARTERS CA US,19990622,-9999,-9999,0
GHCND:USC00049855,YOSEMITE PARK HEADQUARTERS CA US,19990623,-9999,-9999,0
GHCND:USC00049855,YOSEMITE PARK HEADQUARTERS CA US,19990624,-9999,-9999,0
GHCND:USC00049855,YOSEMITE PARK HEADQUARTERS CA US,19990625,-9999,-9999,0
GHCND:USC00049855,YOSEMITE PARK HEADQUARTERS CA US,19990626,-9999,-9999,0
GHCND:USC00049855,YOSEMITE PARK HEADQUARTERS CA US,19990627,-9999,-9999,0
GHCND:USC00049855,YOSEMITE PARK HEADQUARTERS CA US,19990628,-9999,-9999,0
GHCND:USC00049855,YOSEMITE PARK HEADQUARTERS CA US,19990629,-9999,-9999,0
GHCND:USC00049855,YOSEMITE PARK HEADQUARTERS CA US,19990630,-9999,-9999,0
GHCND:USC00049855,YOSEMITE PARK HEADQUARTERS CA US,19990701,-9999,-9999,0
GHCND:USC00049855,YOSEMITE PARK HEADQUARTERS CA US,19990702,-9999,-9999,0
GHCND:USC00049855,YOSEMITE PARK HEADQUARTERS CA US,19990703,-9999,-9999,0
GHCND:USC00049855,YOSEMITE PARK HEADQUARTERS CA US,19990704,-9999,-9999,0
GHCND:USC00049855,YOSEMITE PARK HEADQUARTERS CA US,19990705,-9999,-9999,0
GHCND:USC00049855,YOSEMITE PARK HEADQUARTERS CA US,19990706,-9999,-9999,0
GHCND:USC00049855,YOSEMITE PARK HEADQUARTERS CA US,19990707,-9999,-9999,0
GHCND:USC00049855,YOSEMITE PARK HEADQUARTERS CA US,19990708,-9999,-9999,0
GHCND:USC00049855,YOSEMITE PARK HEADQUARTERS CA US,19990709,-9999,-9999,0
GHCND:USC00049855,YOSEMITE PARK HEADQUARTERS CA US,19990710,-9999,-9999,0
GHCND:USC00049855,YOSEMITE PARK HEADQUARTERS CA US,19990711,-9999,-9999,0
GHCND:USC00049855,YOSEMITE PARK HEADQUARTERS CA US,19990712,-9999,-9999,0
GHCND:USC00049855,YOSEMITE PARK HEADQUARTERS CA US,19990713,-9999,-9999,0
GHCND:USC00049855,YOSEMITE PARK HEADQUARTERS CA US,19990714,-9999,-9999,0.18
GHCND:USC00049855,YOSEMITE PARK HEADQUARTERS CA US,19990715,-9999,-9999,0
GHCND:USC00049855,YOSEMITE PARK HEADQUARTERS CA US,19990716,-9999,-9999,0
GHCND:USC00049855,YOSEMITE PARK HEADQUARTERS CA US,19990717,-9999,-9999,0
GHCND:USC00049855,YOSEMITE PARK HEADQUARTERS CA US,19990718,-9999,-9999,0
GHCND:USC00049855,YOSEMITE PARK HEADQUARTERS CA US,19990719,-9999,-9999,0
GHCND:USC00049855,YOSEMITE PARK HEADQUARTERS CA US,19990720,-9999,-9999,0
GHCND:USC00049855,YOSEMITE PARK HEADQUARTERS CA US,19990721,-9999,-9999,0
GHCND:USC00049855,YOSEMITE PARK HEADQUARTERS CA US,19990722,-9999,-9999,0
GHCND:USC00049855,YOSEMITE PARK HEADQUARTERS CA US,19990723,-9999,-9999,0
GHCND:USC00049855,YOSEMITE PARK HEADQUARTERS CA US,19990724,-9999,-9999,0
GHCND:USC00049855,YOSEMITE PARK HEADQUARTERS CA US,19990725,-9999,-9999,0
GHCND:USC00049855,YOSEMITE PARK HEADQUARTERS CA US,19990726,-9999,-9999,0
GHCND:USC00049855,YOSEMITE PARK HEADQUARTERS CA US,19990727,-9999,-9999,0
GHCND:USC00049855,YOSEMITE PARK HEADQUARTERS CA US,19990728,-9999,-9999,0
GHCND:USC00049855,YOSEMITE PARK HEADQUARTERS CA US,19990729,-9999,-9999,0
GHCND:USC00049855,YOSEMITE PARK HEADQUARTERS CA US,19990730,-9999,-9999,0
GHCND:USC00049855,YOSEMITE PARK HEADQUARTERS CA US,19990731,-9999,-9999,0
GHCND:USC00049855,YOSEMITE PARK HEADQUARTERS CA US,19990801,-9999,-9999,0
GHCND:USC00049855,YOSEMITE PARK HEADQUARTERS CA US,19990802,-9999,-9999,0
GHCND:USC00049855,YOSEMITE PARK HEADQUARTERS CA US,19990803,-9999,-9999,0
GHCND:USC00049855,YOSEMITE PARK HEADQUARTERS CA US,19990804,-9999,-9999,0
GHCND:USC00049855,YOSEMITE PARK HEADQUARTERS CA US,19990805,-9999,-9999,0
GHCND:USC00049855,YOSEMITE PARK HEADQUARTERS CA US,19990806,-9999,-9999,0
GHCND:USC00049855,YOSEMITE PARK HEADQUARTERS CA US,19990807,-9999,-9999,0.07
GHCND:USC00049855,YOSEMITE PARK HEADQUARTERS CA US,19990808,-9999,-9999,0
GHCND:USC00049855,YOSEMITE PARK HEADQUARTERS CA US,19990809,-9999,-9999,0
GHCND:USC00049855,YOSEMITE PARK HEADQUARTERS CA US,19990810,-9999,-9999,0.08
GHCND:USC00049855,YOSEMITE PARK HEADQUARTERS CA US,19990811,-9999,-9999,0
GHCND:USC00049855,YOSEMITE PARK HEADQUARTERS CA US,19990812,-9999,-9999,0
GHCND:USC00049855,YOSEMITE PARK HEADQUARTERS CA US,19990813,-9999,-9999,0
GHCND:USC00049855,YOSEMITE PARK HEADQUARTERS CA US,19990814,-9999,-9999,0
GHCND:USC00049855,YOSEMITE PARK HEADQUARTERS CA US,19990815,-9999,-9999,0
GHCND:USC00049855,YOSEMITE PARK HEADQUARTERS CA US,19990816,-9999,-9999,0
GHCND:USC00049855,YOSEMITE PARK HEADQUARTERS CA US,19990817,-9999,-9999,0
GHCND:USC00049855,YOSEMITE PARK HEADQUARTERS CA US,19990818,-9999,-9999,0
GHCND:USC00049855,YOSEMITE PARK HEADQUARTERS CA US,19990819,-9999,-9999,0
GHCND:USC00049855,YOSEMITE PARK HEADQUARTERS CA US,19990820,-9999,-9999,0
GHCND:USC00049855,YOSEMITE PARK HEADQUARTERS CA US,19990821,-9999,-9999,0
GHCND:USC00049855,YOSEMITE PARK HEADQUARTERS CA US,19990822,-9999,-9999,0
GHCND:USC00049855,YOSEMITE PARK HEADQUARTERS CA US,19990823,-9999,-9999,0
GHCND:USC00049855,YOSEMITE PARK HEADQUARTERS CA US,19990824,-9999,-9999,0
GHCND:USC00049855,YOSEMITE PARK HEADQUARTERS CA US,19990825,-9999,-9999,0
GHCND:USC00049855,YOSEMITE PARK HEADQUARTERS CA US,19990826,-9999,-9999,0
GHCND:USC00049855,YOSEMITE PARK HEADQUARTERS CA US,19990827,-9999,-9999,0
GHCND:USC00049855,YOSEMITE PARK HEADQUARTERS CA US,19990828,-9999,-9999,0
GHCND:USC00049855,YOSEMITE PARK HEADQUARTERS CA US,19990829,-9999,-9999,0
GHCND:USC00049855,YOSEMITE PARK HEADQUARTERS CA US,19990830,-9999,-9999,0
GHCND:USC00049855,YOSEMITE PARK HEADQUARTERS CA US,19990831,-9999,-9999,0
GHCND:USC00049855,YOSEMITE PARK HEADQUARTERS CA US,19990901,-9999,-9999,0
GHCND:USC00049855,YOSEMITE PARK HEADQUARTERS CA US,19990902,-9999,-9999,0
GHCND:USC00049855,YOSEMITE PARK HEADQUARTERS CA US,19990903,-9999,-9999,0
GHCND:USC00049855,YOSEMITE PARK HEADQUARTERS CA US,19990904,-9999,-9999,0
GHCND:USC00049855,YOSEMITE PARK HEADQUARTERS CA US,19990905,-9999,-9999,0
GHCND:USC00049855,YOSEMITE PARK HEADQUARTERS CA US,19990906,-9999,-9999,0
GHCND:USC00049855,YOSEMITE PARK HEADQUARTERS CA US,19990907,-9999,-9999,0
GHCND:USC00049855,YOSEMITE PARK HEADQUARTERS CA US,19990908,-9999,-9999,0
GHCND:USC00049855,YOSEMITE PARK HEADQUARTERS CA US,19990909,-9999,-9999,0
GHCND:USC00049855,YOSEMITE PARK HEADQUARTERS CA US,19990910,-9999,-9999,0
GHCND:USC00049855,YOSEMITE PARK HEADQUARTERS CA US,19990911,-9999,-9999,0
GHCND:USC00049855,YOSEMITE PARK HEADQUARTERS CA US,19990912,-9999,-9999,0
GHCND:USC00049855,YOSEMITE PARK HEADQUARTERS CA US,19990913,-9999,-9999,0
GHCND:USC00049855,YOSEMITE PARK HEADQUARTERS CA US,19990914,-9999,-9999,0
GHCND:USC00049855,YOSEMITE PARK HEADQUARTERS CA US,19990915,-9999,-9999,0
GHCND:USC00049855,YOSEMITE PARK HEADQUARTERS CA US,19990916,-9999,-9999,0
GHCND:USC00049855,YOSEMITE PARK HEADQUARTERS CA US,19990917,-9999,-9999,0
GHCND:USC00049855,YOSEMITE PARK HEADQUARTERS CA US,19990918,-9999,-9999,0
GHCND:USC00049855,YOSEMITE PARK HEADQUARTERS CA US,19990919,-9999,-9999,0
GHCND:USC00049855,YOSEMITE PARK HEADQUARTERS CA US,19990920,-9999,-9999,0
GHCND:USC00049855,YOSEMITE PARK HEADQUARTERS CA US,19990921,-9999,-9999,0
GHCND:USC00049855,YOSEMITE PARK HEADQUARTERS CA US,19990922,-9999,-9999,0
GHCND:USC00049855,YOSEMITE PARK HEADQUARTERS CA US,19990923,-9999,-9999,0.02
GHCND:USC00049855,YOSEMITE PARK HEADQUARTERS CA US,19990924,-9999,-9999,0.05
GHCND:USC00049855,YOSEMITE PARK HEADQUARTERS CA US,19990925,-9999,-9999,0
GHCND:USC00049855,YOSEMITE PARK HEADQUARTERS CA US,19990926,-9999,-9999,0
GHCND:USC00049855,YOSEMITE PARK HEADQUARTERS CA US,19990927,-9999,-9999,0
GHCND:USC00049855,YOSEMITE PARK HEADQUARTERS CA US,19990928,-9999,-9999,0
GHCND:USC00049855,YOSEMITE PARK HEADQUARTERS CA US,19990929,-9999,-9999,0
GHCND:USC00049855,YOSEMITE PARK HEADQUARTERS CA US,19990930,-9999,-9999,0
GHCND:USC00049855,YOSEMITE PARK HEADQUARTERS CA US,19991001,-9999,-9999,0
GHCND:USC00049855,YOSEMITE PARK HEADQUARTERS CA US,19991002,-9999,-9999,0
GHCND:USC00049855,YOSEMITE PARK HEADQUARTERS CA US,19991003,-9999,-9999,0
GHCND:USC00049855,YOSEMITE PARK HEADQUARTERS CA US,19991004,-9999,-9999,0
GHCND:USC00049855,YOSEMITE PARK HEADQUARTERS CA US,19991005,-9999,-9999,0
GHCND:USC00049855,YOSEMITE PARK HEADQUARTERS CA US,19991006,-9999,-9999,0
GHCND:USC00049855,YOSEMITE PARK HEADQUARTERS CA US,19991007,-9999,-9999,0
GHCND:USC00049855,YOSEMITE PARK HEADQUARTERS CA US,19991008,-9999,-9999,0
GHCND:USC00049855,YOSEMITE PARK HEADQUARTERS CA US,19991009,-9999,-9999,0
GHCND:USC00049855,YOSEMITE PARK HEADQUARTERS CA US,19991010,-9999,-9999,0
GHCND:USC00049855,YOSEMITE PARK HEADQUARTERS CA US,19991011,-9999,-9999,0
GHCND:USC00049855,YOSEMITE PARK HEADQUARTERS CA US,19991012,-9999,-9999,0
GHCND:USC00049855,YOSEMITE PARK HEADQUARTERS CA US,19991013,-9999,-9999,0
GHCND:USC00049855,YOSEMITE PARK HEADQUARTERS CA US,19991014,-9999,-9999,0
GHCND:USC00049855,YOSEMITE PARK HEADQUARTERS CA US,19991015,-9999,-9999,0
GHCND:USC00049855,YOSEMITE PARK HEADQUARTERS CA US,19991016,-9999,-9999,0
GHCND:USC00049855,YOSEMITE PARK HEADQUARTERS CA US,19991017,-9999,-9999,0
GHCND:USC00049855,YOSEMITE PARK HEADQUARTERS CA US,19991018,-9999,-9999,0
GHCND:USC00049855,YOSEMITE PARK HEADQUARTERS CA US,19991019,-9999,-9999,0
GHCND:USC00049855,YOSEMITE PARK HEADQUARTERS CA US,19991020,-9999,-9999,0
GHCND:USC00049855,YOSEMITE PARK HEADQUARTERS CA US,19991021,-9999,-9999,0
GHCND:USC00049855,YOSEMITE PARK HEADQUARTERS CA US,19991022,-9999,-9999,0
GHCND:USC00049855,YOSEMITE PARK HEADQUARTERS CA US,19991023,-9999,-9999,0
GHCND:USC00049855,YOSEMITE PARK HEADQUARTERS CA US,19991024,-9999,-9999,0
GHCND:USC00049855,YOSEMITE PARK HEADQUARTERS CA US,19991025,-9999,-9999,0
GHCND:USC00049855,YOSEMITE PARK HEADQUARTERS CA US,19991026,-9999,-9999,0
GHCND:USC00049855,YOSEMITE PARK HEADQUARTERS CA US,19991027,-9999,-9999,0
GHCND:USC00049855,YOSEMITE PARK HEADQUARTERS CA US,19991028,-9999,-9999,0.62
GHCND:USC00049855,YOSEMITE PARK HEADQUARTERS CA US,19991029,-9999,-9999,0.03
GHCND:USC00049855,YOSEMITE PARK HEADQUARTERS CA US,19991030,-9999,-9999,0
GHCND:USC00049855,YOSEMITE PARK HEADQUARTERS CA US,19991031,-9999,-9999,0
GHCND:USC00049855,YOSEMITE PARK HEADQUARTERS CA US,19991101,-9999,-9999,0
GHCND:USC00049855,YOSEMITE PARK HEADQUARTERS CA US,19991102,-9999,-9999,0
GHCND:USC00049855,YOSEMITE PARK HEADQUARTERS CA US,19991103,-9999,-9999,0
GHCND:USC00049855,YOSEMITE PARK HEADQUARTERS CA US,19991104,-9999,-9999,0
GHCND:USC00049855,YOSEMITE PARK HEADQUARTERS CA US,19991105,-9999,-9999,0
GHCND:USC00049855,YOSEMITE PARK HEADQUARTERS CA US,19991106,-9999,-9999,0
GHCND:USC00049855,YOSEMITE PARK HEADQUARTERS CA US,19991107,-9999,-9999,0
GHCND:USC00049855,YOSEMITE PARK HEADQUARTERS CA US,19991108,-9999,-9999,1.19
GHCND:USC00049855,YOSEMITE PARK HEADQUARTERS CA US,19991109,-9999,-9999,0
GHCND:USC00049855,YOSEMITE PARK HEADQUARTERS CA US,19991110,-9999,-9999,0
GHCND:USC00049855,YOSEMITE PARK HEADQUARTERS CA US,19991111,-9999,-9999,0
GHCND:USC00049855,YOSEMITE PARK HEADQUARTERS CA US,19991112,-9999,-9999,0
GHCND:USC00049855,YOSEMITE PARK HEADQUARTERS CA US,19991113,-9999,-9999,0
GHCND:USC00049855,YOSEMITE PARK HEADQUARTERS CA US,19991114,-9999,-9999,0.07
GHCND:USC00049855,YOSEMITE PARK HEADQUARTERS CA US,19991115,-9999,-9999,0
GHCND:USC00049855,YOSEMITE PARK HEADQUARTERS CA US,19991116,-9999,-9999,0
GHCND:USC00049855,YOSEMITE PARK HEADQUARTERS CA US,19991117,-9999,-9999,0.56
GHCND:USC00049855,YOSEMITE PARK HEADQUARTERS CA US,19991118,-9999,-9999,0
GHCND:USC00049855,YOSEMITE PARK HEADQUARTERS CA US,19991119,-9999,-9999,0
GHCND:USC00049855,YOSEMITE PARK HEADQUARTERS CA US,19991120,-9999,-9999,0.74
GHCND:USC00049855,YOSEMITE PARK HEADQUARTERS CA US,19991121,-9999,-9999,0.12
GHCND:USC00049855,YOSEMITE PARK HEADQUARTERS CA US,19991122,-9999,-9999,0
GHCND:USC00049855,YOSEMITE PARK HEADQUARTERS CA US,19991123,-9999,-9999,0
GHCND:USC00049855,YOSEMITE PARK HEADQUARTERS CA US,19991124,-9999,-9999,0
GHCND:USC00049855,YOSEMITE PARK HEADQUARTERS CA US,19991125,-9999,-9999,0
GHCND:USC00049855,YOSEMITE PARK HEADQUARTERS CA US,19991126,-9999,-9999,0
GHCND:USC00049855,YOSEMITE PARK HEADQUARTERS CA US,19991127,-9999,-9999,0
GHCND:USC00049855,YOSEMITE PARK HEADQUARTERS CA US,19991128,-9999,-9999,0
GHCND:USC00049855,YOSEMITE PARK HEADQUARTERS CA US,19991129,-9999,-9999,0
GHCND:USC00049855,YOSEMITE PARK HEADQUARTERS CA US,19991130,-9999,-9999,0
GHCND:USC00049855,YOSEMITE PARK HEADQUARTERS CA US,19991201,-9999,-9999,0.23
GHCND:USC00049855,YOSEMITE PARK HEADQUARTERS CA US,19991202,-9999,-9999,0
GHCND:USC00049855,YOSEMITE PARK HEADQUARTERS CA US,19991203,-9999,-9999,0.06
GHCND:USC00049855,YOSEMITE PARK HEADQUARTERS CA US,19991204,-9999,-9999,0
GHCND:USC00049855,YOSEMITE PARK HEADQUARTERS CA US,19991205,-9999,-9999,0
GHCND:USC00049855,YOSEMITE PARK HEADQUARTERS CA US,19991206,-9999,-9999,0
GHCND:USC00049855,YOSEMITE PARK HEADQUARTERS CA US,19991207,-9999,-9999,0.02
GHCND:USC00049855,YOSEMITE PARK HEADQUARTERS CA US,19991208,-9999,-9999,0
GHCND:USC00049855,YOSEMITE PARK HEADQUARTERS CA US,19991209,-9999,-9999,0
GHCND:USC00049855,YOSEMITE PARK HEADQUARTERS CA US,19991210,-9999,-9999,0
GHCND:USC00049855,YOSEMITE PARK HEADQUARTERS CA US,19991211,-9999,-9999,0
GHCND:USC00049855,YOSEMITE PARK HEADQUARTERS CA US,19991212,-9999,-9999,0
GHCND:USC00049855,YOSEMITE PARK HEADQUARTERS CA US,19991213,-9999,-9999,0
GHCND:USC00049855,YOSEMITE PARK HEADQUARTERS CA US,19991214,-9999,-9999,0
GHCND:USC00049855,YOSEMITE PARK HEADQUARTERS CA US,19991215,-9999,-9999,0
GHCND:USC00049855,YOSEMITE PARK HEADQUARTERS CA US,19991216,-9999,-9999,0
GHCND:USC00049855,YOSEMITE PARK HEADQUARTERS CA US,19991217,-9999,-9999,0
GHCND:USC00049855,YOSEMITE PARK HEADQUARTERS CA US,19991218,-9999,-9999,0
GHCND:USC00049855,YOSEMITE PARK HEADQUARTERS CA US,19991219,-9999,-9999,0
GHCND:USC00049855,YOSEMITE PARK HEADQUARTERS CA US,19991220,-9999,-9999,0
GHCND:USC00049855,YOSEMITE PARK HEADQUARTERS CA US,19991221,-9999,-9999,0
GHCND:USC00049855,YOSEMITE PARK HEADQUARTERS CA US,19991222,-9999,-9999,0
GHCND:USC00049855,YOSEMITE PARK HEADQUARTERS CA US,19991223,-9999,-9999,0
GHCND:USC00049855,YOSEMITE PARK HEADQUARTERS CA US,19991224,-9999,-9999,0
GHCND:USC00049855,YOSEMITE PARK HEADQUARTERS CA US,19991225,-9999,-9999,0
GHCND:USC00049855,YOSEMITE PARK HEADQUARTERS CA US,19991226,-9999,-9999,0
GHCND:USC00049855,YOSEMITE PARK HEADQUARTERS CA US,19991227,-9999,-9999,0
GHCND:USC00049855,YOSEMITE PARK HEADQUARTERS CA US,19991228,-9999,-9999,0
GHCND:USC00049855,YOSEMITE PARK HEADQUARTERS CA US,19991229,-9999,-9999,0
GHCND:USC00049855,YOSEMITE PARK HEADQUARTERS CA US,19991230,-9999,-9999,0
GHCND:USC00049855,YOSEMITE PARK HEADQUARTERS CA US,19991231,-9999,-9999,0
GHCND:USC00049855,YOSEMITE PARK HEADQUARTERS CA US,20000101,-9999,-9999,0
GHCND:USC00049855,YOSEMITE PARK HEADQUARTERS CA US,20000102,-9999,-9999,0.02
GHCND:USC00049855,YOSEMITE PARK HEADQUARTERS CA US,20000103,-9999,-9999,0
GHCND:USC00049855,YOSEMITE PARK HEADQUARTERS CA US,20000104,-9999,-9999,0
GHCND:USC00049855,YOSEMITE PARK HEADQUARTERS CA US,20000105,-9999,-9999,0
GHCND:USC00049855,YOSEMITE PARK HEADQUARTERS CA US,20000106,-9999,-9999,0
GHCND:USC00049855,YOSEMITE PARK HEADQUARTERS CA US,20000107,-9999,-9999,0
GHCND:USC00049855,YOSEMITE PARK HEADQUARTERS CA US,20000108,-9999,-9999,0
GHCND:USC00049855,YOSEMITE PARK HEADQUARTERS CA US,20000109,-9999,-9999,0
GHCND:USC00049855,YOSEMITE PARK HEADQUARTERS CA US,20000110,-9999,-9999,0
GHCND:USC00049855,YOSEMITE PARK HEADQUARTERS CA US,20000111,-9999,-9999,0
GHCND:USC00049855,YOSEMITE PARK HEADQUARTERS CA US,20000112,-9999,-9999,0.54
GHCND:USC00049855,YOSEMITE PARK HEADQUARTERS CA US,20000113,-9999,-9999,0
GHCND:USC00049855,YOSEMITE PARK HEADQUARTERS CA US,20000114,-9999,-9999,0
GHCND:USC00049855,YOSEMITE PARK HEADQUARTERS CA US,20000115,-9999,-9999,0
GHCND:USC00049855,YOSEMITE PARK HEADQUARTERS CA US,20000116,-9999,-9999,1.21
GHCND:USC00049855,YOSEMITE PARK HEADQUARTERS CA US,20000117,-9999,-9999,0.58
GHCND:USC00049855,YOSEMITE PARK HEADQUARTERS CA US,20000118,-9999,-9999,1.26
GHCND:USC00049855,YOSEMITE PARK HEADQUARTERS CA US,20000119,-9999,-9999,0.83
GHCND:USC00049855,YOSEMITE PARK HEADQUARTERS CA US,20000120,-9999,-9999,0.05
GHCND:USC00049855,YOSEMITE PARK HEADQUARTERS CA US,20000121,-9999,-9999,0.07
GHCND:USC00049855,YOSEMITE PARK HEADQUARTERS CA US,20000122,-9999,-9999,0.04
GHCND:USC00049855,YOSEMITE PARK HEADQUARTERS CA US,20000123,-9999,-9999,0.19
GHCND:USC00049855,YOSEMITE PARK HEADQUARTERS CA US,20000124,-9999,-9999,2.52
GHCND:USC00049855,YOSEMITE PARK HEADQUARTERS CA US,20000125,-9999,-9999,2.51
GHCND:USC00049855,YOSEMITE PARK HEADQUARTERS CA US,20000126,-9999,-9999,0.51
GHCND:USC00049855,YOSEMITE PARK HEADQUARTERS CA US,20000127,-9999,-9999,0
GHCND:USC00049855,YOSEMITE PARK HEADQUARTERS CA US,20000128,-9999,-9999,0
GHCND:USC00049855,YOSEMITE PARK HEADQUARTERS CA US,20000129,-9999,-9999,0
GHCND:USC00049855,YOSEMITE PARK HEADQUARTERS CA US,20000130,-9999,-9999,0
GHCND:USC00049855,YOSEMITE PARK HEADQUARTERS CA US,20000131,-9999,-9999,1.19
GHCND:USC00049855,YOSEMITE PARK HEADQUARTERS CA US,20000201,-9999,-9999,0.06
GHCND:USC00049855,YOSEMITE PARK HEADQUARTERS CA US,20000202,-9999,-9999,0
GHCND:USC00049855,YOSEMITE PARK HEADQUARTERS CA US,20000203,-9999,-9999,0
GHCND:USC00049855,YOSEMITE PARK HEADQUARTERS CA US,20000204,-9999,-9999,0
GHCND:USC00049855,YOSEMITE PARK HEADQUARTERS CA US,20000205,-9999,-9999,0.01
GHCND:USC00049855,YOSEMITE PARK HEADQUARTERS CA US,20000206,-9999,-9999,0
GHCND:USC00049855,YOSEMITE PARK HEADQUARTERS CA US,20000207,-9999,-9999,0
GHCND:USC00049855,YOSEMITE PARK HEADQUARTERS CA US,20000208,-9999,-9999,0
GHCND:USC00049855,YOSEMITE PARK HEADQUARTERS CA US,20000209,-9999,-9999,0
GHCND:USC00049855,YOSEMITE PARK HEADQUARTERS CA US,20000210,-9999,-9999,0.22
GHCND:USC00049855,YOSEMITE PARK HEADQUARTERS CA US,20000211,-9999,-9999,1.02
GHCND:USC00049855,YOSEMITE PARK HEADQUARTERS CA US,20000212,-9999,-9999,0.81
GHCND:USC00049855,YOSEMITE PARK HEADQUARTERS CA US,20000213,-9999,-9999,0.47
GHCND:USC00049855,YOSEMITE PARK HEADQUARTERS CA US,20000214,-9999,-9999,2.43
GHCND:USC00049855,YOSEMITE PARK HEADQUARTERS CA US,20000215,-9999,-9999,0.64
GHCND:USC00049855,YOSEMITE PARK HEADQUARTERS CA US,20000216,-9999,-9999,0.17
GHCND:USC00049855,YOSEMITE PARK HEADQUARTERS CA US,20000217,-9999,-9999,0.42
GHCND:USC00049855,YOSEMITE PARK HEADQUARTERS CA US,20000218,-9999,-9999,0
GHCND:USC00049855,YOSEMITE PARK HEADQUARTERS CA US,20000219,-9999,-9999,0
GHCND:USC00049855,YOSEMITE PARK HEADQUARTERS CA US,20000220,-9999,-9999,0.06
GHCND:USC00049855,YOSEMITE PARK HEADQUARTERS CA US,20000221,-9999,-9999,0.6
GHCND:USC00049855,YOSEMITE PARK HEADQUARTERS CA US,20000222,-9999,-9999,0
GHCND:USC00049855,YOSEMITE PARK HEADQUARTERS CA US,20000223,-9999,-9999,1.1
GHCND:USC00049855,YOSEMITE PARK HEADQUARTERS CA US,20000224,-9999,-9999,0.39
GHCND:USC00049855,YOSEMITE PARK HEADQUARTERS CA US,20000225,-9999,-9999,0.11
GHCND:USC00049855,YOSEMITE PARK HEADQUARTERS CA US,20000226,-9999,-9999,0
GHCND:USC00049855,YOSEMITE PARK HEADQUARTERS CA US,20000227,-9999,-9999,1.61
GHCND:USC00049855,YOSEMITE PARK HEADQUARTERS CA US,20000228,-9999,-9999,1.06
GHCND:USC00049855,YOSEMITE PARK HEADQUARTERS CA US,20000229,-9999,-9999,0.16
GHCND:USC00049855,YOSEMITE PARK HEADQUARTERS CA US,20000301,-9999,-9999,0.16
GHCND:USC00049855,YOSEMITE PARK HEADQUARTERS CA US,20000302,-9999,-9999,0
GHCND:USC00049855,YOSEMITE PARK HEADQUARTERS CA US,20000303,-9999,-9999,0
GHCND:USC00049855,YOSEMITE PARK HEADQUARTERS CA US,20000304,-9999,-9999,0
GHCND:USC00049855,YOSEMITE PARK HEADQUARTERS CA US,20000305,-9999,-9999,0
GHCND:USC00049855,YOSEMITE PARK HEADQUARTERS CA US,20000306,-9999,-9999,0.41
GHCND:USC00049855,YOSEMITE PARK HEADQUARTERS CA US,20000307,-9999,-9999,0
GHCND:USC00049855,YOSEMITE PARK HEADQUARTERS CA US,20000308,-9999,-9999,0.56
GHCND:USC00049855,YOSEMITE PARK HEADQUARTERS CA US,20000309,-9999,-9999,0.21
GHCND:USC00049855,YOSEMITE PARK HEADQUARTERS CA US,20000310,-9999,-9999,0
GHCND:USC00049855,YOSEMITE PARK HEADQUARTERS CA US,20000311,-9999,-9999,0
GHCND:USC00049855,YOSEMITE PARK HEADQUARTERS CA US,20000312,-9999,-9999,0
GHCND:USC00049855,YOSEMITE PARK HEADQUARTERS CA US,20000313,-9999,-9999,0
GHCND:USC00049855,YOSEMITE PARK HEADQUARTERS CA US,20000314,-9999,-9999,0
GHCND:USC00049855,YOSEMITE PARK HEADQUARTERS CA US,20000315,-9999,-9999,0
GHCND:USC00049855,YOSEMITE PARK HEADQUARTERS CA US,20000316,-9999,-9999,0
GHCND:USC00049855,YOSEMITE PARK HEADQUARTERS CA US,20000317,-9999,-9999,0
GHCND:USC00049855,YOSEMITE PARK HEADQUARTERS CA US,20000318,-9999,-9999,0
GHCND:USC00049855,YOSEMITE PARK HEADQUARTERS CA US,20000319,-9999,-9999,0
GHCND:USC00049855,YOSEMITE PARK HEADQUARTERS CA US,20000320,-9999,-9999,0
GHCND:USC00049855,YOSEMITE PARK HEADQUARTERS CA US,20000321,-9999,-9999,0
GHCND:USC00049855,YOSEMITE PARK HEADQUARTERS CA US,20000322,-9999,-9999,0
GHCND:USC00049855,YOSEMITE PARK HEADQUARTERS CA US,20000323,-9999,-9999,0
GHCND:USC00049855,YOSEMITE PARK HEADQUARTERS CA US,20000324,-9999,-9999,0
GHCND:USC00049855,YOSEMITE PARK HEADQUARTERS CA US,20000325,-9999,-9999,0
GHCND:USC00049855,YOSEMITE PARK HEADQUARTERS CA US,20000326,-9999,-9999,0
GHCND:USC00049855,YOSEMITE PARK HEADQUARTERS CA US,20000327,-9999,-9999,0
GHCND:USC00049855,YOSEMITE PARK HEADQUARTERS CA US,20000328,-9999,-9999,0
GHCND:USC00049855,YOSEMITE PARK HEADQUARTERS CA US,20000329,-9999,-9999,0
GHCND:USC00049855,YOSEMITE PARK HEADQUARTERS CA US,20000330,-9999,-9999,0
GHCND:USC00049855,YOSEMITE PARK HEADQUARTERS CA US,20000331,-9999,-9999,0
GHCND:USC00049855,YOSEMITE PARK HEADQUARTERS CA US,20000401,-9999,-9999,0
GHCND:USC00049855,YOSEMITE PARK HEADQUARTERS CA US,20000402,-9999,-9999,0
GHCND:USC00049855,YOSEMITE PARK HEADQUARTERS CA US,20000403,-9999,-9999,0
GHCND:USC00049855,YOSEMITE PARK HEADQUARTERS CA US,20000404,-9999,-9999,0
GHCND:USC00049855,YOSEMITE PARK HEADQUARTERS CA US,20000405,-9999,-9999,0
GHCND:USC00049855,YOSEMITE PARK HEADQUARTERS CA US,20000406,-9999,-9999,0
GHCND:USC00049855,YOSEMITE PARK HEADQUARTERS CA US,20000407,-9999,-9999,0
GHCND:USC00049855,YOSEMITE PARK HEADQUARTERS CA US,20000408,-9999,-9999,0
GHCND:USC00049855,YOSEMITE PARK HEADQUARTERS CA US,20000409,-9999,-9999,0
GHCND:USC00049855,YOSEMITE PARK HEADQUARTERS CA US,20000410,-9999,-9999,0
GHCND:USC00049855,YOSEMITE PARK HEADQUARTERS CA US,20000411,-9999,-9999,0
GHCND:USC00049855,YOSEMITE PARK HEADQUARTERS CA US,20000412,-9999,-9999,0
GHCND:USC00049855,YOSEMITE PARK HEADQUARTERS CA US,20000413,-9999,-9999,0.81
GHCND:USC00049855,YOSEMITE PARK HEADQUARTERS CA US,20000414,-9999,-9999,1.07
GHCND:USC00049855,YOSEMITE PARK HEADQUARTERS CA US,20000415,-9999,-9999,0.05
GHCND:USC00049855,YOSEMITE PARK HEADQUARTERS CA US,20000416,-9999,-9999,0
GHCND:USC00049855,YOSEMITE PARK HEADQUARTERS CA US,20000417,-9999,-9999,0.26
GHCND:USC00049855,YOSEMITE PARK HEADQUARTERS CA US,20000418,-9999,-9999,0.96
GHCND:USC00049855,YOSEMITE PARK HEADQUARTERS CA US,20000419,-9999,-9999,0
GHCND:USC00049855,YOSEMITE PARK HEADQUARTERS CA US,20000420,-9999,-9999,0
GHCND:USC00049855,YOSEMITE PARK HEADQUARTERS CA US,20000421,-9999,-9999,0
GHCND:USC00049855,YOSEMITE PARK HEADQUARTERS CA US,20000422,-9999,-9999,0.02
GHCND:USC00049855,YOSEMITE PARK HEADQUARTERS CA US,20000423,-9999,-9999,0
GHCND:USC00049855,YOSEMITE PARK HEADQUARTERS CA US,20000424,-9999,-9999,0
GHCND:USC00049855,YOSEMITE PARK HEADQUARTERS CA US,20000425,-9999,-9999,0
GHCND:USC00049855,YOSEMITE PARK HEADQUARTERS CA US,20000426,-9999,-9999,0
GHCND:USC00049855,YOSEMITE PARK HEADQUARTERS CA US,20000427,-9999,-9999,0
GHCND:USC00049855,YOSEMITE PARK HEADQUARTERS CA US,20000428,-9999,-9999,0
GHCND:USC00049855,YOSEMITE PARK HEADQUARTERS CA US,20000429,-9999,-9999,0
GHCND:USC00049855,YOSEMITE PARK HEADQUARTERS CA US,20000430,-9999,-9999,0
GHCND:USC00049855,YOSEMITE PARK HEADQUARTERS CA US,20000501,-9999,-9999,0
GHCND:USC00049855,YOSEMITE PARK HEADQUARTERS CA US,20000502,-9999,-9999,0
GHCND:USC00049855,YOSEMITE PARK HEADQUARTERS CA US,20000503,-9999,-9999,0
GHCND:USC00049855,YOSEMITE PARK HEADQUARTERS CA US,20000504,-9999,-9999,0
GHCND:USC00049855,YOSEMITE PARK HEADQUARTERS CA US,20000505,-9999,-9999,0
GHCND:USC00049855,YOSEMITE PARK HEADQUARTERS CA US,20000506,-9999,-9999,0
GHCND:USC00049855,YOSEMITE PARK HEADQUARTERS CA US,20000507,-9999,-9999,0.66
GHCND:USC00049855,YOSEMITE PARK HEADQUARTERS CA US,20000508,-9999,-9999,1.42
GHCND:USC00049855,YOSEMITE PARK HEADQUARTERS CA US,20000509,-9999,-9999,0
GHCND:USC00049855,YOSEMITE PARK HEADQUARTERS CA US,20000510,-9999,-9999,0
GHCND:USC00049855,YOSEMITE PARK HEADQUARTERS CA US,20000511,-9999,-9999,0
GHCND:USC00049855,YOSEMITE PARK HEADQUARTERS CA US,20000512,-9999,-9999,0
GHCND:USC00049855,YOSEMITE PARK HEADQUARTERS CA US,20000513,-9999,-9999,0
GHCND:USC00049855,YOSEMITE PARK HEADQUARTERS CA US,20000514,-9999,-9999,0
GHCND:USC00049855,YOSEMITE PARK HEADQUARTERS CA US,20000515,-9999,-9999,0
GHCND:USC00049855,YOSEMITE PARK HEADQUARTERS CA US,20000516,-9999,-9999,0.48
GHCND:USC00049855,YOSEMITE PARK HEADQUARTERS CA US,20000517,-9999,-9999,0.12
GHCND:USC00049855,YOSEMITE PARK HEADQUARTERS CA US,20000518,-9999,-9999,0
GHCND:USC00049855,YOSEMITE PARK HEADQUARTERS CA US,20000519,-9999,-9999,0
GHCND:USC00049855,YOSEMITE PARK HEADQUARTERS CA US,20000520,-9999,-9999,0
GHCND:USC00049855,YOSEMITE PARK HEADQUARTERS CA US,20000521,-9999,-9999,0
GHCND:USC00049855,YOSEMITE PARK HEADQUARTERS CA US,20000522,-9999,-9999,0
GHCND:USC00049855,YOSEMITE PARK HEADQUARTERS CA US,20000523,-9999,-9999,0
GHCND:USC00049855,YOSEMITE PARK HEADQUARTERS CA US,20000524,-9999,-9999,0
GHCND:USC00049855,YOSEMITE PARK HEADQUARTERS CA US,20000525,-9999,-9999,0
GHCND:USC00049855,YOSEMITE PARK HEADQUARTERS CA US,20000526,-9999,-9999,0
GHCND:USC00049855,YOSEMITE PARK HEADQUARTERS CA US,20000527,-9999,-9999,0
GHCND:USC00049855,YOSEMITE PARK HEADQUARTERS CA US,20000528,-9999,-9999,0
GHCND:USC00049855,YOSEMITE PARK HEADQUARTERS CA US,20000529,-9999,-9999,0
GHCND:USC00049855,YOSEMITE PARK HEADQUARTERS CA US,20000530,-9999,-9999,0
GHCND:USC00049855,YOSEMITE PARK HEADQUARTERS CA US,20000531,-9999,-9999,0
GHCND:USC00049855,YOSEMITE PARK HEADQUARTERS CA US,20000601,-9999,-9999,0
GHCND:USC00049855,YOSEMITE PARK HEADQUARTERS CA US,20000602,-9999,-9999,0
GHCND:USC00049855,YOSEMITE PARK HEADQUARTERS CA US,20000603,-9999,-9999,0
GHCND:USC00049855,YOSEMITE PARK HEADQUARTERS CA US,20000604,-9999,-9999,0
GHCND:USC00049855,YOSEMITE PARK HEADQUARTERS CA US,20000605,-9999,-9999,0
GHCND:USC00049855,YOSEMITE PARK HEADQUARTERS CA US,20000606,-9999,-9999,0
GHCND:USC00049855,YOSEMITE PARK HEADQUARTERS CA US,20000607,-9999,-9999,0
GHCND:USC00049855,YOSEMITE PARK HEADQUARTERS CA US,20000608,-9999,-9999,0.48
GHCND:USC00049855,YOSEMITE PARK HEADQUARTERS CA US,20000609,-9999,-9999,0.24
GHCND:USC00049855,YOSEMITE PARK HEADQUARTERS CA US,20000610,-9999,-9999,0
GHCND:USC00049855,YOSEMITE PARK HEADQUARTERS CA US,20000611,-9999,-9999,0
GHCND:USC00049855,YOSEMITE PARK HEADQUARTERS CA US,20000612,-9999,-9999,0
GHCND:USC00049855,YOSEMITE PARK HEADQUARTERS CA US,20000613,-9999,-9999,0
GHCND:USC00049855,YOSEMITE PARK HEADQUARTERS CA US,20000614,-9999,-9999,0
GHCND:USC00049855,YOSEMITE PARK HEADQUARTERS CA US,20000615,-9999,-9999,0
GHCND:USC00049855,YOSEMITE PARK HEADQUARTERS CA US,20000616,-9999,-9999,0
GHCND:USC00049855,YOSEMITE PARK HEADQUARTERS CA US,20000617,-9999,-9999,0
GHCND:USC00049855,YOSEMITE PARK HEADQUARTERS CA US,20000618,-9999,-9999,0
GHCND:USC00049855,YOSEMITE PARK HEADQUARTERS CA US,20000619,-9999,-9999,0
GHCND:USC00049855,YOSEMITE PARK HEADQUARTERS CA US,20000620,-9999,-9999,0
GHCND:USC00049855,YOSEMITE PARK HEADQUARTERS CA US,20000621,-9999,-9999,0
GHCND:USC00049855,YOSEMITE PARK HEADQUARTERS CA US,20000622,-9999,-9999,0
GHCND:USC00049855,YOSEMITE PARK HEADQUARTERS CA US,20000623,-9999,-9999,0
GHCND:USC00049855,YOSEMITE PARK HEADQUARTERS CA US,20000624,-9999,-9999,0
GHCND:USC00049855,YOSEMITE PARK HEADQUARTERS CA US,20000625,-9999,-9999,0
GHCND:USC00049855,YOSEMITE PARK HEADQUARTERS CA US,20000626,-9999,-9999,0
GHCND:USC00049855,YOSEMITE PARK HEADQUARTERS CA US,20000627,-9999,-9999,0
GHCND:USC00049855,YOSEMITE PARK HEADQUARTERS CA US,20000628,-9999,-9999,0
GHCND:USC00049855,YOSEMITE PARK HEADQUARTERS CA US,20000629,-9999,-9999,0
GHCND:USC00049855,YOSEMITE PARK HEADQUARTERS CA US,20000630,-9999,-9999,0
GHCND:USC00049855,YOSEMITE PARK HEADQUARTERS CA US,20000701,-9999,-9999,0
GHCND:USC00049855,YOSEMITE PARK HEADQUARTERS CA US,20000702,-9999,-9999,0
GHCND:USC00049855,YOSEMITE PARK HEADQUARTERS CA US,20000703,-9999,-9999,0
GHCND:USC00049855,YOSEMITE PARK HEADQUARTERS CA US,20000704,-9999,-9999,0
GHCND:USC00049855,YOSEMITE PARK HEADQUARTERS CA US,20000705,-9999,-9999,0
GHCND:USC00049855,YOSEMITE PARK HEADQUARTERS CA US,20000706,-9999,-9999,0
GHCND:USC00049855,YOSEMITE PARK HEADQUARTERS CA US,20000707,-9999,-9999,0
GHCND:USC00049855,YOSEMITE PARK HEADQUARTERS CA US,20000708,-9999,-9999,0
GHCND:USC00049855,YOSEMITE PARK HEADQUARTERS CA US,20000709,-9999,-9999,0
GHCND:USC00049855,YOSEMITE PARK HEADQUARTERS CA US,20000710,-9999,-9999,0
GHCND:USC00049855,YOSEMITE PARK HEADQUARTERS CA US,20000711,-9999,-9999,0
GHCND:USC00049855,YOSEMITE PARK HEADQUARTERS CA US,20000712,-9999,-9999,0
GHCND:USC00049855,YOSEMITE PARK HEADQUARTERS CA US,20000713,-9999,-9999,0
GHCND:USC00049855,YOSEMITE PARK HEADQUARTERS CA US,20000714,-9999,-9999,0
GHCND:USC00049855,YOSEMITE PARK HEADQUARTERS CA US,20000715,-9999,-9999,0
GHCND:USC00049855,YOSEMITE PARK HEADQUARTERS CA US,20000716,-9999,-9999,0
GHCND:USC00049855,YOSEMITE PARK HEADQUARTERS CA US,20000717,-9999,-9999,0
GHCND:USC00049855,YOSEMITE PARK HEADQUARTERS CA US,20000718,-9999,-9999,0
GHCND:USC00049855,YOSEMITE PARK HEADQUARTERS CA US,20000719,-9999,-9999,0
GHCND:USC00049855,YOSEMITE PARK HEADQUARTERS CA US,20000720,-9999,-9999,0
GHCND:USC00049855,YOSEMITE PARK HEADQUARTERS CA US,20000721,-9999,-9999,0
GHCND:USC00049855,YOSEMITE PARK HEADQUARTERS CA US,20000722,-9999,-9999,0
GHCND:USC00049855,YOSEMITE PARK HEADQUARTERS CA US,20000723,-9999,-9999,0
GHCND:USC00049855,YOSEMITE PARK HEADQUARTERS CA US,20000724,-9999,-9999,0
GHCND:USC00049855,YOSEMITE PARK HEADQUARTERS CA US,20000725,-9999,-9999,0
GHCND:USC00049855,YOSEMITE PARK HEADQUARTERS CA US,20000726,-9999,-9999,0
GHCND:USC00049855,YOSEMITE PARK HEADQUARTERS CA US,20000727,-9999,-9999,0
GHCND:USC00049855,YOSEMITE PARK HEADQUARTERS CA US,20000728,-9999,-9999,0
GHCND:USC00049855,YOSEMITE PARK HEADQUARTERS CA US,20000729,-9999,-9999,0
GHCND:USC00049855,YOSEMITE PARK HEADQUARTERS CA US,20000730,-9999,-9999,0
GHCND:USC00049855,YOSEMITE PARK HEADQUARTERS CA US,20000731,-9999,-9999,0
GHCND:USC00049855,YOSEMITE PARK HEADQUARTERS CA US,20000801,-9999,-9999,0
GHCND:USC00049855,YOSEMITE PARK HEADQUARTERS CA US,20000802,-9999,-9999,0
GHCND:USC00049855,YOSEMITE PARK HEADQUARTERS CA US,20000803,-9999,-9999,0
GHCND:USC00049855,YOSEMITE PARK HEADQUARTERS CA US,20000804,-9999,-9999,0
GHCND:USC00049855,YOSEMITE PARK HEADQUARTERS CA US,20000805,-9999,-9999,0
GHCND:USC00049855,YOSEMITE PARK HEADQUARTERS CA US,20000806,-9999,-9999,0
GHCND:USC00049855,YOSEMITE PARK HEADQUARTERS CA US,20000807,-9999,-9999,0
GHCND:USC00049855,YOSEMITE PARK HEADQUARTERS CA US,20000808,-9999,-9999,0
GHCND:USC00049855,YOSEMITE PARK HEADQUARTERS CA US,20000809,-9999,-9999,0
GHCND:USC00049855,YOSEMITE PARK HEADQUARTERS CA US,20000810,-9999,-9999,0
GHCND:USC00049855,YOSEMITE PARK HEADQUARTERS CA US,20000811,-9999,-9999,0
GHCND:USC00049855,YOSEMITE PARK HEADQUARTERS CA US,20000812,-9999,-9999,0
GHCND:USC00049855,YOSEMITE PARK HEADQUARTERS CA US,20000813,-9999,-9999,0
GHCND:USC00049855,YOSEMITE PARK HEADQUARTERS CA US,20000814,-9999,-9999,0
GHCND:USC00049855,YOSEMITE PARK HEADQUARTERS CA US,20000815,-9999,-9999,0
GHCND:USC00049855,YOSEMITE PARK HEADQUARTERS CA US,20000816,-9999,-9999,0
GHCND:USC00049855,YOSEMITE PARK HEADQUARTERS CA US,20000817,-9999,-9999,0
GHCND:USC00049855,YOSEMITE PARK HEADQUARTERS CA US,20000818,-9999,-9999,0
GHCND:USC00049855,YOSEMITE PARK HEADQUARTERS CA US,20000819,-9999,-9999,0
GHCND:USC00049855,YOSEMITE PARK HEADQUARTERS CA US,20000820,-9999,-9999,0
GHCND:USC00049855,YOSEMITE PARK HEADQUARTERS CA US,20000821,-9999,-9999,0
GHCND:USC00049855,YOSEMITE PARK HEADQUARTERS CA US,20000822,-9999,-9999,0
GHCND:USC00049855,YOSEMITE PARK HEADQUARTERS CA US,20000823,-9999,-9999,0
GHCND:USC00049855,YOSEMITE PARK HEADQUARTERS CA US,20000824,-9999,-9999,0
GHCND:USC00049855,YOSEMITE PARK HEADQUARTERS CA US,20000825,-9999,-9999,0
GHCND:USC00049855,YOSEMITE PARK HEADQUARTERS CA US,20000826,-9999,-9999,0
GHCND:USC00049855,YOSEMITE PARK HEADQUARTERS CA US,20000827,-9999,-9999,0
GHCND:USC00049855,YOSEMITE PARK HEADQUARTERS CA US,20000828,-9999,-9999,0
GHCND:USC00049855,YOSEMITE PARK HEADQUARTERS CA US,20000829,-9999,-9999,0
GHCND:USC00049855,YOSEMITE PARK HEADQUARTERS CA US,20000830,-9999,-9999,0.09
GHCND:USC00049855,YOSEMITE PARK HEADQUARTERS CA US,20000831,-9999,-9999,0
GHCND:USC00049855,YOSEMITE PARK HEADQUARTERS CA US,20000901,-9999,-9999,0.05
GHCND:USC00049855,YOSEMITE PARK HEADQUARTERS CA US,20000902,-9999,-9999,0.45
GHCND:USC00049855,YOSEMITE PARK HEADQUARTERS CA US,20000903,-9999,-9999,0
GHCND:USC00049855,YOSEMITE PARK HEADQUARTERS CA US,20000904,-9999,-9999,0
GHCND:USC00049855,YOSEMITE PARK HEADQUARTERS CA US,20000905,-9999,-9999,0
GHCND:USC00049855,YOSEMITE PARK HEADQUARTERS CA US,20000906,-9999,-9999,0
GHCND:USC00049855,YOSEMITE PARK HEADQUARTERS CA US,20000907,-9999,-9999,0
GHCND:USC00049855,YOSEMITE PARK HEADQUARTERS CA US,20000908,-9999,-9999,0
GHCND:USC00049855,YOSEMITE PARK HEADQUARTERS CA US,20000909,-9999,-9999,0
GHCND:USC00049855,YOSEMITE PARK HEADQUARTERS CA US,20000910,-9999,-9999,0
GHCND:USC00049855,YOSEMITE PARK HEADQUARTERS CA US,20000911,-9999,-9999,0
GHCND:USC00049855,YOSEMITE PARK HEADQUARTERS CA US,20000912,-9999,-9999,0
GHCND:USC00049855,YOSEMITE PARK HEADQUARTERS CA US,20000913,-9999,-9999,0
GHCND:USC00049855,YOSEMITE PARK HEADQUARTERS CA US,20000914,-9999,-9999,0
GHCND:USC00049855,YOSEMITE PARK HEADQUARTERS CA US,20000915,-9999,-9999,0
GHCND:USC00049855,YOSEMITE PARK HEADQUARTERS CA US,20000916,-9999,-9999,0
GHCND:USC00049855,YOSEMITE PARK HEADQUARTERS CA US,20000917,-9999,-9999,0
GHCND:USC00049855,YOSEMITE PARK HEADQUARTERS CA US,20000918,-9999,-9999,0
GHCND:USC00049855,YOSEMITE PARK HEADQUARTERS CA US,20000919,-9999,-9999,0
GHCND:USC00049855,YOSEMITE PARK HEADQUARTERS CA US,20000920,-9999,-9999,0
GHCND:USC00049855,YOSEMITE PARK HEADQUARTERS CA US,20000921,-9999,-9999,0
GHCND:USC00049855,YOSEMITE PARK HEADQUARTERS CA US,20000922,-9999,-9999,0
GHCND:USC00049855,YOSEMITE PARK HEADQUARTERS CA US,20000923,-9999,-9999,0
GHCND:USC00049855,YOSEMITE PARK HEADQUARTERS CA US,20000924,-9999,-9999,0
GHCND:USC00049855,YOSEMITE PARK HEADQUARTERS CA US,20000925,-9999,-9999,0
GHCND:USC00049855,YOSEMITE PARK HEADQUARTERS CA US,20000926,-9999,-9999,0
GHCND:USC00049855,YOSEMITE PARK HEADQUARTERS CA US,20000927,-9999,-9999,0
GHCND:USC00049855,YOSEMITE PARK HEADQUARTERS CA US,20000928,-9999,-9999,0
GHCND:USC00049855,YOSEMITE PARK HEADQUARTERS CA US,20000929,-9999,-9999,0
GHCND:USC00049855,YOSEMITE PARK HEADQUARTERS CA US,20000930,-9999,-9999,0
GHCND:USC00049855,YOSEMITE PARK HEADQUARTERS CA US,20001001,-9999,-9999,0
GHCND:USC00049855,YOSEMITE PARK HEADQUARTERS CA US,20001002,-9999,-9999,0
GHCND:USC00049855,YOSEMITE PARK HEADQUARTERS CA US,20001003,-9999,-9999,0
GHCND:USC00049855,YOSEMITE PARK HEADQUARTERS CA US,20001004,-9999,-9999,0
GHCND:USC00049855,YOSEMITE PARK HEADQUARTERS CA US,20001005,-9999,-9999,0
GHCND:USC00049855,YOSEMITE PARK HEADQUARTERS CA US,20001006,-9999,-9999,0
GHCND:USC00049855,YOSEMITE PARK HEADQUARTERS CA US,20001007,-9999,-9999,0
GHCND:USC00049855,YOSEMITE PARK HEADQUARTERS CA US,20001008,-9999,-9999,0
GHCND:USC00049855,YOSEMITE PARK HEADQUARTERS CA US,20001009,-9999,-9999,0
GHCND:USC00049855,YOSEMITE PARK HEADQUARTERS CA US,20001010,-9999,-9999,1.1
GHCND:USC00049855,YOSEMITE PARK HEADQUARTERS CA US,20001011,-9999,-9999,0.06
GHCND:USC00049855,YOSEMITE PARK HEADQUARTERS CA US,20001012,-9999,-9999,0
GHCND:USC00049855,YOSEMITE PARK HEADQUARTERS CA US,20001013,-9999,-9999,0
GHCND:USC00049855,YOSEMITE PARK HEADQUARTERS CA US,20001014,-9999,-9999,0
GHCND:USC00049855,YOSEMITE PARK HEADQUARTERS CA US,20001015,-9999,-9999,0
GHCND:USC00049855,YOSEMITE PARK HEADQUARTERS CA US,20001016,-9999,-9999,0
GHCND:USC00049855,YOSEMITE PARK HEADQUARTERS CA US,20001017,-9999,-9999,0
GHCND:USC00049855,YOSEMITE PARK HEADQUARTERS CA US,20001018,-9999,-9999,0
GHCND:USC00049855,YOSEMITE PARK HEADQUARTERS CA US,20001019,-9999,-9999,0
GHCND:USC00049855,YOSEMITE PARK HEADQUARTERS CA US,20001020,-9999,-9999,0
GHCND:USC00049855,YOSEMITE PARK HEADQUARTERS CA US,20001021,-9999,-9999,0
GHCND:USC00049855,YOSEMITE PARK HEADQUARTERS CA US,20001022,-9999,-9999,0.4
GHCND:USC00049855,YOSEMITE PARK HEADQUARTERS CA US,20001023,-9999,-9999,0
GHCND:USC00049855,YOSEMITE PARK HEADQUARTERS CA US,20001024,-9999,-9999,0
GHCND:USC00049855,YOSEMITE PARK HEADQUARTERS CA US,20001025,-9999,-9999,0
GHCND:USC00049855,YOSEMITE PARK HEADQUARTERS CA US,20001026,-9999,-9999,0.16
GHCND:USC00049855,YOSEMITE PARK HEADQUARTERS CA US,20001027,-9999,-9999,0.48
GHCND:USC00049855,YOSEMITE PARK HEADQUARTERS CA US,20001028,-9999,-9999,0.01
GHCND:USC00049855,YOSEMITE PARK HEADQUARTERS CA US,20001029,-9999,-9999,1
GHCND:USC00049855,YOSEMITE PARK HEADQUARTERS CA US,20001030,-9999,-9999,0.44
GHCND:USC00049855,YOSEMITE PARK HEADQUARTERS CA US,20001031,-9999,-9999,0
GHCND:USC00049855,YOSEMITE PARK HEADQUARTERS CA US,20001101,-9999,-9999,0.01
GHCND:USC00049855,YOSEMITE PARK HEADQUARTERS CA US,20001102,-9999,-9999,0
GHCND:USC00049855,YOSEMITE PARK HEADQUARTERS CA US,20001103,-9999,-9999,0
GHCND:USC00049855,YOSEMITE PARK HEADQUARTERS CA US,20001104,-9999,-9999,0
GHCND:USC00049855,YOSEMITE PARK HEADQUARTERS CA US,20001105,-9999,-9999,0
GHCND:USC00049855,YOSEMITE PARK HEADQUARTERS CA US,20001106,-9999,-9999,0
GHCND:USC00049855,YOSEMITE PARK HEADQUARTERS CA US,20001107,-9999,-9999,0
GHCND:USC00049855,YOSEMITE PARK HEADQUARTERS CA US,20001108,-9999,-9999,0
GHCND:USC00049855,YOSEMITE PARK HEADQUARTERS CA US,20001109,-9999,-9999,0.06
GHCND:USC00049855,YOSEMITE PARK HEADQUARTERS CA US,20001110,-9999,-9999,0.42
GHCND:USC00049855,YOSEMITE PARK HEADQUARTERS CA US,20001111,-9999,-9999,0.55
GHCND:USC00049855,YOSEMITE PARK HEADQUARTERS CA US,20001112,-9999,-9999,0
GHCND:USC00049855,YOSEMITE PARK HEADQUARTERS CA US,20001113,-9999,-9999,0
GHCND:USC00049855,YOSEMITE PARK HEADQUARTERS CA US,20001114,-9999,-9999,0.22
GHCND:USC00049855,YOSEMITE PARK HEADQUARTERS CA US,20001115,-9999,-9999,0
GHCND:USC00049855,YOSEMITE PARK HEADQUARTERS CA US,20001116,-9999,-9999,0
GHCND:USC00049855,YOSEMITE PARK HEADQUARTERS CA US,20001117,-9999,-9999,0
GHCND:USC00049855,YOSEMITE PARK HEADQUARTERS CA US,20001118,-9999,-9999,0
GHCND:USC00049855,YOSEMITE PARK HEADQUARTERS CA US,20001119,-9999,-9999,0
GHCND:USC00049855,YOSEMITE PARK HEADQUARTERS CA US,20001120,-9999,-9999,0
GHCND:USC00049855,YOSEMITE PARK HEADQUARTERS CA US,20001121,-9999,-9999,0
GHCND:USC00049855,YOSEMITE PARK HEADQUARTERS CA US,20001122,-9999,-9999,0
GHCND:USC00049855,YOSEMITE PARK HEADQUARTERS CA US,20001123,-9999,-9999,0
GHCND:USC00049855,YOSEMITE PARK HEADQUARTERS CA US,20001124,-9999,-9999,0
GHCND:USC00049855,YOSEMITE PARK HEADQUARTERS CA US,20001125,-9999,-9999,0
GHCND:USC00049855,YOSEMITE PARK HEADQUARTERS CA US,20001126,-9999,-9999,0
GHCND:USC00049855,YOSEMITE PARK HEADQUARTERS CA US,20001127,-9999,-9999,0
GHCND:USC00049855,YOSEMITE PARK HEADQUARTERS CA US,20001128,-9999,-9999,0
GHCND:USC00049855,YOSEMITE PARK HEADQUARTERS CA US,20001129,-9999,-9999,0
GHCND:USC00049855,YOSEMITE PARK HEADQUARTERS CA US,20001130,-9999,-9999,0.52
GHCND:USC00049855,YOSEMITE PARK HEADQUARTERS CA US,20001201,-9999,-9999,0
GHCND:USC00049855,YOSEMITE PARK HEADQUARTERS CA US,20001202,-9999,-9999,0
GHCND:USC00049855,YOSEMITE PARK HEADQUARTERS CA US,20001203,-9999,-9999,0
GHCND:USC00049855,YOSEMITE PARK HEADQUARTERS CA US,20001204,-9999,-9999,0
GHCND:USC00049855,YOSEMITE PARK HEADQUARTERS CA US,20001205,-9999,-9999,0
GHCND:USC00049855,YOSEMITE PARK HEADQUARTERS CA US,20001206,-9999,-9999,0
GHCND:USC00049855,YOSEMITE PARK HEADQUARTERS CA US,20001207,-9999,-9999,0
GHCND:USC00049855,YOSEMITE PARK HEADQUARTERS CA US,20001208,-9999,-9999,0.03
GHCND:USC00049855,YOSEMITE PARK HEADQUARTERS CA US,20001209,-9999,-9999,0
GHCND:USC00049855,YOSEMITE PARK HEADQUARTERS CA US,20001210,-9999,-9999,0
GHCND:USC00049855,YOSEMITE PARK HEADQUARTERS CA US,20001211,-9999,-9999,0
GHCND:USC00049855,YOSEMITE PARK HEADQUARTERS CA US,20001212,-9999,-9999,0.31
GHCND:USC00049855,YOSEMITE PARK HEADQUARTERS CA US,20001213,-9999,-9999,0.05
GHCND:USC00049855,YOSEMITE PARK HEADQUARTERS CA US,20001214,-9999,-9999,0
GHCND:USC00049855,YOSEMITE PARK HEADQUARTERS CA US,20001215,-9999,-9999,0.29
GHCND:USC00049855,YOSEMITE PARK HEADQUARTERS CA US,20001216,-9999,-9999,0
GHCND:USC00049855,YOSEMITE PARK HEADQUARTERS CA US,20001217,-9999,-9999,0
GHCND:USC00049855,YOSEMITE PARK HEADQUARTERS CA US,20001218,-9999,-9999,0
GHCND:USC00049855,YOSEMITE PARK HEADQUARTERS CA US,20001219,-9999,-9999,0
GHCND:USC00049855,YOSEMITE PARK HEADQUARTERS CA US,20001220,-9999,-9999,0
GHCND:USC00049855,YOSEMITE PARK HEADQUARTERS CA US,20001221,-9999,-9999,0
GHCND:USC00049855,YOSEMITE PARK HEADQUARTERS CA US,20001222,-9999,-9999,0
GHCND:USC00049855,YOSEMITE PARK HEADQUARTERS CA US,20001223,-9999,-9999,0
GHCND:USC00049855,YOSEMITE PARK HEADQUARTERS CA US,20001224,-9999,-9999,0
GHCND:USC00049855,YOSEMITE PARK HEADQUARTERS CA US,20001225,-9999,-9999,0
GHCND:USC00049855,YOSEMITE PARK HEADQUARTERS CA US,20001226,-9999,-9999,0
GHCND:USC00049855,YOSEMITE PARK HEADQUARTERS CA US,20001227,-9999,-9999,0
GHCND:USC00049855,YOSEMITE PARK HEADQUARTERS CA US,20001228,-9999,-9999,0
GHCND:USC00049855,YOSEMITE PARK HEADQUARTERS CA US,20001229,-9999,-9999,0
GHCND:USC00049855,YOSEMITE PARK HEADQUARTERS CA US,20001230,-9999,-9999,0
GHCND:USC00049855,YOSEMITE PARK HEADQUARTERS CA US,20001231,-9999,-9999,0
GHCND:USC00049855,YOSEMITE PARK HEADQUARTERS CA US,20010101,-9999,-9999,0
GHCND:USC00049855,YOSEMITE PARK HEADQUARTERS CA US,20010102,-9999,-9999,0
GHCND:USC00049855,YOSEMITE PARK HEADQUARTERS CA US,20010103,-9999,-9999,0
GHCND:USC00049855,YOSEMITE PARK HEADQUARTERS CA US,20010104,-9999,-9999,0
GHCND:USC00049855,YOSEMITE PARK HEADQUARTERS CA US,20010105,-9999,-9999,0
GHCND:USC00049855,YOSEMITE PARK HEADQUARTERS CA US,20010106,-9999,-9999,0
GHCND:USC00049855,YOSEMITE PARK HEADQUARTERS CA US,20010107,-9999,-9999,0
GHCND:USC00049855,YOSEMITE PARK HEADQUARTERS CA US,20010108,-9999,-9999,0.05
GHCND:USC00049855,YOSEMITE PARK HEADQUARTERS CA US,20010109,-9999,-9999,0.28
GHCND:USC00049855,YOSEMITE PARK HEADQUARTERS CA US,20010110,-9999,-9999,0.05
GHCND:USC00049855,YOSEMITE PARK HEADQUARTERS CA US,20010111,-9999,-9999,3.08
GHCND:USC00049855,YOSEMITE PARK HEADQUARTERS CA US,20010112,-9999,-9999,0
GHCND:USC00049855,YOSEMITE PARK HEADQUARTERS CA US,20010113,-9999,-9999,0
GHCND:USC00049855,YOSEMITE PARK HEADQUARTERS CA US,20010114,-9999,-9999,0
GHCND:USC00049855,YOSEMITE PARK HEADQUARTERS CA US,20010115,-9999,-9999,0
GHCND:USC00049855,YOSEMITE PARK HEADQUARTERS CA US,20010116,-9999,-9999,0
GHCND:USC00049855,YOSEMITE PARK HEADQUARTERS CA US,20010117,-9999,-9999,0
GHCND:USC00049855,YOSEMITE PARK HEADQUARTERS CA US,20010118,-9999,-9999,0
GHCND:USC00049855,YOSEMITE PARK HEADQUARTERS CA US,20010119,-9999,-9999,0.02
GHCND:USC00049855,YOSEMITE PARK HEADQUARTERS CA US,20010120,-9999,-9999,0
GHCND:USC00049855,YOSEMITE PARK HEADQUARTERS CA US,20010121,-9999,-9999,0
GHCND:USC00049855,YOSEMITE PARK HEADQUARTERS CA US,20010122,-9999,-9999,0
GHCND:USC00049855,YOSEMITE PARK HEADQUARTERS CA US,20010123,-9999,-9999,0
GHCND:USC00049855,YOSEMITE PARK HEADQUARTERS CA US,20010124,-9999,-9999,1.62
GHCND:USC00049855,YOSEMITE PARK HEADQUARTERS CA US,20010125,-9999,-9999,0.08
GHCND:USC00049855,YOSEMITE PARK HEADQUARTERS CA US,20010126,-9999,-9999,0.89
GHCND:USC00049855,YOSEMITE PARK HEADQUARTERS CA US,20010127,-9999,-9999,0.09
GHCND:USC00049855,YOSEMITE PARK HEADQUARTERS CA US,20010128,-9999,-9999,0
GHCND:USC00049855,YOSEMITE PARK HEADQUARTERS CA US,20010129,-9999,-9999,0
GHCND:USC00049855,YOSEMITE PARK HEADQUARTERS CA US,20010130,-9999,-9999,0
GHCND:USC00049855,YOSEMITE PARK HEADQUARTERS CA US,20010131,-9999,-9999,0
GHCND:USC00049855,YOSEMITE PARK HEADQUARTERS CA US,20010202,-9999,-9999,0
GHCND:USC00049855,YOSEMITE PARK HEADQUARTERS CA US,20010203,-9999,-9999,0
GHCND:USC00049855,YOSEMITE PARK HEADQUARTERS CA US,20010204,-9999,-9999,0
GHCND:USC00049855,YOSEMITE PARK HEADQUARTERS CA US,20010205,-9999,-9999,0
GHCND:USC00049855,YOSEMITE PARK HEADQUARTERS CA US,20010206,-9999,-9999,0
GHCND:USC00049855,YOSEMITE PARK HEADQUARTERS CA US,20010207,-9999,-9999,0.25
GHCND:USC00049855,YOSEMITE PARK HEADQUARTERS CA US,20010208,-9999,-9999,0
GHCND:USC00049855,YOSEMITE PARK HEADQUARTERS CA US,20010209,-9999,-9999,0
GHCND:USC00049855,YOSEMITE PARK HEADQUARTERS CA US,20010210,-9999,-9999,0.77
GHCND:USC00049855,YOSEMITE PARK HEADQUARTERS CA US,20010211,-9999,-9999,1.41
GHCND:USC00049855,YOSEMITE PARK HEADQUARTERS CA US,20010212,-9999,-9999,0.77
GHCND:USC00049855,YOSEMITE PARK HEADQUARTERS CA US,20010213,-9999,-9999,0
GHCND:USC00049855,YOSEMITE PARK HEADQUARTERS CA US,20010214,-9999,-9999,0
GHCND:USC00049855,YOSEMITE PARK HEADQUARTERS CA US,20010215,-9999,-9999,0
GHCND:USC00049855,YOSEMITE PARK HEADQUARTERS CA US,20010216,-9999,-9999,0
GHCND:USC00049855,YOSEMITE PARK HEADQUARTERS CA US,20010217,-9999,-9999,0
GHCND:USC00049855,YOSEMITE PARK HEADQUARTERS CA US,20010218,-9999,-9999,0
GHCND:USC00049855,YOSEMITE PARK HEADQUARTERS CA US,20010219,-9999,-9999,0.12
GHCND:USC00049855,YOSEMITE PARK HEADQUARTERS CA US,20010220,-9999,-9999,0.86
GHCND:USC00049855,YOSEMITE PARK HEADQUARTERS CA US,20010221,-9999,-9999,0.09
GHCND:USC00049855,YOSEMITE PARK HEADQUARTERS CA US,20010222,-9999,-9999,0.01
GHCND:USC00049855,YOSEMITE PARK HEADQUARTERS CA US,20010223,-9999,-9999,0.62
GHCND:USC00049855,YOSEMITE PARK HEADQUARTERS CA US,20010224,-9999,-9999,0.11
GHCND:USC00049855,YOSEMITE PARK HEADQUARTERS CA US,20010225,-9999,-9999,0.69
GHCND:USC00049855,YOSEMITE PARK HEADQUARTERS CA US,20010226,-9999,-9999,0
GHCND:USC00049855,YOSEMITE PARK HEADQUARTERS CA US,20010227,-9999,-9999,0
GHCND:USC00049855,YOSEMITE PARK HEADQUARTERS CA US,20010228,-9999,-9999,0
GHCND:USC00049855,YOSEMITE PARK HEADQUARTERS CA US,20010301,-9999,-9999,0.01
GHCND:USC00049855,YOSEMITE PARK HEADQUARTERS CA US,20010302,-9999,-9999,0.1
GHCND:USC00049855,YOSEMITE PARK HEADQUARTERS CA US,20010303,-9999,-9999,0.36
GHCND:USC00049855,YOSEMITE PARK HEADQUARTERS CA US,20010304,-9999,-9999,0.49
GHCND:USC00049855,YOSEMITE PARK HEADQUARTERS CA US,20010305,-9999,-9999,1.66
GHCND:USC00049855,YOSEMITE PARK HEADQUARTERS CA US,20010306,-9999,-9999,0.12
GHCND:USC00049855,YOSEMITE PARK HEADQUARTERS CA US,20010307,-9999,-9999,0
GHCND:USC00049855,YOSEMITE PARK HEADQUARTERS CA US,20010308,-9999,-9999,0
GHCND:USC00049855,YOSEMITE PARK HEADQUARTERS CA US,20010309,-9999,-9999,0.02
GHCND:USC00049855,YOSEMITE PARK HEADQUARTERS CA US,20010310,-9999,-9999,0.16
GHCND:USC00049855,YOSEMITE PARK HEADQUARTERS CA US,20010311,-9999,-9999,0
GHCND:USC00049855,YOSEMITE PARK HEADQUARTERS CA US,20010312,-9999,-9999,0
GHCND:USC00049855,YOSEMITE PARK HEADQUARTERS CA US,20010313,-9999,-9999,0
GHCND:USC00049855,YOSEMITE PARK HEADQUARTERS CA US,20010314,-9999,-9999,0
GHCND:USC00049855,YOSEMITE PARK HEADQUARTERS CA US,20010315,-9999,-9999,0
GHCND:USC00049855,YOSEMITE PARK HEADQUARTERS CA US,20010316,-9999,-9999,0
GHCND:USC00049855,YOSEMITE PARK HEADQUARTERS CA US,20010317,-9999,-9999,0
GHCND:USC00049855,YOSEMITE PARK HEADQUARTERS CA US,20010318,-9999,-9999,0
GHCND:USC00049855,YOSEMITE PARK HEADQUARTERS CA US,20010319,-9999,-9999,0
GHCND:USC00049855,YOSEMITE PARK HEADQUARTERS CA US,20010320,-9999,-9999,0
GHCND:USC00049855,YOSEMITE PARK HEADQUARTERS CA US,20010321,-9999,-9999,0
GHCND:USC00049855,YOSEMITE PARK HEADQUARTERS CA US,20010322,-9999,-9999,0
GHCND:USC00049855,YOSEMITE PARK HEADQUARTERS CA US,20010323,-9999,-9999,0.18
GHCND:USC00049855,YOSEMITE PARK HEADQUARTERS CA US,20010324,-9999,-9999,0.03
GHCND:USC00049855,YOSEMITE PARK HEADQUARTERS CA US,20010325,-9999,-9999,0
GHCND:USC00049855,YOSEMITE PARK HEADQUARTERS CA US,20010326,-9999,-9999,0
GHCND:USC00049855,YOSEMITE PARK HEADQUARTERS CA US,20010327,-9999,-9999,0
GHCND:USC00049855,YOSEMITE PARK HEADQUARTERS CA US,20010328,-9999,-9999,0
GHCND:USC00049855,YOSEMITE PARK HEADQUARTERS CA US,20010329,-9999,-9999,0
GHCND:USC00049855,YOSEMITE PARK HEADQUARTERS CA US,20010330,-9999,-9999,0
GHCND:USC00049855,YOSEMITE PARK HEADQUARTERS CA US,20010331,-9999,-9999,0
GHCND:USC00049855,YOSEMITE PARK HEADQUARTERS CA US,20010401,-9999,-9999,0
GHCND:USC00049855,YOSEMITE PARK HEADQUARTERS CA US,20010402,-9999,-9999,0
GHCND:USC00049855,YOSEMITE PARK HEADQUARTERS CA US,20010403,-9999,-9999,0
GHCND:USC00049855,YOSEMITE PARK HEADQUARTERS CA US,20010404,-9999,-9999,0
GHCND:USC00049855,YOSEMITE PARK HEADQUARTERS CA US,20010405,-9999,-9999,0
GHCND:USC00049855,YOSEMITE PARK HEADQUARTERS CA US,20010406,-9999,-9999,0.02
GHCND:USC00049855,YOSEMITE PARK HEADQUARTERS CA US,20010407,-9999,-9999,0
GHCND:USC00049855,YOSEMITE PARK HEADQUARTERS CA US,20010408,-9999,-9999,0.21
GHCND:USC00049855,YOSEMITE PARK HEADQUARTERS CA US,20010409,-9999,-9999,0
GHCND:USC00049855,YOSEMITE PARK HEADQUARTERS CA US,20010410,-9999,-9999,0
GHCND:USC00049855,YOSEMITE PARK HEADQUARTERS CA US,20010411,-9999,-9999,0.01
GHCND:USC00049855,YOSEMITE PARK HEADQUARTERS CA US,20010412,-9999,-9999,0.65
GHCND:USC00049855,YOSEMITE PARK HEADQUARTERS CA US,20010413,-9999,-9999,0
GHCND:USC00049855,YOSEMITE PARK HEADQUARTERS CA US,20010414,-9999,-9999,0
GHCND:USC00049855,YOSEMITE PARK HEADQUARTERS CA US,20010415,-9999,-9999,0
GHCND:USC00049855,YOSEMITE PARK HEADQUARTERS CA US,20010416,-9999,-9999,0
GHCND:USC00049855,YOSEMITE PARK HEADQUARTERS CA US,20010417,-9999,-9999,0
GHCND:USC00049855,YOSEMITE PARK HEADQUARTERS CA US,20010418,-9999,-9999,0
GHCND:USC00049855,YOSEMITE PARK HEADQUARTERS CA US,20010419,-9999,-9999,0.56
GHCND:USC00049855,YOSEMITE PARK HEADQUARTERS CA US,20010420,-9999,-9999,0.87
GHCND:USC00049855,YOSEMITE PARK HEADQUARTERS CA US,20010421,-9999,-9999,1
GHCND:USC00049855,YOSEMITE PARK HEADQUARTERS CA US,20010422,-9999,-9999,0
GHCND:USC00049855,YOSEMITE PARK HEADQUARTERS CA US,20010423,-9999,-9999,0
GHCND:USC00049855,YOSEMITE PARK HEADQUARTERS CA US,20010424,-9999,-9999,0
GHCND:USC00049855,YOSEMITE PARK HEADQUARTERS CA US,20010425,-9999,-9999,0
GHCND:USC00049855,YOSEMITE PARK HEADQUARTERS CA US,20010426,-9999,-9999,0
GHCND:USC00049855,YOSEMITE PARK HEADQUARTERS CA US,20010427,-9999,-9999,0
GHCND:USC00049855,YOSEMITE PARK HEADQUARTERS CA US,20010428,-9999,-9999,0
GHCND:USC00049855,YOSEMITE PARK HEADQUARTERS CA US,20010429,-9999,-9999,0
GHCND:USC00049855,YOSEMITE PARK HEADQUARTERS CA US,20010430,-9999,-9999,0
GHCND:USC00049855,YOSEMITE PARK HEADQUARTERS CA US,20010501,-9999,-9999,0
GHCND:USC00049855,YOSEMITE PARK HEADQUARTERS CA US,20010502,-9999,-9999,0
GHCND:USC00049855,YOSEMITE PARK HEADQUARTERS CA US,20010503,-9999,-9999,0
GHCND:USC00049855,YOSEMITE PARK HEADQUARTERS CA US,20010504,-9999,-9999,0
GHCND:USC00049855,YOSEMITE PARK HEADQUARTERS CA US,20010505,-9999,-9999,0
GHCND:USC00049855,YOSEMITE PARK HEADQUARTERS CA US,20010506,-9999,-9999,0
GHCND:USC00049855,YOSEMITE PARK HEADQUARTERS CA US,20010507,-9999,-9999,0
GHCND:USC00049855,YOSEMITE PARK HEADQUARTERS CA US,20010508,-9999,-9999,0
GHCND:USC00049855,YOSEMITE PARK HEADQUARTERS CA US,20010509,-9999,-9999,0
GHCND:USC00049855,YOSEMITE PARK HEADQUARTERS CA US,20010510,-9999,-9999,0
GHCND:USC00049855,YOSEMITE PARK HEADQUARTERS CA US,20010511,-9999,-9999,0
GHCND:USC00049855,YOSEMITE PARK HEADQUARTERS CA US,20010512,-9999,-9999,0
GHCND:USC00049855,YOSEMITE PARK HEADQUARTERS CA US,20010513,-9999,-9999,0
GHCND:USC00049855,YOSEMITE PARK HEADQUARTERS CA US,20010514,-9999,-9999,0
GHCND:USC00049855,YOSEMITE PARK HEADQUARTERS CA US,20010515,-9999,-9999,0
GHCND:USC00049855,YOSEMITE PARK HEADQUARTERS CA US,20010516,-9999,-9999,0
GHCND:USC00049855,YOSEMITE PARK HEADQUARTERS CA US,20010517,-9999,-9999,0
GHCND:USC00049855,YOSEMITE PARK HEADQUARTERS CA US,20010518,-9999,-9999,0
GHCND:USC00049855,YOSEMITE PARK HEADQUARTERS CA US,20010519,-9999,-9999,0.07
GHCND:USC00049855,YOSEMITE PARK HEADQUARTERS CA US,20010520,-9999,-9999,0
GHCND:USC00049855,YOSEMITE PARK HEADQUARTERS CA US,20010521,-9999,-9999,0
GHCND:USC00049855,YOSEMITE PARK HEADQUARTERS CA US,20010522,-9999,-9999,0
GHCND:USC00049855,YOSEMITE PARK HEADQUARTERS CA US,20010523,-9999,-9999,0
GHCND:USC00049855,YOSEMITE PARK HEADQUARTERS CA US,20010524,-9999,-9999,0
GHCND:USC00049855,YOSEMITE PARK HEADQUARTERS CA US,20010525,-9999,-9999,0
GHCND:USC00049855,YOSEMITE PARK HEADQUARTERS CA US,20010526,-9999,-9999,0
GHCND:USC00049855,YOSEMITE PARK HEADQUARTERS CA US,20010527,-9999,-9999,0
GHCND:USC00049855,YOSEMITE PARK HEADQUARTERS CA US,20010528,-9999,-9999,0
GHCND:USC00049855,YOSEMITE PARK HEADQUARTERS CA US,20010529,-9999,-9999,0
GHCND:USC00049855,YOSEMITE PARK HEADQUARTERS CA US,20010530,-9999,-9999,0
GHCND:USC00049855,YOSEMITE PARK HEADQUARTERS CA US,20010531,-9999,-9999,0
GHCND:USC00049855,YOSEMITE PARK HEADQUARTERS CA US,20010601,-9999,-9999,0
GHCND:USC00049855,YOSEMITE PARK HEADQUARTERS CA US,20010602,-9999,-9999,0
GHCND:USC00049855,YOSEMITE PARK HEADQUARTERS CA US,20010603,-9999,-9999,0
GHCND:USC00049855,YOSEMITE PARK HEADQUARTERS CA US,20010604,-9999,-9999,0
GHCND:USC00049855,YOSEMITE PARK HEADQUARTERS CA US,20010605,-9999,-9999,0
GHCND:USC00049855,YOSEMITE PARK HEADQUARTERS CA US,20010606,-9999,-9999,0
GHCND:USC00049855,YOSEMITE PARK HEADQUARTERS CA US,20010607,-9999,-9999,0
GHCND:USC00049855,YOSEMITE PARK HEADQUARTERS CA US,20010608,-9999,-9999,0
GHCND:USC00049855,YOSEMITE PARK HEADQUARTERS CA US,20010609,-9999,-9999,0
GHCND:USC00049855,YOSEMITE PARK HEADQUARTERS CA US,20010610,-9999,-9999,0
GHCND:USC00049855,YOSEMITE PARK HEADQUARTERS CA US,20010611,-9999,-9999,0
GHCND:USC00049855,YOSEMITE PARK HEADQUARTERS CA US,20010612,-9999,-9999,0
GHCND:USC00049855,YOSEMITE PARK HEADQUARTERS CA US,20010613,-9999,-9999,0
GHCND:USC00049855,YOSEMITE PARK HEADQUARTERS CA US,20010614,-9999,-9999,0
GHCND:USC00049855,YOSEMITE PARK HEADQUARTERS CA US,20010615,-9999,-9999,0
GHCND:USC00049855,YOSEMITE PARK HEADQUARTERS CA US,20010616,-9999,-9999,0
GHCND:USC00049855,YOSEMITE PARK HEADQUARTERS CA US,20010617,-9999,-9999,0
GHCND:USC00049855,YOSEMITE PARK HEADQUARTERS CA US,20010618,-9999,-9999,0
GHCND:USC00049855,YOSEMITE PARK HEADQUARTERS CA US,20010619,-9999,-9999,0
GHCND:USC00049855,YOSEMITE PARK HEADQUARTERS CA US,20010620,-9999,-9999,0
GHCND:USC00049855,YOSEMITE PARK HEADQUARTERS CA US,20010621,-9999,-9999,0
GHCND:USC00049855,YOSEMITE PARK HEADQUARTERS CA US,20010622,-9999,-9999,0
GHCND:USC00049855,YOSEMITE PARK HEADQUARTERS CA US,20010623,-9999,-9999,0
GHCND:USC00049855,YOSEMITE PARK HEADQUARTERS CA US,20010624,-9999,-9999,0
GHCND:USC00049855,YOSEMITE PARK HEADQUARTERS CA US,20010625,-9999,-9999,0
GHCND:USC00049855,YOSEMITE PARK HEADQUARTERS CA US,20010626,-9999,-9999,0
GHCND:USC00049855,YOSEMITE PARK HEADQUARTERS CA US,20010627,-9999,-9999,0
GHCND:USC00049855,YOSEMITE PARK HEADQUARTERS CA US,20010628,-9999,-9999,0
GHCND:USC00049855,YOSEMITE PARK HEADQUARTERS CA US,20010629,-9999,-9999,0
GHCND:USC00049855,YOSEMITE PARK HEADQUARTERS CA US,20010630,-9999,-9999,0
GHCND:USC00049855,YOSEMITE PARK HEADQUARTERS CA US,20010701,-9999,-9999,0
GHCND:USC00049855,YOSEMITE PARK HEADQUARTERS CA US,20010702,-9999,-9999,0
GHCND:USC00049855,YOSEMITE PARK HEADQUARTERS CA US,20010703,-9999,-9999,0
GHCND:USC00049855,YOSEMITE PARK HEADQUARTERS CA US,20010704,-9999,-9999,0
GHCND:USC00049855,YOSEMITE PARK HEADQUARTERS CA US,20010705,-9999,-9999,0
GHCND:USC00049855,YOSEMITE PARK HEADQUARTERS CA US,20010706,-9999,-9999,0
GHCND:USC00049855,YOSEMITE PARK HEADQUARTERS CA US,20010707,-9999,-9999,0.26
GHCND:USC00049855,YOSEMITE PARK HEADQUARTERS CA US,20010708,-9999,-9999,0
GHCND:USC00049855,YOSEMITE PARK HEADQUARTERS CA US,20010709,-9999,-9999,0
GHCND:USC00049855,YOSEMITE PARK HEADQUARTERS CA US,20010710,-9999,-9999,0
GHCND:USC00049855,YOSEMITE PARK HEADQUARTERS CA US,20010711,-9999,-9999,0
GHCND:USC00049855,YOSEMITE PARK HEADQUARTERS CA US,20010712,-9999,-9999,0
GHCND:USC00049855,YOSEMITE PARK HEADQUARTERS CA US,20010713,-9999,-9999,0
GHCND:USC00049855,YOSEMITE PARK HEADQUARTERS CA US,20010714,-9999,-9999,0
GHCND:USC00049855,YOSEMITE PARK HEADQUARTERS CA US,20010715,-9999,-9999,0
GHCND:USC00049855,YOSEMITE PARK HEADQUARTERS CA US,20010716,-9999,-9999,0
GHCND:USC00049855,YOSEMITE PARK HEADQUARTERS CA US,20010717,-9999,-9999,0
GHCND:USC00049855,YOSEMITE PARK HEADQUARTERS CA US,20010718,-9999,-9999,0
GHCND:USC00049855,YOSEMITE PARK HEADQUARTERS CA US,20010719,-9999,-9999,0
GHCND:USC00049855,YOSEMITE PARK HEADQUARTERS CA US,20010720,-9999,-9999,0
GHCND:USC00049855,YOSEMITE PARK HEADQUARTERS CA US,20010721,-9999,-9999,0
GHCND:USC00049855,YOSEMITE PARK HEADQUARTERS CA US,20010722,-9999,-9999,0
GHCND:USC00049855,YOSEMITE PARK HEADQUARTERS CA US,20010723,-9999,-9999,0
GHCND:USC00049855,YOSEMITE PARK HEADQUARTERS CA US,20010724,-9999,-9999,0
GHCND:USC00049855,YOSEMITE PARK HEADQUARTERS CA US,20010725,-9999,-9999,0
GHCND:USC00049855,YOSEMITE PARK HEADQUARTERS CA US,20010726,-9999,-9999,0
GHCND:USC00049855,YOSEMITE PARK HEADQUARTERS CA US,20010727,-9999,-9999,0
GHCND:USC00049855,YOSEMITE PARK HEADQUARTERS CA US,20010728,-9999,-9999,0
GHCND:USC00049855,YOSEMITE PARK HEADQUARTERS CA US,20010729,-9999,-9999,0
GHCND:USC00049855,YOSEMITE PARK HEADQUARTERS CA US,20010730,-9999,-9999,0
GHCND:USC00049855,YOSEMITE PARK HEADQUARTERS CA US,20010731,-9999,-9999,0
GHCND:USC00049855,YOSEMITE PARK HEADQUARTERS CA US,20010801,-9999,-9999,0
GHCND:USC00049855,YOSEMITE PARK HEADQUARTERS CA US,20010802,-9999,-9999,0
GHCND:USC00049855,YOSEMITE PARK HEADQUARTERS CA US,20010803,-9999,-9999,0
GHCND:USC00049855,YOSEMITE PARK HEADQUARTERS CA US,20010804,-9999,-9999,0
GHCND:USC00049855,YOSEMITE PARK HEADQUARTERS CA US,20010805,-9999,-9999,0
GHCND:USC00049855,YOSEMITE PARK HEADQUARTERS CA US,20010806,-9999,-9999,0
GHCND:USC00049855,YOSEMITE PARK HEADQUARTERS CA US,20010807,-9999,-9999,0
GHCND:USC00049855,YOSEMITE PARK HEADQUARTERS CA US,20010808,-9999,-9999,0
GHCND:USC00049855,YOSEMITE PARK HEADQUARTERS CA US,20010809,-9999,-9999,0
GHCND:USC00049855,YOSEMITE PARK HEADQUARTERS CA US,20010810,-9999,-9999,0
GHCND:USC00049855,YOSEMITE PARK HEADQUARTERS CA US,20010811,-9999,-9999,0
GHCND:USC00049855,YOSEMITE PARK HEADQUARTERS CA US,20010812,-9999,-9999,0
GHCND:USC00049855,YOSEMITE PARK HEADQUARTERS CA US,20010813,-9999,-9999,0
GHCND:USC00049855,YOSEMITE PARK HEADQUARTERS CA US,20010814,-9999,-9999,0
GHCND:USC00049855,YOSEMITE PARK HEADQUARTERS CA US,20010815,-9999,-9999,0
GHCND:USC00049855,YOSEMITE PARK HEADQUARTERS CA US,20010816,-9999,-9999,0
GHCND:USC00049855,YOSEMITE PARK HEADQUARTERS CA US,20010817,-9999,-9999,0
GHCND:USC00049855,YOSEMITE PARK HEADQUARTERS CA US,20010818,-9999,-9999,0
GHCND:USC00049855,YOSEMITE PARK HEADQUARTERS CA US,20010819,-9999,-9999,0
GHCND:USC00049855,YOSEMITE PARK HEADQUARTERS CA US,20010820,-9999,-9999,0
GHCND:USC00049855,YOSEMITE PARK HEADQUARTERS CA US,20010821,-9999,-9999,0
GHCND:USC00049855,YOSEMITE PARK HEADQUARTERS CA US,20010822,-9999,-9999,0
GHCND:USC00049855,YOSEMITE PARK HEADQUARTERS CA US,20010823,-9999,-9999,0
GHCND:USC00049855,YOSEMITE PARK HEADQUARTERS CA US,20010824,-9999,-9999,0
GHCND:USC00049855,YOSEMITE PARK HEADQUARTERS CA US,20010825,-9999,-9999,0
GHCND:USC00049855,YOSEMITE PARK HEADQUARTERS CA US,20010826,-9999,-9999,0
GHCND:USC00049855,YOSEMITE PARK HEADQUARTERS CA US,20010827,-9999,-9999,0
GHCND:USC00049855,YOSEMITE PARK HEADQUARTERS CA US,20010828,-9999,-9999,0
GHCND:USC00049855,YOSEMITE PARK HEADQUARTERS CA US,20010829,-9999,-9999,0
GHCND:USC00049855,YOSEMITE PARK HEADQUARTERS CA US,20010830,-9999,-9999,0
GHCND:USC00049855,YOSEMITE PARK HEADQUARTERS CA US,20010831,-9999,-9999,0
GHCND:USC00049855,YOSEMITE PARK HEADQUARTERS CA US,20010901,-9999,-9999,0
GHCND:USC00049855,YOSEMITE PARK HEADQUARTERS CA US,20010902,-9999,-9999,0
GHCND:USC00049855,YOSEMITE PARK HEADQUARTERS CA US,20010903,-9999,-9999,0
GHCND:USC00049855,YOSEMITE PARK HEADQUARTERS CA US,20010904,-9999,-9999,0
GHCND:USC00049855,YOSEMITE PARK HEADQUARTERS CA US,20010905,-9999,-9999,0
GHCND:USC00049855,YOSEMITE PARK HEADQUARTERS CA US,20010906,-9999,-9999,0
GHCND:USC00049855,YOSEMITE PARK HEADQUARTERS CA US,20010907,-9999,-9999,0
GHCND:USC00049855,YOSEMITE PARK HEADQUARTERS CA US,20010908,-9999,-9999,0
GHCND:USC00049855,YOSEMITE PARK HEADQUARTERS CA US,20010909,-9999,-9999,0
GHCND:USC00049855,YOSEMITE PARK HEADQUARTERS CA US,20010910,-9999,-9999,0
GHCND:USC00049855,YOSEMITE PARK HEADQUARTERS CA US,20010911,-9999,-9999,0
GHCND:USC00049855,YOSEMITE PARK HEADQUARTERS CA US,20010912,-9999,-9999,0
GHCND:USC00049855,YOSEMITE PARK HEADQUARTERS CA US,20010913,-9999,-9999,0
GHCND:USC00049855,YOSEMITE PARK HEADQUARTERS CA US,20010914,-9999,-9999,0
GHCND:USC00049855,YOSEMITE PARK HEADQUARTERS CA US,20010915,-9999,-9999,0
GHCND:USC00049855,YOSEMITE PARK HEADQUARTERS CA US,20010916,-9999,-9999,0
GHCND:USC00049855,YOSEMITE PARK HEADQUARTERS CA US,20010917,-9999,-9999,0
GHCND:USC00049855,YOSEMITE PARK HEADQUARTERS CA US,20010918,-9999,-9999,0
GHCND:USC00049855,YOSEMITE PARK HEADQUARTERS CA US,20010919,-9999,-9999,0
GHCND:USC00049855,YOSEMITE PARK HEADQUARTERS CA US,20010920,-9999,-9999,0
GHCND:USC00049855,YOSEMITE PARK HEADQUARTERS CA US,20010921,-9999,-9999,0
GHCND:USC00049855,YOSEMITE PARK HEADQUARTERS CA US,20010922,-9999,-9999,0
GHCND:USC00049855,YOSEMITE PARK HEADQUARTERS CA US,20010923,-9999,-9999,0
GHCND:USC00049855,YOSEMITE PARK HEADQUARTERS CA US,20010924,-9999,-9999,0
GHCND:USC00049855,YOSEMITE PARK HEADQUARTERS CA US,20010925,-9999,-9999,0.3
GHCND:USC00049855,YOSEMITE PARK HEADQUARTERS CA US,20010926,-9999,-9999,0
GHCND:USC00049855,YOSEMITE PARK HEADQUARTERS CA US,20010927,-9999,-9999,0
GHCND:USC00049855,YOSEMITE PARK HEADQUARTERS CA US,20010928,-9999,-9999,0
GHCND:USC00049855,YOSEMITE PARK HEADQUARTERS CA US,20010929,-9999,-9999,0
GHCND:USC00049855,YOSEMITE PARK HEADQUARTERS CA US,20010930,-9999,-9999,0
GHCND:USC00049855,YOSEMITE PARK HEADQUARTERS CA US,20011001,-9999,-9999,0
GHCND:USC00049855,YOSEMITE PARK HEADQUARTERS CA US,20011002,-9999,-9999,0
GHCND:USC00049855,YOSEMITE PARK HEADQUARTERS CA US,20011003,-9999,-9999,0
GHCND:USC00049855,YOSEMITE PARK HEADQUARTERS CA US,20011004,-9999,-9999,0
GHCND:USC00049855,YOSEMITE PARK HEADQUARTERS CA US,20011005,-9999,-9999,0
GHCND:USC00049855,YOSEMITE PARK HEADQUARTERS CA US,20011006,-9999,-9999,0
GHCND:USC00049855,YOSEMITE PARK HEADQUARTERS CA US,20011007,-9999,-9999,0
GHCND:USC00049855,YOSEMITE PARK HEADQUARTERS CA US,20011008,-9999,-9999,0
GHCND:USC00049855,YOSEMITE PARK HEADQUARTERS CA US,20011009,-9999,-9999,0
GHCND:USC00049855,YOSEMITE PARK HEADQUARTERS CA US,20011010,-9999,-9999,0
GHCND:USC00049855,YOSEMITE PARK HEADQUARTERS CA US,20011011,-9999,-9999,0
GHCND:USC00049855,YOSEMITE PARK HEADQUARTERS CA US,20011012,-9999,-9999,0
GHCND:USC00049855,YOSEMITE PARK HEADQUARTERS CA US,20011013,-9999,-9999,0
GHCND:USC00049855,YOSEMITE PARK HEADQUARTERS CA US,20011014,-9999,-9999,0
GHCND:USC00049855,YOSEMITE PARK HEADQUARTERS CA US,20011015,-9999,-9999,0
GHCND:USC00049855,YOSEMITE PARK HEADQUARTERS CA US,20011016,-9999,-9999,0
GHCND:USC00049855,YOSEMITE PARK HEADQUARTERS CA US,20011017,-9999,-9999,0
GHCND:USC00049855,YOSEMITE PARK HEADQUARTERS CA US,20011018,-9999,-9999,0
GHCND:USC00049855,YOSEMITE PARK HEADQUARTERS CA US,20011019,-9999,-9999,0
GHCND:USC00049855,YOSEMITE PARK HEADQUARTERS CA US,20011020,-9999,-9999,0
GHCND:USC00049855,YOSEMITE PARK HEADQUARTERS CA US,20011021,-9999,-9999,0
GHCND:USC00049855,YOSEMITE PARK HEADQUARTERS CA US,20011022,-9999,-9999,0
GHCND:USC00049855,YOSEMITE PARK HEADQUARTERS CA US,20011023,-9999,-9999,0
GHCND:USC00049855,YOSEMITE PARK HEADQUARTERS CA US,20011024,-9999,-9999,0
GHCND:USC00049855,YOSEMITE PARK HEADQUARTERS CA US,20011025,-9999,-9999,0
GHCND:USC00049855,YOSEMITE PARK HEADQUARTERS CA US,20011026,-9999,-9999,0
GHCND:USC00049855,YOSEMITE PARK HEADQUARTERS CA US,20011027,-9999,-9999,0
GHCND:USC00049855,YOSEMITE PARK HEADQUARTERS CA US,20011028,-9999,-9999,0
GHCND:USC00049855,YOSEMITE PARK HEADQUARTERS CA US,20011029,-9999,-9999,0
GHCND:USC00049855,YOSEMITE PARK HEADQUARTERS CA US,20011030,-9999,-9999,0.4
GHCND:USC00049855,YOSEMITE PARK HEADQUARTERS CA US,20011031,-9999,-9999,0.5
GHCND:USC00049855,YOSEMITE PARK HEADQUARTERS CA US,20011101,-9999,-9999,0
GHCND:USC00049855,YOSEMITE PARK HEADQUARTERS CA US,20011102,-9999,-9999,0
GHCND:USC00049855,YOSEMITE PARK HEADQUARTERS CA US,20011103,-9999,-9999,0
GHCND:USC00049855,YOSEMITE PARK HEADQUARTERS CA US,20011104,-9999,-9999,0
GHCND:USC00049855,YOSEMITE PARK HEADQUARTERS CA US,20011105,-9999,-9999,0
GHCND:USC00049855,YOSEMITE PARK HEADQUARTERS CA US,20011106,-9999,-9999,0
GHCND:USC00049855,YOSEMITE PARK HEADQUARTERS CA US,20011107,-9999,-9999,0
GHCND:USC00049855,YOSEMITE PARK HEADQUARTERS CA US,20011108,-9999,-9999,0
GHCND:USC00049855,YOSEMITE PARK HEADQUARTERS CA US,20011109,-9999,-9999,0
GHCND:USC00049855,YOSEMITE PARK HEADQUARTERS CA US,20011110,-9999,-9999,0
GHCND:USC00049855,YOSEMITE PARK HEADQUARTERS CA US,20011111,-9999,-9999,0.2
GHCND:USC00049855,YOSEMITE PARK HEADQUARTERS CA US,20011112,-9999,-9999,0
GHCND:USC00049855,YOSEMITE PARK HEADQUARTERS CA US,20011113,-9999,-9999,1.51
GHCND:USC00049855,YOSEMITE PARK HEADQUARTERS CA US,20011114,-9999,-9999,0
GHCND:USC00049855,YOSEMITE PARK HEADQUARTERS CA US,20011115,-9999,-9999,0
GHCND:USC00049855,YOSEMITE PARK HEADQUARTERS CA US,20011116,-9999,-9999,0
GHCND:USC00049855,YOSEMITE PARK HEADQUARTERS CA US,20011117,-9999,-9999,0
GHCND:USC00049855,YOSEMITE PARK HEADQUARTERS CA US,20011118,-9999,-9999,0
GHCND:USC00049855,YOSEMITE PARK HEADQUARTERS CA US,20011119,-9999,-9999,0
GHCND:USC00049855,YOSEMITE PARK HEADQUARTERS CA US,20011120,-9999,-9999,0
GHCND:USC00049855,YOSEMITE PARK HEADQUARTERS CA US,20011121,-9999,-9999,0
GHCND:USC00049855,YOSEMITE PARK HEADQUARTERS CA US,20011122,-9999,-9999,2
GHCND:USC00049855,YOSEMITE PARK HEADQUARTERS CA US,20011123,-9999,-9999,0
GHCND:USC00049855,YOSEMITE PARK HEADQUARTERS CA US,20011124,-9999,-9999,0.2
GHCND:USC00049855,YOSEMITE PARK HEADQUARTERS CA US,20011125,-9999,-9999,2.93
GHCND:USC00049855,YOSEMITE PARK HEADQUARTERS CA US,20011126,-9999,-9999,0
GHCND:USC00049855,YOSEMITE PARK HEADQUARTERS CA US,20011127,-9999,-9999,0
GHCND:USC00049855,YOSEMITE PARK HEADQUARTERS CA US,20011128,-9999,-9999,0
GHCND:USC00049855,YOSEMITE PARK HEADQUARTERS CA US,20011129,-9999,-9999,1.15
GHCND:USC00049855,YOSEMITE PARK HEADQUARTERS CA US,20011130,-9999,-9999,0.26
GHCND:USC00049855,YOSEMITE PARK HEADQUARTERS CA US,20011201,-9999,-9999,0.25
GHCND:USC00049855,YOSEMITE PARK HEADQUARTERS CA US,20011202,-9999,-9999,1.4
GHCND:USC00049855,YOSEMITE PARK HEADQUARTERS CA US,20011203,-9999,-9999,2.3
GHCND:USC00049855,YOSEMITE PARK HEADQUARTERS CA US,20011204,-9999,-9999,0
GHCND:USC00049855,YOSEMITE PARK HEADQUARTERS CA US,20011205,-9999,-9999,0
GHCND:USC00049855,YOSEMITE PARK HEADQUARTERS CA US,20011206,-9999,-9999,0.1
GHCND:USC00049855,YOSEMITE PARK HEADQUARTERS CA US,20011207,-9999,-9999,0
GHCND:USC00049855,YOSEMITE PARK HEADQUARTERS CA US,20011208,-9999,-9999,0
GHCND:USC00049855,YOSEMITE PARK HEADQUARTERS CA US,20011209,-9999,-9999,0.14
GHCND:USC00049855,YOSEMITE PARK HEADQUARTERS CA US,20011210,-9999,-9999,0.75
GHCND:USC00049855,YOSEMITE PARK HEADQUARTERS CA US,20011211,-9999,-9999,0
GHCND:USC00049855,YOSEMITE PARK HEADQUARTERS CA US,20011212,-9999,-9999,0
GHCND:USC00049855,YOSEMITE PARK HEADQUARTERS CA US,20011213,-9999,-9999,0
GHCND:USC00049855,YOSEMITE PARK HEADQUARTERS CA US,20011214,-9999,-9999,0.74
GHCND:USC00049855,YOSEMITE PARK HEADQUARTERS CA US,20011215,-9999,-9999,0.07
GHCND:USC00049855,YOSEMITE PARK HEADQUARTERS CA US,20011216,-9999,-9999,0
GHCND:USC00049855,YOSEMITE PARK HEADQUARTERS CA US,20011217,-9999,-9999,0
GHCND:USC00049855,YOSEMITE PARK HEADQUARTERS CA US,20011218,-9999,-9999,0.23
GHCND:USC00049855,YOSEMITE PARK HEADQUARTERS CA US,20011219,-9999,-9999,0.05
GHCND:USC00049855,YOSEMITE PARK HEADQUARTERS CA US,20011220,-9999,-9999,0.4
GHCND:USC00049855,YOSEMITE PARK HEADQUARTERS CA US,20011221,-9999,-9999,0.86
GHCND:USC00049855,YOSEMITE PARK HEADQUARTERS CA US,20011222,-9999,-9999,0
GHCND:USC00049855,YOSEMITE PARK HEADQUARTERS CA US,20011223,-9999,-9999,0.45
GHCND:USC00049855,YOSEMITE PARK HEADQUARTERS CA US,20011224,-9999,-9999,0
GHCND:USC00049855,YOSEMITE PARK HEADQUARTERS CA US,20011225,-9999,-9999,0
GHCND:USC00049855,YOSEMITE PARK HEADQUARTERS CA US,20011226,-9999,-9999,0
GHCND:USC00049855,YOSEMITE PARK HEADQUARTERS CA US,20011227,-9999,-9999,0
GHCND:USC00049855,YOSEMITE PARK HEADQUARTERS CA US,20011228,-9999,-9999,0
GHCND:USC00049855,YOSEMITE PARK HEADQUARTERS CA US,20011229,-9999,-9999,1.56
GHCND:USC00049855,YOSEMITE PARK HEADQUARTERS CA US,20011230,-9999,-9999,0.93
GHCND:USC00049855,YOSEMITE PARK HEADQUARTERS CA US,20011231,-9999,-9999,0.75
GHCND:USC00049855,YOSEMITE PARK HEADQUARTERS CA US,20020101,-9999,-9999,0
GHCND:USC00049855,YOSEMITE PARK HEADQUARTERS CA US,20020102,-9999,-9999,0.06
GHCND:USC00049855,YOSEMITE PARK HEADQUARTERS CA US,20020103,-9999,-9999,1.22
GHCND:USC00049855,YOSEMITE PARK HEADQUARTERS CA US,20020104,-9999,-9999,0
GHCND:USC00049855,YOSEMITE PARK HEADQUARTERS CA US,20020105,-9999,-9999,0
GHCND:USC00049855,YOSEMITE PARK HEADQUARTERS CA US,20020106,-9999,-9999,0
GHCND:USC00049855,YOSEMITE PARK HEADQUARTERS CA US,20020107,-9999,-9999,0
GHCND:USC00049855,YOSEMITE PARK HEADQUARTERS CA US,20020108,-9999,-9999,0
GHCND:USC00049855,YOSEMITE PARK HEADQUARTERS CA US,20020109,-9999,-9999,0
GHCND:USC00049855,YOSEMITE PARK HEADQUARTERS CA US,20020110,-9999,-9999,0
GHCND:USC00049855,YOSEMITE PARK HEADQUARTERS CA US,20020111,-9999,-9999,0
GHCND:USC00049855,YOSEMITE PARK HEADQUARTERS CA US,20020112,-9999,-9999,0
GHCND:USC00049855,YOSEMITE PARK HEADQUARTERS CA US,20020113,-9999,-9999,0
GHCND:USC00049855,YOSEMITE PARK HEADQUARTERS CA US,20020114,-9999,-9999,0
GHCND:USC00049855,YOSEMITE PARK HEADQUARTERS CA US,20020115,-9999,-9999,0
GHCND:USC00049855,YOSEMITE PARK HEADQUARTERS CA US,20020116,-9999,-9999,0
GHCND:USC00049855,YOSEMITE PARK HEADQUARTERS CA US,20020117,-9999,-9999,0
GHCND:USC00049855,YOSEMITE PARK HEADQUARTERS CA US,20020118,-9999,-9999,0
GHCND:USC00049855,YOSEMITE PARK HEADQUARTERS CA US,20020119,-9999,-9999,0
GHCND:USC00049855,YOSEMITE PARK HEADQUARTERS CA US,20020120,-9999,-9999,0
GHCND:USC00049855,YOSEMITE PARK HEADQUARTERS CA US,20020121,-9999,-9999,0
GHCND:USC00049855,YOSEMITE PARK HEADQUARTERS CA US,20020122,-9999,-9999,0
GHCND:USC00049855,YOSEMITE PARK HEADQUARTERS CA US,20020123,-9999,-9999,0
GHCND:USC00049855,YOSEMITE PARK HEADQUARTERS CA US,20020124,-9999,-9999,0
GHCND:USC00049855,YOSEMITE PARK HEADQUARTERS CA US,20020125,-9999,-9999,0
GHCND:USC00049855,YOSEMITE PARK HEADQUARTERS CA US,20020126,-9999,-9999,0
GHCND:USC00049855,YOSEMITE PARK HEADQUARTERS CA US,20020127,-9999,-9999,0.6
GHCND:USC00049855,YOSEMITE PARK HEADQUARTERS CA US,20020128,-9999,-9999,0.29
GHCND:USC00049855,YOSEMITE PARK HEADQUARTERS CA US,20020129,-9999,-9999,0.05
GHCND:USC00049855,YOSEMITE PARK HEADQUARTERS CA US,20020130,-9999,-9999,0
GHCND:USC00049855,YOSEMITE PARK HEADQUARTERS CA US,20020131,-9999,-9999,0
GHCND:USC00049855,YOSEMITE PARK HEADQUARTERS CA US,20020201,-9999,-9999,0
GHCND:USC00049855,YOSEMITE PARK HEADQUARTERS CA US,20020202,-9999,-9999,0
GHCND:USC00049855,YOSEMITE PARK HEADQUARTERS CA US,20020203,-9999,-9999,0
GHCND:USC00049855,YOSEMITE PARK HEADQUARTERS CA US,20020204,-9999,-9999,0
GHCND:USC00049855,YOSEMITE PARK HEADQUARTERS CA US,20020205,-9999,-9999,0
GHCND:USC00049855,YOSEMITE PARK HEADQUARTERS CA US,20020206,-9999,-9999,0
GHCND:USC00049855,YOSEMITE PARK HEADQUARTERS CA US,20020207,-9999,-9999,0
GHCND:USC00049855,YOSEMITE PARK HEADQUARTERS CA US,20020208,-9999,-9999,0.77
GHCND:USC00049855,YOSEMITE PARK HEADQUARTERS CA US,20020209,-9999,-9999,0
GHCND:USC00049855,YOSEMITE PARK HEADQUARTERS CA US,20020210,-9999,-9999,0
GHCND:USC00049855,YOSEMITE PARK HEADQUARTERS CA US,20020211,-9999,-9999,0
GHCND:USC00049855,YOSEMITE PARK HEADQUARTERS CA US,20020212,-9999,-9999,0
GHCND:USC00049855,YOSEMITE PARK HEADQUARTERS CA US,20020213,-9999,-9999,0
GHCND:USC00049855,YOSEMITE PARK HEADQUARTERS CA US,20020214,-9999,-9999,0.03
GHCND:USC00049855,YOSEMITE PARK HEADQUARTERS CA US,20020215,-9999,-9999,0
GHCND:USC00049855,YOSEMITE PARK HEADQUARTERS CA US,20020216,-9999,-9999,0
GHCND:USC00049855,YOSEMITE PARK HEADQUARTERS CA US,20020217,-9999,-9999,0.48
GHCND:USC00049855,YOSEMITE PARK HEADQUARTERS CA US,20020218,-9999,-9999,0.3
GHCND:USC00049855,YOSEMITE PARK HEADQUARTERS CA US,20020219,-9999,-9999,0
GHCND:USC00049855,YOSEMITE PARK HEADQUARTERS CA US,20020220,-9999,-9999,0.33
GHCND:USC00049855,YOSEMITE PARK HEADQUARTERS CA US,20020221,-9999,-9999,0
GHCND:USC00049855,YOSEMITE PARK HEADQUARTERS CA US,20020222,-9999,-9999,0
GHCND:USC00049855,YOSEMITE PARK HEADQUARTERS CA US,20020223,-9999,-9999,0
GHCND:USC00049855,YOSEMITE PARK HEADQUARTERS CA US,20020224,-9999,-9999,0
GHCND:USC00049855,YOSEMITE PARK HEADQUARTERS CA US,20020225,-9999,-9999,0
GHCND:USC00049855,YOSEMITE PARK HEADQUARTERS CA US,20020226,-9999,-9999,0
GHCND:USC00049855,YOSEMITE PARK HEADQUARTERS CA US,20020227,-9999,-9999,0
GHCND:USC00049855,YOSEMITE PARK HEADQUARTERS CA US,20020228,-9999,-9999,0
GHCND:USC00049855,YOSEMITE PARK HEADQUARTERS CA US,20020301,-9999,-9999,0
GHCND:USC00049855,YOSEMITE PARK HEADQUARTERS CA US,20020302,-9999,-9999,0
GHCND:USC00049855,YOSEMITE PARK HEADQUARTERS CA US,20020303,-9999,-9999,0
GHCND:USC00049855,YOSEMITE PARK HEADQUARTERS CA US,20020304,-9999,-9999,0
GHCND:USC00049855,YOSEMITE PARK HEADQUARTERS CA US,20020305,-9999,-9999,0
GHCND:USC00049855,YOSEMITE PARK HEADQUARTERS CA US,20020306,-9999,-9999,0
GHCND:USC00049855,YOSEMITE PARK HEADQUARTERS CA US,20020307,-9999,-9999,1.34
GHCND:USC00049855,YOSEMITE PARK HEADQUARTERS CA US,20020308,-9999,-9999,0.56
GHCND:USC00049855,YOSEMITE PARK HEADQUARTERS CA US,20020309,-9999,-9999,0
GHCND:USC00049855,YOSEMITE PARK HEADQUARTERS CA US,20020310,-9999,-9999,0
GHCND:USC00049855,YOSEMITE PARK HEADQUARTERS CA US,20020311,-9999,-9999,0.22
GHCND:USC00049855,YOSEMITE PARK HEADQUARTERS CA US,20020312,-9999,-9999,0
GHCND:USC00049855,YOSEMITE PARK HEADQUARTERS CA US,20020313,-9999,-9999,0
GHCND:USC00049855,YOSEMITE PARK HEADQUARTERS CA US,20020314,-9999,-9999,0.18
GHCND:USC00049855,YOSEMITE PARK HEADQUARTERS CA US,20020315,-9999,-9999,0
GHCND:USC00049855,YOSEMITE PARK HEADQUARTERS CA US,20020316,-9999,-9999,0.15
GHCND:USC00049855,YOSEMITE PARK HEADQUARTERS CA US,20020317,-9999,-9999,0.14
GHCND:USC00049855,YOSEMITE PARK HEADQUARTERS CA US,20020318,-9999,-9999,0.26
GHCND:USC00049855,YOSEMITE PARK HEADQUARTERS CA US,20020319,-9999,-9999,0
GHCND:USC00049855,YOSEMITE PARK HEADQUARTERS CA US,20020320,-9999,-9999,0
GHCND:USC00049855,YOSEMITE PARK HEADQUARTERS CA US,20020321,-9999,-9999,0
GHCND:USC00049855,YOSEMITE PARK HEADQUARTERS CA US,20020322,-9999,-9999,0.67
GHCND:USC00049855,YOSEMITE PARK HEADQUARTERS CA US,20020324,-9999,-9999,0.44
GHCND:USC00049855,YOSEMITE PARK HEADQUARTERS CA US,20020325,-9999,-9999,0.07
GHCND:USC00049855,YOSEMITE PARK HEADQUARTERS CA US,20020326,-9999,-9999,0
GHCND:USC00049855,YOSEMITE PARK HEADQUARTERS CA US,20020327,-9999,-9999,0
GHCND:USC00049855,YOSEMITE PARK HEADQUARTERS CA US,20020328,-9999,-9999,0
GHCND:USC00049855,YOSEMITE PARK HEADQUARTERS CA US,20020329,-9999,-9999,0
GHCND:USC00049855,YOSEMITE PARK HEADQUARTERS CA US,20020330,-9999,-9999,0
GHCND:USC00049855,YOSEMITE PARK HEADQUARTERS CA US,20020331,-9999,-9999,0
GHCND:USC00049855,YOSEMITE PARK HEADQUARTERS CA US,20020401,-9999,-9999,0
GHCND:USC00049855,YOSEMITE PARK HEADQUARTERS CA US,20020402,-9999,-9999,0
GHCND:USC00049855,YOSEMITE PARK HEADQUARTERS CA US,20020403,-9999,-9999,0
GHCND:USC00049855,YOSEMITE PARK HEADQUARTERS CA US,20020404,-9999,-9999,0
GHCND:USC00049855,YOSEMITE PARK HEADQUARTERS CA US,20020405,-9999,-9999,0
GHCND:USC00049855,YOSEMITE PARK HEADQUARTERS CA US,20020406,-9999,-9999,0
GHCND:USC00049855,YOSEMITE PARK HEADQUARTERS CA US,20020407,-9999,-9999,0
GHCND:USC00049855,YOSEMITE PARK HEADQUARTERS CA US,20020408,-9999,-9999,0
GHCND:USC00049855,YOSEMITE PARK HEADQUARTERS CA US,20020409,-9999,-9999,0
GHCND:USC00049855,YOSEMITE PARK HEADQUARTERS CA US,20020410,-9999,-9999,0
GHCND:USC00049855,YOSEMITE PARK HEADQUARTERS CA US,20020411,-9999,-9999,0
GHCND:USC00049855,YOSEMITE PARK HEADQUARTERS CA US,20020412,-9999,-9999,0
GHCND:USC00049855,YOSEMITE PARK HEADQUARTERS CA US,20020413,-9999,-9999,0
GHCND:USC00049855,YOSEMITE PARK HEADQUARTERS CA US,20020414,-9999,-9999,0
GHCND:USC00049855,YOSEMITE PARK HEADQUARTERS CA US,20020415,-9999,-9999,0
GHCND:USC00049855,YOSEMITE PARK HEADQUARTERS CA US,20020416,-9999,-9999,0
GHCND:USC00049855,YOSEMITE PARK HEADQUARTERS CA US,20020417,-9999,-9999,0.6
GHCND:USC00049855,YOSEMITE PARK HEADQUARTERS CA US,20020418,-9999,-9999,0
GHCND:USC00049855,YOSEMITE PARK HEADQUARTERS CA US,20020419,-9999,-9999,0
GHCND:USC00049855,YOSEMITE PARK HEADQUARTERS CA US,20020420,-9999,-9999,0
GHCND:USC00049855,YOSEMITE PARK HEADQUARTERS CA US,20020421,-9999,-9999,0
GHCND:USC00049855,YOSEMITE PARK HEADQUARTERS CA US,20020422,-9999,-9999,0
GHCND:USC00049855,YOSEMITE PARK HEADQUARTERS CA US,20020423,-9999,-9999,0
GHCND:USC00049855,YOSEMITE PARK HEADQUARTERS CA US,20020424,-9999,-9999,0
GHCND:USC00049855,YOSEMITE PARK HEADQUARTERS CA US,20020425,-9999,-9999,0
GHCND:USC00049855,YOSEMITE PARK HEADQUARTERS CA US,20020426,-9999,-9999,0.66
GHCND:USC00049855,YOSEMITE PARK HEADQUARTERS CA US,20020427,-9999,-9999,0.14
GHCND:USC00049855,YOSEMITE PARK HEADQUARTERS CA US,20020428,-9999,-9999,0
GHCND:USC00049855,YOSEMITE PARK HEADQUARTERS CA US,20020429,-9999,-9999,0.05
GHCND:USC00049855,YOSEMITE PARK HEADQUARTERS CA US,20020430,-9999,-9999,0.38
GHCND:USC00049855,YOSEMITE PARK HEADQUARTERS CA US,20020501,-9999,-9999,0.21
GHCND:USC00049855,YOSEMITE PARK HEADQUARTERS CA US,20020502,-9999,-9999,0
GHCND:USC00049855,YOSEMITE PARK HEADQUARTERS CA US,20020503,-9999,-9999,0
GHCND:USC00049855,YOSEMITE PARK HEADQUARTERS CA US,20020504,-9999,-9999,0
GHCND:USC00049855,YOSEMITE PARK HEADQUARTERS CA US,20020505,-9999,-9999,0
GHCND:USC00049855,YOSEMITE PARK HEADQUARTERS CA US,20020506,-9999,-9999,0
GHCND:USC00049855,YOSEMITE PARK HEADQUARTERS CA US,20020507,-9999,-9999,0
GHCND:USC00049855,YOSEMITE PARK HEADQUARTERS CA US,20020508,-9999,-9999,0
GHCND:USC00049855,YOSEMITE PARK HEADQUARTERS CA US,20020509,-9999,-9999,0
GHCND:USC00049855,YOSEMITE PARK HEADQUARTERS CA US,20020510,-9999,-9999,0
GHCND:USC00049855,YOSEMITE PARK HEADQUARTERS CA US,20020511,-9999,-9999,0
GHCND:USC00049855,YOSEMITE PARK HEADQUARTERS CA US,20020512,-9999,-9999,0
GHCND:USC00049855,YOSEMITE PARK HEADQUARTERS CA US,20020513,-9999,-9999,0
GHCND:USC00049855,YOSEMITE PARK HEADQUARTERS CA US,20020514,-9999,-9999,0
GHCND:USC00049855,YOSEMITE PARK HEADQUARTERS CA US,20020515,-9999,-9999,0
GHCND:USC00049855,YOSEMITE PARK HEADQUARTERS CA US,20020516,-9999,-9999,0
GHCND:USC00049855,YOSEMITE PARK HEADQUARTERS CA US,20020517,-9999,-9999,0
GHCND:USC00049855,YOSEMITE PARK HEADQUARTERS CA US,20020518,-9999,-9999,0
GHCND:USC00049855,YOSEMITE PARK HEADQUARTERS CA US,20020519,-9999,-9999,0
GHCND:USC00049855,YOSEMITE PARK HEADQUARTERS CA US,20020520,-9999,-9999,0.52
GHCND:USC00049855,YOSEMITE PARK HEADQUARTERS CA US,20020521,-9999,-9999,1.02
GHCND:USC00049855,YOSEMITE PARK HEADQUARTERS CA US,20020522,-9999,-9999,0
GHCND:USC00049855,YOSEMITE PARK HEADQUARTERS CA US,20020523,-9999,-9999,0
GHCND:USC00049855,YOSEMITE PARK HEADQUARTERS CA US,20020524,-9999,-9999,0
GHCND:USC00049855,YOSEMITE PARK HEADQUARTERS CA US,20020525,-9999,-9999,0
GHCND:USC00049855,YOSEMITE PARK HEADQUARTERS CA US,20020526,-9999,-9999,0
GHCND:USC00049855,YOSEMITE PARK HEADQUARTERS CA US,20020527,-9999,-9999,0
GHCND:USC00049855,YOSEMITE PARK HEADQUARTERS CA US,20020528,-9999,-9999,0
GHCND:USC00049855,YOSEMITE PARK HEADQUARTERS CA US,20020529,-9999,-9999,0
GHCND:USC00049855,YOSEMITE PARK HEADQUARTERS CA US,20020530,-9999,-9999,0
GHCND:USC00049855,YOSEMITE PARK HEADQUARTERS CA US,20020531,-9999,-9999,0
GHCND:USC00049855,YOSEMITE PARK HEADQUARTERS CA US,20020601,-9999,-9999,0.1
GHCND:USC00049855,YOSEMITE PARK HEADQUARTERS CA US,20020602,-9999,-9999,0
GHCND:USC00049855,YOSEMITE PARK HEADQUARTERS CA US,20020603,-9999,-9999,0
GHCND:USC00049855,YOSEMITE PARK HEADQUARTERS CA US,20020604,-9999,-9999,0
GHCND:USC00049855,YOSEMITE PARK HEADQUARTERS CA US,20020605,-9999,-9999,0
GHCND:USC00049855,YOSEMITE PARK HEADQUARTERS CA US,20020606,-9999,-9999,0
GHCND:USC00049855,YOSEMITE PARK HEADQUARTERS CA US,20020607,-9999,-9999,0
GHCND:USC00049855,YOSEMITE PARK HEADQUARTERS CA US,20020608,-9999,-9999,0
GHCND:USC00049855,YOSEMITE PARK HEADQUARTERS CA US,20020609,-9999,-9999,0
GHCND:USC00049855,YOSEMITE PARK HEADQUARTERS CA US,20020610,-9999,-9999,0
GHCND:USC00049855,YOSEMITE PARK HEADQUARTERS CA US,20020611,-9999,-9999,0
GHCND:USC00049855,YOSEMITE PARK HEADQUARTERS CA US,20020612,-9999,-9999,0
GHCND:USC00049855,YOSEMITE PARK HEADQUARTERS CA US,20020613,-9999,-9999,0
GHCND:USC00049855,YOSEMITE PARK HEADQUARTERS CA US,20020614,-9999,-9999,0
GHCND:USC00049855,YOSEMITE PARK HEADQUARTERS CA US,20020615,-9999,-9999,0
GHCND:USC00049855,YOSEMITE PARK HEADQUARTERS CA US,20020616,-9999,-9999,0
GHCND:USC00049855,YOSEMITE PARK HEADQUARTERS CA US,20020617,-9999,-9999,0
GHCND:USC00049855,YOSEMITE PARK HEADQUARTERS CA US,20020618,-9999,-9999,0
GHCND:USC00049855,YOSEMITE PARK HEADQUARTERS CA US,20020619,-9999,-9999,0
GHCND:USC00049855,YOSEMITE PARK HEADQUARTERS CA US,20020620,-9999,-9999,0
GHCND:USC00049855,YOSEMITE PARK HEADQUARTERS CA US,20020621,-9999,-9999,0
GHCND:USC00049855,YOSEMITE PARK HEADQUARTERS CA US,20020622,-9999,-9999,0
GHCND:USC00049855,YOSEMITE PARK HEADQUARTERS CA US,20020623,-9999,-9999,0
GHCND:USC00049855,YOSEMITE PARK HEADQUARTERS CA US,20020624,-9999,-9999,0
GHCND:USC00049855,YOSEMITE PARK HEADQUARTERS CA US,20020625,-9999,-9999,0
GHCND:USC00049855,YOSEMITE PARK HEADQUARTERS CA US,20020626,-9999,-9999,0
GHCND:USC00049855,YOSEMITE PARK HEADQUARTERS CA US,20020627,-9999,-9999,0
GHCND:USC00049855,YOSEMITE PARK HEADQUARTERS CA US,20020628,-9999,-9999,0
GHCND:USC00049855,YOSEMITE PARK HEADQUARTERS CA US,20020629,-9999,-9999,0
GHCND:USC00049855,YOSEMITE PARK HEADQUARTERS CA US,20020630,-9999,-9999,0
GHCND:USC00049855,YOSEMITE PARK HEADQUARTERS CA US,20020701,-9999,-9999,0
GHCND:USC00049855,YOSEMITE PARK HEADQUARTERS CA US,20020702,-9999,-9999,0
GHCND:USC00049855,YOSEMITE PARK HEADQUARTERS CA US,20020703,-9999,-9999,0
GHCND:USC00049855,YOSEMITE PARK HEADQUARTERS CA US,20020704,-9999,-9999,0
GHCND:USC00049855,YOSEMITE PARK HEADQUARTERS CA US,20020705,-9999,-9999,0
GHCND:USC00049855,YOSEMITE PARK HEADQUARTERS CA US,20020706,-9999,-9999,0
GHCND:USC00049855,YOSEMITE PARK HEADQUARTERS CA US,20020707,-9999,-9999,0
GHCND:USC00049855,YOSEMITE PARK HEADQUARTERS CA US,20020708,-9999,-9999,0
GHCND:USC00049855,YOSEMITE PARK HEADQUARTERS CA US,20020709,-9999,-9999,0
GHCND:USC00049855,YOSEMITE PARK HEADQUARTERS CA US,20020710,-9999,-9999,0
GHCND:USC00049855,YOSEMITE PARK HEADQUARTERS CA US,20020711,-9999,-9999,0
GHCND:USC00049855,YOSEMITE PARK HEADQUARTERS CA US,20020712,-9999,-9999,0
GHCND:USC00049855,YOSEMITE PARK HEADQUARTERS CA US,20020713,-9999,-9999,0
GHCND:USC00049855,YOSEMITE PARK HEADQUARTERS CA US,20020714,-9999,-9999,0
GHCND:USC00049855,YOSEMITE PARK HEADQUARTERS CA US,20020715,-9999,-9999,0
GHCND:USC00049855,YOSEMITE PARK HEADQUARTERS CA US,20020716,-9999,-9999,0
GHCND:USC00049855,YOSEMITE PARK HEADQUARTERS CA US,20020717,-9999,-9999,0
GHCND:USC00049855,YOSEMITE PARK HEADQUARTERS CA US,20020718,-9999,-9999,0
GHCND:USC00049855,YOSEMITE PARK HEADQUARTERS CA US,20020719,-9999,-9999,0
GHCND:USC00049855,YOSEMITE PARK HEADQUARTERS CA US,20020720,-9999,-9999,0
GHCND:USC00049855,YOSEMITE PARK HEADQUARTERS CA US,20020721,-9999,-9999,0
GHCND:USC00049855,YOSEMITE PARK HEADQUARTERS CA US,20020722,-9999,-9999,0
GHCND:USC00049855,YOSEMITE PARK HEADQUARTERS CA US,20020723,-9999,-9999,0
GHCND:USC00049855,YOSEMITE PARK HEADQUARTERS CA US,20020724,-9999,-9999,0
GHCND:USC00049855,YOSEMITE PARK HEADQUARTERS CA US,20020725,-9999,-9999,0
GHCND:USC00049855,YOSEMITE PARK HEADQUARTERS CA US,20020726,-9999,-9999,0
GHCND:USC00049855,YOSEMITE PARK HEADQUARTERS CA US,20020727,-9999,-9999,0
GHCND:USC00049855,YOSEMITE PARK HEADQUARTERS CA US,20020728,-9999,-9999,0
GHCND:USC00049855,YOSEMITE PARK HEADQUARTERS CA US,20020729,-9999,-9999,0
GHCND:USC00049855,YOSEMITE PARK HEADQUARTERS CA US,20020730,-9999,-9999,0
GHCND:USC00049855,YOSEMITE PARK HEADQUARTERS CA US,20020731,-9999,-9999,0
GHCND:USC00049855,YOSEMITE PARK HEADQUARTERS CA US,20020801,-9999,-9999,0
GHCND:USC00049855,YOSEMITE PARK HEADQUARTERS CA US,20020802,-9999,-9999,0
GHCND:USC00049855,YOSEMITE PARK HEADQUARTERS CA US,20020803,-9999,-9999,0
GHCND:USC00049855,YOSEMITE PARK HEADQUARTERS CA US,20020804,-9999,-9999,0
GHCND:USC00049855,YOSEMITE PARK HEADQUARTERS CA US,20020805,-9999,-9999,0
GHCND:USC00049855,YOSEMITE PARK HEADQUARTERS CA US,20020806,-9999,-9999,0
GHCND:USC00049855,YOSEMITE PARK HEADQUARTERS CA US,20020807,-9999,-9999,0
GHCND:USC00049855,YOSEMITE PARK HEADQUARTERS CA US,20020808,-9999,-9999,0
GHCND:USC00049855,YOSEMITE PARK HEADQUARTERS CA US,20020809,-9999,-9999,0
GHCND:USC00049855,YOSEMITE PARK HEADQUARTERS CA US,20020810,-9999,-9999,0
GHCND:USC00049855,YOSEMITE PARK HEADQUARTERS CA US,20020811,-9999,-9999,0
GHCND:USC00049855,YOSEMITE PARK HEADQUARTERS CA US,20020812,-9999,-9999,0
GHCND:USC00049855,YOSEMITE PARK HEADQUARTERS CA US,20020813,-9999,-9999,0
GHCND:USC00049855,YOSEMITE PARK HEADQUARTERS CA US,20020814,-9999,-9999,0
GHCND:USC00049855,YOSEMITE PARK HEADQUARTERS CA US,20020815,-9999,-9999,0
GHCND:USC00049855,YOSEMITE PARK HEADQUARTERS CA US,20020816,-9999,-9999,0
GHCND:USC00049855,YOSEMITE PARK HEADQUARTERS CA US,20020817,-9999,-9999,0
GHCND:USC00049855,YOSEMITE PARK HEADQUARTERS CA US,20020818,-9999,-9999,0
GHCND:USC00049855,YOSEMITE PARK HEADQUARTERS CA US,20020819,-9999,-9999,0
GHCND:USC00049855,YOSEMITE PARK HEADQUARTERS CA US,20020820,-9999,-9999,0
GHCND:USC00049855,YOSEMITE PARK HEADQUARTERS CA US,20020821,-9999,-9999,0
GHCND:USC00049855,YOSEMITE PARK HEADQUARTERS CA US,20020822,-9999,-9999,0
GHCND:USC00049855,YOSEMITE PARK HEADQUARTERS CA US,20020823,-9999,-9999,0
GHCND:USC00049855,YOSEMITE PARK HEADQUARTERS CA US,20020824,-9999,-9999,0
GHCND:USC00049855,YOSEMITE PARK HEADQUARTERS CA US,20020825,-9999,-9999,0
GHCND:USC00049855,YOSEMITE PARK HEADQUARTERS CA US,20020826,-9999,-9999,0
GHCND:USC00049855,YOSEMITE PARK HEADQUARTERS CA US,20020827,-9999,-9999,0
GHCND:USC00049855,YOSEMITE PARK HEADQUARTERS CA US,20020828,-9999,-9999,0
GHCND:USC00049855,YOSEMITE PARK HEADQUARTERS CA US,20020829,-9999,-9999,0
GHCND:USC00049855,YOSEMITE PARK HEADQUARTERS CA US,20020830,-9999,-9999,0
GHCND:USC00049855,YOSEMITE PARK HEADQUARTERS CA US,20020831,-9999,-9999,0
GHCND:USC00049855,YOSEMITE PARK HEADQUARTERS CA US,20020901,-9999,-9999,0
GHCND:USC00049855,YOSEMITE PARK HEADQUARTERS CA US,20020902,-9999,-9999,0
GHCND:USC00049855,YOSEMITE PARK HEADQUARTERS CA US,20020903,-9999,-9999,0
GHCND:USC00049855,YOSEMITE PARK HEADQUARTERS CA US,20020904,-9999,-9999,0
GHCND:USC00049855,YOSEMITE PARK HEADQUARTERS CA US,20020905,-9999,-9999,0
GHCND:USC00049855,YOSEMITE PARK HEADQUARTERS CA US,20020906,-9999,-9999,0.17
GHCND:USC00049855,YOSEMITE PARK HEADQUARTERS CA US,20020907,-9999,-9999,0.14
GHCND:USC00049855,YOSEMITE PARK HEADQUARTERS CA US,20020908,-9999,-9999,0
GHCND:USC00049855,YOSEMITE PARK HEADQUARTERS CA US,20020909,-9999,-9999,0
GHCND:USC00049855,YOSEMITE PARK HEADQUARTERS CA US,20020910,-9999,-9999,0
GHCND:USC00049855,YOSEMITE PARK HEADQUARTERS CA US,20020911,-9999,-9999,0
GHCND:USC00049855,YOSEMITE PARK HEADQUARTERS CA US,20020912,-9999,-9999,0
GHCND:USC00049855,YOSEMITE PARK HEADQUARTERS CA US,20020913,-9999,-9999,0
GHCND:USC00049855,YOSEMITE PARK HEADQUARTERS CA US,20020914,-9999,-9999,0
GHCND:USC00049855,YOSEMITE PARK HEADQUARTERS CA US,20020915,-9999,-9999,0
GHCND:USC00049855,YOSEMITE PARK HEADQUARTERS CA US,20020916,-9999,-9999,0
GHCND:USC00049855,YOSEMITE PARK HEADQUARTERS CA US,20020917,-9999,-9999,0
GHCND:USC00049855,YOSEMITE PARK HEADQUARTERS CA US,20020918,-9999,-9999,0
GHCND:USC00049855,YOSEMITE PARK HEADQUARTERS CA US,20020919,-9999,-9999,0
GHCND:USC00049855,YOSEMITE PARK HEADQUARTERS CA US,20020920,-9999,-9999,0
GHCND:USC00049855,YOSEMITE PARK HEADQUARTERS CA US,20020921,-9999,-9999,0
GHCND:USC00049855,YOSEMITE PARK HEADQUARTERS CA US,20020922,-9999,-9999,0
GHCND:USC00049855,YOSEMITE PARK HEADQUARTERS CA US,20020923,-9999,-9999,0
GHCND:USC00049855,YOSEMITE PARK HEADQUARTERS CA US,20020924,-9999,-9999,0
GHCND:USC00049855,YOSEMITE PARK HEADQUARTERS CA US,20020925,-9999,-9999,0
GHCND:USC00049855,YOSEMITE PARK HEADQUARTERS CA US,20020926,-9999,-9999,0
GHCND:USC00049855,YOSEMITE PARK HEADQUARTERS CA US,20020927,-9999,-9999,0
GHCND:USC00049855,YOSEMITE PARK HEADQUARTERS CA US,20020928,-9999,-9999,0
GHCND:USC00049855,YOSEMITE PARK HEADQUARTERS CA US,20020929,-9999,-9999,0.2
GHCND:USC00049855,YOSEMITE PARK HEADQUARTERS CA US,20020930,-9999,-9999,0
GHCND:USC00049855,YOSEMITE PARK HEADQUARTERS CA US,20021001,-9999,-9999,0
GHCND:USC00049855,YOSEMITE PARK HEADQUARTERS CA US,20021002,-9999,-9999,0.23
GHCND:USC00049855,YOSEMITE PARK HEADQUARTERS CA US,20021003,-9999,-9999,0
GHCND:USC00049855,YOSEMITE PARK HEADQUARTERS CA US,20021004,-9999,-9999,0
GHCND:USC00049855,YOSEMITE PARK HEADQUARTERS CA US,20021005,-9999,-9999,0
GHCND:USC00049855,YOSEMITE PARK HEADQUARTERS CA US,20021006,-9999,-9999,0
GHCND:USC00049855,YOSEMITE PARK HEADQUARTERS CA US,20021007,-9999,-9999,0
GHCND:USC00049855,YOSEMITE PARK HEADQUARTERS CA US,20021008,-9999,-9999,0
GHCND:USC00049855,YOSEMITE PARK HEADQUARTERS CA US,20021009,-9999,-9999,0
GHCND:USC00049855,YOSEMITE PARK HEADQUARTERS CA US,20021010,-9999,-9999,0
GHCND:USC00049855,YOSEMITE PARK HEADQUARTERS CA US,20021011,-9999,-9999,0
GHCND:USC00049855,YOSEMITE PARK HEADQUARTERS CA US,20021012,-9999,-9999,0
GHCND:USC00049855,YOSEMITE PARK HEADQUARTERS CA US,20021013,-9999,-9999,0
GHCND:USC00049855,YOSEMITE PARK HEADQUARTERS CA US,20021014,-9999,-9999,0
GHCND:USC00049855,YOSEMITE PARK HEADQUARTERS CA US,20021015,-9999,-9999,0
GHCND:USC00049855,YOSEMITE PARK HEADQUARTERS CA US,20021016,-9999,-9999,0
GHCND:USC00049855,YOSEMITE PARK HEADQUARTERS CA US,20021017,-9999,-9999,0
GHCND:USC00049855,YOSEMITE PARK HEADQUARTERS CA US,20021018,-9999,-9999,0
GHCND:USC00049855,YOSEMITE PARK HEADQUARTERS CA US,20021019,-9999,-9999,0
GHCND:USC00049855,YOSEMITE PARK HEADQUARTERS CA US,20021020,-9999,-9999,0
GHCND:USC00049855,YOSEMITE PARK HEADQUARTERS CA US,20021021,-9999,-9999,0
GHCND:USC00049855,YOSEMITE PARK HEADQUARTERS CA US,20021022,-9999,-9999,0
GHCND:USC00049855,YOSEMITE PARK HEADQUARTERS CA US,20021023,-9999,-9999,0
GHCND:USC00049855,YOSEMITE PARK HEADQUARTERS CA US,20021024,-9999,-9999,0
GHCND:USC00049855,YOSEMITE PARK HEADQUARTERS CA US,20021025,-9999,-9999,0
GHCND:USC00049855,YOSEMITE PARK HEADQUARTERS CA US,20021026,-9999,-9999,0
GHCND:USC00049855,YOSEMITE PARK HEADQUARTERS CA US,20021027,-9999,-9999,0
GHCND:USC00049855,YOSEMITE PARK HEADQUARTERS CA US,20021028,-9999,-9999,0
GHCND:USC00049855,YOSEMITE PARK HEADQUARTERS CA US,20021029,-9999,-9999,0
GHCND:USC00049855,YOSEMITE PARK HEADQUARTERS CA US,20021030,-9999,-9999,0
GHCND:USC00049855,YOSEMITE PARK HEADQUARTERS CA US,20021031,-9999,-9999,0
GHCND:USC00049855,YOSEMITE PARK HEADQUARTERS CA US,20021101,-9999,-9999,0
GHCND:USC00049855,YOSEMITE PARK HEADQUARTERS CA US,20021102,-9999,-9999,0
GHCND:USC00049855,YOSEMITE PARK HEADQUARTERS CA US,20021103,-9999,-9999,0
GHCND:USC00049855,YOSEMITE PARK HEADQUARTERS CA US,20021104,-9999,-9999,0
GHCND:USC00049855,YOSEMITE PARK HEADQUARTERS CA US,20021105,-9999,-9999,0
GHCND:USC00049855,YOSEMITE PARK HEADQUARTERS CA US,20021106,-9999,-9999,0
GHCND:USC00049855,YOSEMITE PARK HEADQUARTERS CA US,20021107,-9999,-9999,0.21
GHCND:USC00049855,YOSEMITE PARK HEADQUARTERS CA US,20021108,-9999,-9999,3.44
GHCND:USC00049855,YOSEMITE PARK HEADQUARTERS CA US,20021109,-9999,-9999,3.7
GHCND:USC00049855,YOSEMITE PARK HEADQUARTERS CA US,20021110,-9999,-9999,0.22
GHCND:USC00049855,YOSEMITE PARK HEADQUARTERS CA US,20021111,-9999,-9999,0.06
GHCND:USC00049855,YOSEMITE PARK HEADQUARTERS CA US,20021112,-9999,-9999,0
GHCND:USC00049855,YOSEMITE PARK HEADQUARTERS CA US,20021113,-9999,-9999,0
GHCND:USC00049855,YOSEMITE PARK HEADQUARTERS CA US,20021114,-9999,-9999,0
GHCND:USC00049855,YOSEMITE PARK HEADQUARTERS CA US,20021115,-9999,-9999,0
GHCND:USC00049855,YOSEMITE PARK HEADQUARTERS CA US,20021116,-9999,-9999,0
GHCND:USC00049855,YOSEMITE PARK HEADQUARTERS CA US,20021117,-9999,-9999,0
GHCND:USC00049855,YOSEMITE PARK HEADQUARTERS CA US,20021118,-9999,-9999,0
GHCND:USC00049855,YOSEMITE PARK HEADQUARTERS CA US,20021119,-9999,-9999,0
GHCND:USC00049855,YOSEMITE PARK HEADQUARTERS CA US,20021120,-9999,-9999,0
GHCND:USC00049855,YOSEMITE PARK HEADQUARTERS CA US,20021121,-9999,-9999,0
GHCND:USC00049855,YOSEMITE PARK HEADQUARTERS CA US,20021122,-9999,-9999,0
GHCND:USC00049855,YOSEMITE PARK HEADQUARTERS CA US,20021123,-9999,-9999,0
GHCND:USC00049855,YOSEMITE PARK HEADQUARTERS CA US,20021124,-9999,-9999,0
GHCND:USC00049855,YOSEMITE PARK HEADQUARTERS CA US,20021125,-9999,-9999,0
GHCND:USC00049855,YOSEMITE PARK HEADQUARTERS CA US,20021126,-9999,-9999,0
GHCND:USC00049855,YOSEMITE PARK HEADQUARTERS CA US,20021127,-9999,-9999,0
GHCND:USC00049855,YOSEMITE PARK HEADQUARTERS CA US,20021128,-9999,-9999,0
GHCND:USC00049855,YOSEMITE PARK HEADQUARTERS CA US,20021129,-9999,-9999,0
GHCND:USC00049855,YOSEMITE PARK HEADQUARTERS CA US,20021130,-9999,-9999,0
GHCND:USC00049855,YOSEMITE PARK HEADQUARTERS CA US,20021201,-9999,-9999,0
GHCND:USC00049855,YOSEMITE PARK HEADQUARTERS CA US,20021202,-9999,-9999,0
GHCND:USC00049855,YOSEMITE PARK HEADQUARTERS CA US,20021203,-9999,-9999,0
GHCND:USC00049855,YOSEMITE PARK HEADQUARTERS CA US,20021204,-9999,-9999,0
GHCND:USC00049855,YOSEMITE PARK HEADQUARTERS CA US,20021205,-9999,-9999,0
GHCND:USC00049855,YOSEMITE PARK HEADQUARTERS CA US,20021206,-9999,-9999,0
GHCND:USC00049855,YOSEMITE PARK HEADQUARTERS CA US,20021207,-9999,-9999,0
GHCND:USC00049855,YOSEMITE PARK HEADQUARTERS CA US,20021208,-9999,-9999,0
GHCND:USC00049855,YOSEMITE PARK HEADQUARTERS CA US,20021209,-9999,-9999,0
GHCND:USC00049855,YOSEMITE PARK HEADQUARTERS CA US,20021210,-9999,-9999,0
GHCND:USC00049855,YOSEMITE PARK HEADQUARTERS CA US,20021211,-9999,-9999,0.01
GHCND:USC00049855,YOSEMITE PARK HEADQUARTERS CA US,20021212,-9999,-9999,0
GHCND:USC00049855,YOSEMITE PARK HEADQUARTERS CA US,20021213,-9999,-9999,0.18
GHCND:USC00049855,YOSEMITE PARK HEADQUARTERS CA US,20021214,-9999,-9999,1.09
GHCND:USC00049855,YOSEMITE PARK HEADQUARTERS CA US,20021215,-9999,-9999,1.02
GHCND:USC00049855,YOSEMITE PARK HEADQUARTERS CA US,20021216,-9999,-9999,1.35
GHCND:USC00049855,YOSEMITE PARK HEADQUARTERS CA US,20021217,-9999,-9999,2.81
GHCND:USC00049855,YOSEMITE PARK HEADQUARTERS CA US,20021218,-9999,-9999,1.13
GHCND:USC00049855,YOSEMITE PARK HEADQUARTERS CA US,20021219,-9999,-9999,0
GHCND:USC00049855,YOSEMITE PARK HEADQUARTERS CA US,20021220,-9999,-9999,1.03
GHCND:USC00049855,YOSEMITE PARK HEADQUARTERS CA US,20021221,-9999,-9999,0.16
GHCND:USC00049855,YOSEMITE PARK HEADQUARTERS CA US,20021222,-9999,-9999,0
GHCND:USC00049855,YOSEMITE PARK HEADQUARTERS CA US,20021223,-9999,-9999,0
GHCND:USC00049855,YOSEMITE PARK HEADQUARTERS CA US,20021224,-9999,-9999,0
GHCND:USC00049855,YOSEMITE PARK HEADQUARTERS CA US,20021225,-9999,-9999,0
GHCND:USC00049855,YOSEMITE PARK HEADQUARTERS CA US,20021226,-9999,-9999,0
GHCND:USC00049855,YOSEMITE PARK HEADQUARTERS CA US,20021227,-9999,-9999,0
GHCND:USC00049855,YOSEMITE PARK HEADQUARTERS CA US,20021228,-9999,-9999,0
GHCND:USC00049855,YOSEMITE PARK HEADQUARTERS CA US,20021229,-9999,-9999,1.9
GHCND:USC00049855,YOSEMITE PARK HEADQUARTERS CA US,20021230,-9999,-9999,0
GHCND:USC00049855,YOSEMITE PARK HEADQUARTERS CA US,20021231,-9999,-9999,1.17
GHCND:USC00049855,YOSEMITE PARK HEADQUARTERS CA US,20030101,-9999,-9999,0.04
GHCND:USC00049855,YOSEMITE PARK HEADQUARTERS CA US,20030102,-9999,-9999,0
GHCND:USC00049855,YOSEMITE PARK HEADQUARTERS CA US,20030103,-9999,-9999,0
GHCND:USC00049855,YOSEMITE PARK HEADQUARTERS CA US,20030104,-9999,-9999,0
GHCND:USC00049855,YOSEMITE PARK HEADQUARTERS CA US,20030105,-9999,-9999,0
GHCND:USC00049855,YOSEMITE PARK HEADQUARTERS CA US,20030106,-9999,-9999,0
GHCND:USC00049855,YOSEMITE PARK HEADQUARTERS CA US,20030107,-9999,-9999,0
GHCND:USC00049855,YOSEMITE PARK HEADQUARTERS CA US,20030108,-9999,-9999,0
GHCND:USC00049855,YOSEMITE PARK HEADQUARTERS CA US,20030109,-9999,-9999,0
GHCND:USC00049855,YOSEMITE PARK HEADQUARTERS CA US,20030110,-9999,-9999,0.51
GHCND:USC00049855,YOSEMITE PARK HEADQUARTERS CA US,20030111,-9999,-9999,0.36
GHCND:USC00049855,YOSEMITE PARK HEADQUARTERS CA US,20030112,-9999,-9999,0
GHCND:USC00049855,YOSEMITE PARK HEADQUARTERS CA US,20030113,-9999,-9999,0
GHCND:USC00049855,YOSEMITE PARK HEADQUARTERS CA US,20030114,-9999,-9999,0
GHCND:USC00049855,YOSEMITE PARK HEADQUARTERS CA US,20030115,-9999,-9999,0
GHCND:USC00049855,YOSEMITE PARK HEADQUARTERS CA US,20030116,-9999,-9999,0
GHCND:USC00049855,YOSEMITE PARK HEADQUARTERS CA US,20030117,-9999,-9999,0
GHCND:USC00049855,YOSEMITE PARK HEADQUARTERS CA US,20030118,-9999,-9999,0
GHCND:USC00049855,YOSEMITE PARK HEADQUARTERS CA US,20030119,-9999,-9999,0
GHCND:USC00049855,YOSEMITE PARK HEADQUARTERS CA US,20030120,-9999,-9999,0
GHCND:USC00049855,YOSEMITE PARK HEADQUARTERS CA US,20030121,-9999,-9999,0
GHCND:USC00049855,YOSEMITE PARK HEADQUARTERS CA US,20030122,-9999,-9999,0
GHCND:USC00049855,YOSEMITE PARK HEADQUARTERS CA US,20030123,-9999,-9999,0
GHCND:USC00049855,YOSEMITE PARK HEADQUARTERS CA US,20030124,-9999,-9999,0
GHCND:USC00049855,YOSEMITE PARK HEADQUARTERS CA US,20030125,-9999,-9999,0
GHCND:USC00049855,YOSEMITE PARK HEADQUARTERS CA US,20030126,-9999,-9999,0
GHCND:USC00049855,YOSEMITE PARK HEADQUARTERS CA US,20030127,-9999,-9999,0
GHCND:USC00049855,YOSEMITE PARK HEADQUARTERS CA US,20030128,-9999,-9999,0
GHCND:USC00049855,YOSEMITE PARK HEADQUARTERS CA US,20030129,-9999,-9999,0
GHCND:USC00049855,YOSEMITE PARK HEADQUARTERS CA US,20030130,-9999,-9999,0
GHCND:USC00049855,YOSEMITE PARK HEADQUARTERS CA US,20030131,-9999,-9999,0
GHCND:USC00049855,YOSEMITE PARK HEADQUARTERS CA US,20030201,-9999,-9999,0
GHCND:USC00049855,YOSEMITE PARK HEADQUARTERS CA US,20030202,-9999,-9999,0.01
GHCND:USC00049855,YOSEMITE PARK HEADQUARTERS CA US,20030203,-9999,-9999,0
GHCND:USC00049855,YOSEMITE PARK HEADQUARTERS CA US,20030204,-9999,-9999,0
GHCND:USC00049855,YOSEMITE PARK HEADQUARTERS CA US,20030205,-9999,-9999,0
GHCND:USC00049855,YOSEMITE PARK HEADQUARTERS CA US,20030206,-9999,-9999,0
GHCND:USC00049855,YOSEMITE PARK HEADQUARTERS CA US,20030207,-9999,-9999,0
GHCND:USC00049855,YOSEMITE PARK HEADQUARTERS CA US,20030208,-9999,-9999,0
GHCND:USC00049855,YOSEMITE PARK HEADQUARTERS CA US,20030209,-9999,-9999,0
GHCND:USC00049855,YOSEMITE PARK HEADQUARTERS CA US,20030210,-9999,-9999,0
GHCND:USC00049855,YOSEMITE PARK HEADQUARTERS CA US,20030211,-9999,-9999,0
GHCND:USC00049855,YOSEMITE PARK HEADQUARTERS CA US,20030212,-9999,-9999,0
GHCND:USC00049855,YOSEMITE PARK HEADQUARTERS CA US,20030213,-9999,-9999,0.63
GHCND:USC00049855,YOSEMITE PARK HEADQUARTERS CA US,20030214,-9999,-9999,0.44
GHCND:USC00049855,YOSEMITE PARK HEADQUARTERS CA US,20030215,-9999,-9999,0
GHCND:USC00049855,YOSEMITE PARK HEADQUARTERS CA US,20030216,-9999,-9999,0.84
GHCND:USC00049855,YOSEMITE PARK HEADQUARTERS CA US,20030217,-9999,-9999,0
GHCND:USC00049855,YOSEMITE PARK HEADQUARTERS CA US,20030218,-9999,-9999,0
GHCND:USC00049855,YOSEMITE PARK HEADQUARTERS CA US,20030219,-9999,-9999,0
GHCND:USC00049855,YOSEMITE PARK HEADQUARTERS CA US,20030220,-9999,-9999,0.24
GHCND:USC00049855,YOSEMITE PARK HEADQUARTERS CA US,20030221,-9999,-9999,0
GHCND:USC00049855,YOSEMITE PARK HEADQUARTERS CA US,20030222,-9999,-9999,0
GHCND:USC00049855,YOSEMITE PARK HEADQUARTERS CA US,20030223,-9999,-9999,0
GHCND:USC00049855,YOSEMITE PARK HEADQUARTERS CA US,20030224,-9999,-9999,0
GHCND:USC00049855,YOSEMITE PARK HEADQUARTERS CA US,20030225,-9999,-9999,0.22
GHCND:USC00049855,YOSEMITE PARK HEADQUARTERS CA US,20030226,-9999,-9999,0.14
GHCND:USC00049855,YOSEMITE PARK HEADQUARTERS CA US,20030227,-9999,-9999,0.3
GHCND:USC00049855,YOSEMITE PARK HEADQUARTERS CA US,20030228,-9999,-9999,0.06
GHCND:USC00049855,YOSEMITE PARK HEADQUARTERS CA US,20030301,-9999,-9999,0.02
GHCND:USC00049855,YOSEMITE PARK HEADQUARTERS CA US,20030302,-9999,-9999,0
GHCND:USC00049855,YOSEMITE PARK HEADQUARTERS CA US,20030303,-9999,-9999,0
GHCND:USC00049855,YOSEMITE PARK HEADQUARTERS CA US,20030304,-9999,-9999,0.01
GHCND:USC00049855,YOSEMITE PARK HEADQUARTERS CA US,20030305,-9999,-9999,0
GHCND:USC00049855,YOSEMITE PARK HEADQUARTERS CA US,20030306,-9999,-9999,0
GHCND:USC00049855,YOSEMITE PARK HEADQUARTERS CA US,20030307,-9999,-9999,0
GHCND:USC00049855,YOSEMITE PARK HEADQUARTERS CA US,20030308,-9999,-9999,0
GHCND:USC00049855,YOSEMITE PARK HEADQUARTERS CA US,20030309,-9999,-9999,0
GHCND:USC00049855,YOSEMITE PARK HEADQUARTERS CA US,20030310,-9999,-9999,0
GHCND:USC00049855,YOSEMITE PARK HEADQUARTERS CA US,20030311,-9999,-9999,0
GHCND:USC00049855,YOSEMITE PARK HEADQUARTERS CA US,20030312,-9999,-9999,0
GHCND:USC00049855,YOSEMITE PARK HEADQUARTERS CA US,20030313,-9999,-9999,0
GHCND:USC00049855,YOSEMITE PARK HEADQUARTERS CA US,20030314,-9999,-9999,0.03
GHCND:USC00049855,YOSEMITE PARK HEADQUARTERS CA US,20030315,-9999,-9999,1.3
GHCND:USC00049855,YOSEMITE PARK HEADQUARTERS CA US,20030316,-9999,-9999,0.56
GHCND:USC00049855,YOSEMITE PARK HEADQUARTERS CA US,20030317,-9999,-9999,0.43
GHCND:USC00049855,YOSEMITE PARK HEADQUARTERS CA US,20030318,-9999,-9999,0.02
GHCND:USC00049855,YOSEMITE PARK HEADQUARTERS CA US,20030319,-9999,-9999,0
GHCND:USC00049855,YOSEMITE PARK HEADQUARTERS CA US,20030320,-9999,-9999,0.17
GHCND:USC00049855,YOSEMITE PARK HEADQUARTERS CA US,20030321,-9999,-9999,0
GHCND:USC00049855,YOSEMITE PARK HEADQUARTERS CA US,20030322,-9999,-9999,0
GHCND:USC00049855,YOSEMITE PARK HEADQUARTERS CA US,20030323,-9999,-9999,0
GHCND:USC00049855,YOSEMITE PARK HEADQUARTERS CA US,20030324,-9999,-9999,0.2
GHCND:USC00049855,YOSEMITE PARK HEADQUARTERS CA US,20030325,-9999,-9999,0
GHCND:USC00049855,YOSEMITE PARK HEADQUARTERS CA US,20030326,-9999,-9999,0.01
GHCND:USC00049855,YOSEMITE PARK HEADQUARTERS CA US,20030327,-9999,-9999,0.08
GHCND:USC00049855,YOSEMITE PARK HEADQUARTERS CA US,20030328,-9999,-9999,0
GHCND:USC00049855,YOSEMITE PARK HEADQUARTERS CA US,20030329,-9999,-9999,0
GHCND:USC00049855,YOSEMITE PARK HEADQUARTERS CA US,20030330,-9999,-9999,0
GHCND:USC00049855,YOSEMITE PARK HEADQUARTERS CA US,20030331,-9999,-9999,0
GHCND:USC00049855,YOSEMITE PARK HEADQUARTERS CA US,20030401,-9999,-9999,0.74
GHCND:USC00049855,YOSEMITE PARK HEADQUARTERS CA US,20030402,-9999,-9999,0
GHCND:USC00049855,YOSEMITE PARK HEADQUARTERS CA US,20030403,-9999,-9999,0.53
GHCND:USC00049855,YOSEMITE PARK HEADQUARTERS CA US,20030404,-9999,-9999,0.32
GHCND:USC00049855,YOSEMITE PARK HEADQUARTERS CA US,20030405,-9999,-9999,0.35
GHCND:USC00049855,YOSEMITE PARK HEADQUARTERS CA US,20030406,-9999,-9999,0
GHCND:USC00049855,YOSEMITE PARK HEADQUARTERS CA US,20030407,-9999,-9999,0
GHCND:USC00049855,YOSEMITE PARK HEADQUARTERS CA US,20030408,-9999,-9999,0
GHCND:USC00049855,YOSEMITE PARK HEADQUARTERS CA US,20030409,-9999,-9999,0
GHCND:USC00049855,YOSEMITE PARK HEADQUARTERS CA US,20030410,-9999,-9999,0
GHCND:USC00049855,YOSEMITE PARK HEADQUARTERS CA US,20030411,-9999,-9999,0
GHCND:USC00049855,YOSEMITE PARK HEADQUARTERS CA US,20030412,-9999,-9999,0
GHCND:USC00049855,YOSEMITE PARK HEADQUARTERS CA US,20030413,-9999,-9999,2
GHCND:USC00049855,YOSEMITE PARK HEADQUARTERS CA US,20030414,-9999,-9999,1.2
GHCND:USC00049855,YOSEMITE PARK HEADQUARTERS CA US,20030415,-9999,-9999,0
GHCND:USC00049855,YOSEMITE PARK HEADQUARTERS CA US,20030416,-9999,-9999,0.02
GHCND:USC00049855,YOSEMITE PARK HEADQUARTERS CA US,20030417,-9999,-9999,0.14
GHCND:USC00049855,YOSEMITE PARK HEADQUARTERS CA US,20030418,-9999,-9999,0.3
GHCND:USC00049855,YOSEMITE PARK HEADQUARTERS CA US,20030419,-9999,-9999,0
GHCND:USC00049855,YOSEMITE PARK HEADQUARTERS CA US,20030420,-9999,-9999,0
GHCND:USC00049855,YOSEMITE PARK HEADQUARTERS CA US,20030421,-9999,-9999,0
GHCND:USC00049855,YOSEMITE PARK HEADQUARTERS CA US,20030422,-9999,-9999,0.52
GHCND:USC00049855,YOSEMITE PARK HEADQUARTERS CA US,20030423,-9999,-9999,0
GHCND:USC00049855,YOSEMITE PARK HEADQUARTERS CA US,20030424,-9999,-9999,0
GHCND:USC00049855,YOSEMITE PARK HEADQUARTERS CA US,20030425,-9999,-9999,0.39
GHCND:USC00049855,YOSEMITE PARK HEADQUARTERS CA US,20030426,-9999,-9999,0.07
GHCND:USC00049855,YOSEMITE PARK HEADQUARTERS CA US,20030427,-9999,-9999,0
GHCND:USC00049855,YOSEMITE PARK HEADQUARTERS CA US,20030428,-9999,-9999,0.56
GHCND:USC00049855,YOSEMITE PARK HEADQUARTERS CA US,20030429,-9999,-9999,0.1
GHCND:USC00049855,YOSEMITE PARK HEADQUARTERS CA US,20030430,-9999,-9999,0.05
GHCND:USC00049855,YOSEMITE PARK HEADQUARTERS CA US,20030501,-9999,-9999,0
GHCND:USC00049855,YOSEMITE PARK HEADQUARTERS CA US,20030502,-9999,-9999,0
GHCND:USC00049855,YOSEMITE PARK HEADQUARTERS CA US,20030503,-9999,-9999,0.42
GHCND:USC00049855,YOSEMITE PARK HEADQUARTERS CA US,20030504,-9999,-9999,1.17
GHCND:USC00049855,YOSEMITE PARK HEADQUARTERS CA US,20030505,-9999,-9999,0.01
GHCND:USC00049855,YOSEMITE PARK HEADQUARTERS CA US,20030506,-9999,-9999,0
GHCND:USC00049855,YOSEMITE PARK HEADQUARTERS CA US,20030507,-9999,-9999,0.36
GHCND:USC00049855,YOSEMITE PARK HEADQUARTERS CA US,20030508,-9999,-9999,0.23
GHCND:USC00049855,YOSEMITE PARK HEADQUARTERS CA US,20030509,-9999,-9999,0.3
GHCND:USC00049855,YOSEMITE PARK HEADQUARTERS CA US,20030510,-9999,-9999,0
GHCND:USC00049855,YOSEMITE PARK HEADQUARTERS CA US,20030511,-9999,-9999,0
GHCND:USC00049855,YOSEMITE PARK HEADQUARTERS CA US,20030512,-9999,-9999,0
GHCND:USC00049855,YOSEMITE PARK HEADQUARTERS CA US,20030513,-9999,-9999,0
GHCND:USC00049855,YOSEMITE PARK HEADQUARTERS CA US,20030514,-9999,-9999,0
GHCND:USC00049855,YOSEMITE PARK HEADQUARTERS CA US,20030515,-9999,-9999,0.23
GHCND:USC00049855,YOSEMITE PARK HEADQUARTERS CA US,20030516,-9999,-9999,0
GHCND:USC00049855,YOSEMITE PARK HEADQUARTERS CA US,20030517,-9999,-9999,0
GHCND:USC00049855,YOSEMITE PARK HEADQUARTERS CA US,20030518,-9999,-9999,0
GHCND:USC00049855,YOSEMITE PARK HEADQUARTERS CA US,20030519,-9999,-9999,0
GHCND:USC00049855,YOSEMITE PARK HEADQUARTERS CA US,20030520,-9999,-9999,0
GHCND:USC00049855,YOSEMITE PARK HEADQUARTERS CA US,20030521,-9999,-9999,0
GHCND:USC00049855,YOSEMITE PARK HEADQUARTERS CA US,20030522,-9999,-9999,0
GHCND:USC00049855,YOSEMITE PARK HEADQUARTERS CA US,20030523,-9999,-9999,0
GHCND:USC00049855,YOSEMITE PARK HEADQUARTERS CA US,20030524,-9999,-9999,0
GHCND:USC00049855,YOSEMITE PARK HEADQUARTERS CA US,20030525,-9999,-9999,0
GHCND:USC00049855,YOSEMITE PARK HEADQUARTERS CA US,20030526,-9999,-9999,0
GHCND:USC00049855,YOSEMITE PARK HEADQUARTERS CA US,20030527,-9999,-9999,0
GHCND:USC00049855,YOSEMITE PARK HEADQUARTERS CA US,20030528,-9999,-9999,0
GHCND:USC00049855,YOSEMITE PARK HEADQUARTERS CA US,20030529,-9999,-9999,0
GHCND:USC00049855,YOSEMITE PARK HEADQUARTERS CA US,20030530,-9999,-9999,0
GHCND:USC00049855,YOSEMITE PARK HEADQUARTERS CA US,20030531,-9999,-9999,0
GHCND:USC00049855,YOSEMITE PARK HEADQUARTERS CA US,20030601,-9999,-9999,0
GHCND:USC00049855,YOSEMITE PARK HEADQUARTERS CA US,20030602,-9999,-9999,0
GHCND:USC00049855,YOSEMITE PARK HEADQUARTERS CA US,20030603,-9999,-9999,0
GHCND:USC00049855,YOSEMITE PARK HEADQUARTERS CA US,20030604,-9999,-9999,0
GHCND:USC00049855,YOSEMITE PARK HEADQUARTERS CA US,20030605,-9999,-9999,0
GHCND:USC00049855,YOSEMITE PARK HEADQUARTERS CA US,20030606,-9999,-9999,0
GHCND:USC00049855,YOSEMITE PARK HEADQUARTERS CA US,20030607,-9999,-9999,0
GHCND:USC00049855,YOSEMITE PARK HEADQUARTERS CA US,20030608,-9999,-9999,0
GHCND:USC00049855,YOSEMITE PARK HEADQUARTERS CA US,20030609,-9999,-9999,0
GHCND:USC00049855,YOSEMITE PARK HEADQUARTERS CA US,20030610,-9999,-9999,0
GHCND:USC00049855,YOSEMITE PARK HEADQUARTERS CA US,20030611,-9999,-9999,0
GHCND:USC00049855,YOSEMITE PARK HEADQUARTERS CA US,20030612,-9999,-9999,0
GHCND:USC00049855,YOSEMITE PARK HEADQUARTERS CA US,20030613,-9999,-9999,0
GHCND:USC00049855,YOSEMITE PARK HEADQUARTERS CA US,20030614,-9999,-9999,0
GHCND:USC00049855,YOSEMITE PARK HEADQUARTERS CA US,20030615,-9999,-9999,0
GHCND:USC00049855,YOSEMITE PARK HEADQUARTERS CA US,20030616,-9999,-9999,0
GHCND:USC00049855,YOSEMITE PARK HEADQUARTERS CA US,20030617,-9999,-9999,0
GHCND:USC00049855,YOSEMITE PARK HEADQUARTERS CA US,20030618,-9999,-9999,0
GHCND:USC00049855,YOSEMITE PARK HEADQUARTERS CA US,20030619,-9999,-9999,0
GHCND:USC00049855,YOSEMITE PARK HEADQUARTERS CA US,20030620,-9999,-9999,0
GHCND:USC00049855,YOSEMITE PARK HEADQUARTERS CA US,20030621,-9999,-9999,0
GHCND:USC00049855,YOSEMITE PARK HEADQUARTERS CA US,20030622,-9999,-9999,0
GHCND:USC00049855,YOSEMITE PARK HEADQUARTERS CA US,20030623,-9999,-9999,0
GHCND:USC00049855,YOSEMITE PARK HEADQUARTERS CA US,20030624,-9999,-9999,0
GHCND:USC00049855,YOSEMITE PARK HEADQUARTERS CA US,20030625,-9999,-9999,0
GHCND:USC00049855,YOSEMITE PARK HEADQUARTERS CA US,20030626,-9999,-9999,0
GHCND:USC00049855,YOSEMITE PARK HEADQUARTERS CA US,20030627,-9999,-9999,0
GHCND:USC00049855,YOSEMITE PARK HEADQUARTERS CA US,20030628,-9999,-9999,0
GHCND:USC00049855,YOSEMITE PARK HEADQUARTERS CA US,20030629,-9999,-9999,0
GHCND:USC00049855,YOSEMITE PARK HEADQUARTERS CA US,20030630,-9999,-9999,0
GHCND:USC00049855,YOSEMITE PARK HEADQUARTERS CA US,20030701,-9999,-9999,0
GHCND:USC00049855,YOSEMITE PARK HEADQUARTERS CA US,20030702,-9999,-9999,0
GHCND:USC00049855,YOSEMITE PARK HEADQUARTERS CA US,20030703,-9999,-9999,0
GHCND:USC00049855,YOSEMITE PARK HEADQUARTERS CA US,20030704,-9999,-9999,0
GHCND:USC00049855,YOSEMITE PARK HEADQUARTERS CA US,20030705,-9999,-9999,0
GHCND:USC00049855,YOSEMITE PARK HEADQUARTERS CA US,20030706,-9999,-9999,0
GHCND:USC00049855,YOSEMITE PARK HEADQUARTERS CA US,20030707,-9999,-9999,0
GHCND:USC00049855,YOSEMITE PARK HEADQUARTERS CA US,20030708,-9999,-9999,0
GHCND:USC00049855,YOSEMITE PARK HEADQUARTERS CA US,20030709,-9999,-9999,0
GHCND:USC00049855,YOSEMITE PARK HEADQUARTERS CA US,20030710,-9999,-9999,0
GHCND:USC00049855,YOSEMITE PARK HEADQUARTERS CA US,20030711,-9999,-9999,0
GHCND:USC00049855,YOSEMITE PARK HEADQUARTERS CA US,20030712,-9999,-9999,0
GHCND:USC00049855,YOSEMITE PARK HEADQUARTERS CA US,20030713,-9999,-9999,0
GHCND:USC00049855,YOSEMITE PARK HEADQUARTERS CA US,20030714,-9999,-9999,0
GHCND:USC00049855,YOSEMITE PARK HEADQUARTERS CA US,20030715,-9999,-9999,0
GHCND:USC00049855,YOSEMITE PARK HEADQUARTERS CA US,20030716,-9999,-9999,0
GHCND:USC00049855,YOSEMITE PARK HEADQUARTERS CA US,20030717,-9999,-9999,0
GHCND:USC00049855,YOSEMITE PARK HEADQUARTERS CA US,20030718,-9999,-9999,0
GHCND:USC00049855,YOSEMITE PARK HEADQUARTERS CA US,20030719,-9999,-9999,0.02
GHCND:USC00049855,YOSEMITE PARK HEADQUARTERS CA US,20030720,-9999,-9999,0.54
GHCND:USC00049855,YOSEMITE PARK HEADQUARTERS CA US,20030721,-9999,-9999,0
GHCND:USC00049855,YOSEMITE PARK HEADQUARTERS CA US,20030722,-9999,-9999,0
GHCND:USC00049855,YOSEMITE PARK HEADQUARTERS CA US,20030723,-9999,-9999,0
GHCND:USC00049855,YOSEMITE PARK HEADQUARTERS CA US,20030724,-9999,-9999,0.01
GHCND:USC00049855,YOSEMITE PARK HEADQUARTERS CA US,20030725,-9999,-9999,0
GHCND:USC00049855,YOSEMITE PARK HEADQUARTERS CA US,20030726,-9999,-9999,0
GHCND:USC00049855,YOSEMITE PARK HEADQUARTERS CA US,20030727,-9999,-9999,0.01
GHCND:USC00049855,YOSEMITE PARK HEADQUARTERS CA US,20030728,-9999,-9999,0
GHCND:USC00049855,YOSEMITE PARK HEADQUARTERS CA US,20030729,-9999,-9999,0
GHCND:USC00049855,YOSEMITE PARK HEADQUARTERS CA US,20030730,-9999,-9999,0
GHCND:USC00049855,YOSEMITE PARK HEADQUARTERS CA US,20030731,-9999,-9999,0.03
GHCND:USC00049855,YOSEMITE PARK HEADQUARTERS CA US,20030801,-9999,-9999,0.75
GHCND:USC00049855,YOSEMITE PARK HEADQUARTERS CA US,20030802,-9999,-9999,0.08
GHCND:USC00049855,YOSEMITE PARK HEADQUARTERS CA US,20030803,-9999,-9999,0.02
GHCND:USC00049855,YOSEMITE PARK HEADQUARTERS CA US,20030804,-9999,-9999,0
GHCND:USC00049855,YOSEMITE PARK HEADQUARTERS CA US,20030805,-9999,-9999,0
GHCND:USC00049855,YOSEMITE PARK HEADQUARTERS CA US,20030806,-9999,-9999,0
GHCND:USC00049855,YOSEMITE PARK HEADQUARTERS CA US,20030807,-9999,-9999,0
GHCND:USC00049855,YOSEMITE PARK HEADQUARTERS CA US,20030808,-9999,-9999,0
GHCND:USC00049855,YOSEMITE PARK HEADQUARTERS CA US,20030809,-9999,-9999,0
GHCND:USC00049855,YOSEMITE PARK HEADQUARTERS CA US,20030810,-9999,-9999,0
GHCND:USC00049855,YOSEMITE PARK HEADQUARTERS CA US,20030811,-9999,-9999,0
GHCND:USC00049855,YOSEMITE PARK HEADQUARTERS CA US,20030812,-9999,-9999,0
GHCND:USC00049855,YOSEMITE PARK HEADQUARTERS CA US,20030813,-9999,-9999,0
GHCND:USC00049855,YOSEMITE PARK HEADQUARTERS CA US,20030814,-9999,-9999,0
GHCND:USC00049855,YOSEMITE PARK HEADQUARTERS CA US,20030815,-9999,-9999,0
GHCND:USC00049855,YOSEMITE PARK HEADQUARTERS CA US,20030816,-9999,-9999,0
GHCND:USC00049855,YOSEMITE PARK HEADQUARTERS CA US,20030817,-9999,-9999,0
GHCND:USC00049855,YOSEMITE PARK HEADQUARTERS CA US,20030818,-9999,-9999,0
GHCND:USC00049855,YOSEMITE PARK HEADQUARTERS CA US,20030819,-9999,-9999,0
GHCND:USC00049855,YOSEMITE PARK HEADQUARTERS CA US,20030820,-9999,-9999,0
GHCND:USC00049855,YOSEMITE PARK HEADQUARTERS CA US,20030821,-9999,-9999,0.05
GHCND:USC00049855,YOSEMITE PARK HEADQUARTERS CA US,20030822,-9999,-9999,0
GHCND:USC00049855,YOSEMITE PARK HEADQUARTERS CA US,20030823,-9999,-9999,0
GHCND:USC00049855,YOSEMITE PARK HEADQUARTERS CA US,20030824,-9999,-9999,0
GHCND:USC00049855,YOSEMITE PARK HEADQUARTERS CA US,20030825,-9999,-9999,0
GHCND:USC00049855,YOSEMITE PARK HEADQUARTERS CA US,20030826,-9999,-9999,0
GHCND:USC00049855,YOSEMITE PARK HEADQUARTERS CA US,20030827,-9999,-9999,0
GHCND:USC00049855,YOSEMITE PARK HEADQUARTERS CA US,20030828,-9999,-9999,0
GHCND:USC00049855,YOSEMITE PARK HEADQUARTERS CA US,20030829,-9999,-9999,0
GHCND:USC00049855,YOSEMITE PARK HEADQUARTERS CA US,20030830,-9999,-9999,0
GHCND:USC00049855,YOSEMITE PARK HEADQUARTERS CA US,20030831,-9999,-9999,0
GHCND:USC00049855,YOSEMITE PARK HEADQUARTERS CA US,20030901,-9999,-9999,0
GHCND:USC00049855,YOSEMITE PARK HEADQUARTERS CA US,20030902,-9999,-9999,0
GHCND:USC00049855,YOSEMITE PARK HEADQUARTERS CA US,20030904,0.12,2,-9999
GHCND:USC00049855,YOSEMITE PARK HEADQUARTERS CA US,20030905,-9999,-9999,0
GHCND:USC00049855,YOSEMITE PARK HEADQUARTERS CA US,20030906,-9999,-9999,0
GHCND:USC00049855,YOSEMITE PARK HEADQUARTERS CA US,20030907,-9999,-9999,0
GHCND:USC00049855,YOSEMITE PARK HEADQUARTERS CA US,20030908,-9999,-9999,0
GHCND:USC00049855,YOSEMITE PARK HEADQUARTERS CA US,20030909,-9999,-9999,0
GHCND:USC00049855,YOSEMITE PARK HEADQUARTERS CA US,20030910,-9999,-9999,0
GHCND:USC00049855,YOSEMITE PARK HEADQUARTERS CA US,20030911,-9999,-9999,0
GHCND:USC00049855,YOSEMITE PARK HEADQUARTERS CA US,20030912,-9999,-9999,0
GHCND:USC00049855,YOSEMITE PARK HEADQUARTERS CA US,20030913,-9999,-9999,0
GHCND:USC00049855,YOSEMITE PARK HEADQUARTERS CA US,20030914,-9999,-9999,0
GHCND:USC00049855,YOSEMITE PARK HEADQUARTERS CA US,20030915,-9999,-9999,0
GHCND:USC00049855,YOSEMITE PARK HEADQUARTERS CA US,20030916,-9999,-9999,0
GHCND:USC00049855,YOSEMITE PARK HEADQUARTERS CA US,20030917,-9999,-9999,0
GHCND:USC00049855,YOSEMITE PARK HEADQUARTERS CA US,20030918,-9999,-9999,0
GHCND:USC00049855,YOSEMITE PARK HEADQUARTERS CA US,20030919,-9999,-9999,0
GHCND:USC00049855,YOSEMITE PARK HEADQUARTERS CA US,20030920,-9999,-9999,0
GHCND:USC00049855,YOSEMITE PARK HEADQUARTERS CA US,20030921,-9999,-9999,0
GHCND:USC00049855,YOSEMITE PARK HEADQUARTERS CA US,20030922,-9999,-9999,0
GHCND:USC00049855,YOSEMITE PARK HEADQUARTERS CA US,20030923,-9999,-9999,0
GHCND:USC00049855,YOSEMITE PARK HEADQUARTERS CA US,20030924,-9999,-9999,0
GHCND:USC00049855,YOSEMITE PARK HEADQUARTERS CA US,20030925,-9999,-9999,0
GHCND:USC00049855,YOSEMITE PARK HEADQUARTERS CA US,20030926,-9999,-9999,0
GHCND:USC00049855,YOSEMITE PARK HEADQUARTERS CA US,20030927,-9999,-9999,0
GHCND:USC00049855,YOSEMITE PARK HEADQUARTERS CA US,20030928,-9999,-9999,0
GHCND:USC00049855,YOSEMITE PARK HEADQUARTERS CA US,20030929,-9999,-9999,0
GHCND:USC00049855,YOSEMITE PARK HEADQUARTERS CA US,20030930,-9999,-9999,0
GHCND:USC00049855,YOSEMITE PARK HEADQUARTERS CA US,20031001,-9999,-9999,0
GHCND:USC00049855,YOSEMITE PARK HEADQUARTERS CA US,20031002,-9999,-9999,0
GHCND:USC00049855,YOSEMITE PARK HEADQUARTERS CA US,20031003,-9999,-9999,0
GHCND:USC00049855,YOSEMITE PARK HEADQUARTERS CA US,20031004,-9999,-9999,0
GHCND:USC00049855,YOSEMITE PARK HEADQUARTERS CA US,20031005,-9999,-9999,0
GHCND:USC00049855,YOSEMITE PARK HEADQUARTERS CA US,20031006,-9999,-9999,0
GHCND:USC00049855,YOSEMITE PARK HEADQUARTERS CA US,20031007,-9999,-9999,0
GHCND:USC00049855,YOSEMITE PARK HEADQUARTERS CA US,20031008,-9999,-9999,0
GHCND:USC00049855,YOSEMITE PARK HEADQUARTERS CA US,20031009,-9999,-9999,0
GHCND:USC00049855,YOSEMITE PARK HEADQUARTERS CA US,20031010,-9999,-9999,0
GHCND:USC00049855,YOSEMITE PARK HEADQUARTERS CA US,20031011,-9999,-9999,0
GHCND:USC00049855,YOSEMITE PARK HEADQUARTERS CA US,20031012,-9999,-9999,0
GHCND:USC00049855,YOSEMITE PARK HEADQUARTERS CA US,20031013,-9999,-9999,0
GHCND:USC00049855,YOSEMITE PARK HEADQUARTERS CA US,20031014,-9999,-9999,0
GHCND:USC00049855,YOSEMITE PARK HEADQUARTERS CA US,20031015,-9999,-9999,0
GHCND:USC00049855,YOSEMITE PARK HEADQUARTERS CA US,20031016,-9999,-9999,0
GHCND:USC00049855,YOSEMITE PARK HEADQUARTERS CA US,20031017,-9999,-9999,0
GHCND:USC00049855,YOSEMITE PARK HEADQUARTERS CA US,20031018,-9999,-9999,0
GHCND:USC00049855,YOSEMITE PARK HEADQUARTERS CA US,20031019,-9999,-9999,0
GHCND:USC00049855,YOSEMITE PARK HEADQUARTERS CA US,20031020,-9999,-9999,0
GHCND:USC00049855,YOSEMITE PARK HEADQUARTERS CA US,20031021,-9999,-9999,0
GHCND:USC00049855,YOSEMITE PARK HEADQUARTERS CA US,20031022,-9999,-9999,0
GHCND:USC00049855,YOSEMITE PARK HEADQUARTERS CA US,20031023,-9999,-9999,0
GHCND:USC00049855,YOSEMITE PARK HEADQUARTERS CA US,20031024,-9999,-9999,0
GHCND:USC00049855,YOSEMITE PARK HEADQUARTERS CA US,20031025,-9999,-9999,0
GHCND:USC00049855,YOSEMITE PARK HEADQUARTERS CA US,20031026,-9999,-9999,0
GHCND:USC00049855,YOSEMITE PARK HEADQUARTERS CA US,20031027,-9999,-9999,0
GHCND:USC00049855,YOSEMITE PARK HEADQUARTERS CA US,20031028,-9999,-9999,0
GHCND:USC00049855,YOSEMITE PARK HEADQUARTERS CA US,20031029,-9999,-9999,0
GHCND:USC00049855,YOSEMITE PARK HEADQUARTERS CA US,20031030,-9999,-9999,0
GHCND:USC00049855,YOSEMITE PARK HEADQUARTERS CA US,20031031,-9999,-9999,0.05
GHCND:USC00049855,YOSEMITE PARK HEADQUARTERS CA US,20031101,-9999,-9999,0.24
GHCND:USC00049855,YOSEMITE PARK HEADQUARTERS CA US,20031102,-9999,-9999,0
GHCND:USC00049855,YOSEMITE PARK HEADQUARTERS CA US,20031103,-9999,-9999,0.9
GHCND:USC00049855,YOSEMITE PARK HEADQUARTERS CA US,20031104,-9999,-9999,0
GHCND:USC00049855,YOSEMITE PARK HEADQUARTERS CA US,20031105,-9999,-9999,0
GHCND:USC00049855,YOSEMITE PARK HEADQUARTERS CA US,20031106,-9999,-9999,0
GHCND:USC00049855,YOSEMITE PARK HEADQUARTERS CA US,20031107,-9999,-9999,0.02
GHCND:USC00049855,YOSEMITE PARK HEADQUARTERS CA US,20031108,-9999,-9999,0
GHCND:USC00049855,YOSEMITE PARK HEADQUARTERS CA US,20031109,-9999,-9999,1.1
GHCND:USC00049855,YOSEMITE PARK HEADQUARTERS CA US,20031110,-9999,-9999,0.1
GHCND:USC00049855,YOSEMITE PARK HEADQUARTERS CA US,20031111,-9999,-9999,0
GHCND:USC00049855,YOSEMITE PARK HEADQUARTERS CA US,20031112,-9999,-9999,0
GHCND:USC00049855,YOSEMITE PARK HEADQUARTERS CA US,20031113,-9999,-9999,0.1
GHCND:USC00049855,YOSEMITE PARK HEADQUARTERS CA US,20031114,-9999,-9999,0
GHCND:USC00049855,YOSEMITE PARK HEADQUARTERS CA US,20031115,-9999,-9999,0.02
GHCND:USC00049855,YOSEMITE PARK HEADQUARTERS CA US,20031116,-9999,-9999,0.27
GHCND:USC00049855,YOSEMITE PARK HEADQUARTERS CA US,20031117,-9999,-9999,0
GHCND:USC00049855,YOSEMITE PARK HEADQUARTERS CA US,20031118,-9999,-9999,0
GHCND:USC00049855,YOSEMITE PARK HEADQUARTERS CA US,20031119,-9999,-9999,0
GHCND:USC00049855,YOSEMITE PARK HEADQUARTERS CA US,20031120,-9999,-9999,0
GHCND:USC00049855,YOSEMITE PARK HEADQUARTERS CA US,20031121,-9999,-9999,0
GHCND:USC00049855,YOSEMITE PARK HEADQUARTERS CA US,20031122,-9999,-9999,0
GHCND:USC00049855,YOSEMITE PARK HEADQUARTERS CA US,20031123,-9999,-9999,0
GHCND:USC00049855,YOSEMITE PARK HEADQUARTERS CA US,20031124,-9999,-9999,0
GHCND:USC00049855,YOSEMITE PARK HEADQUARTERS CA US,20031125,-9999,-9999,0
GHCND:USC00049855,YOSEMITE PARK HEADQUARTERS CA US,20031126,-9999,-9999,0
GHCND:USC00049855,YOSEMITE PARK HEADQUARTERS CA US,20031127,-9999,-9999,0
GHCND:USC00049855,YOSEMITE PARK HEADQUARTERS CA US,20031128,-9999,-9999,0
GHCND:USC00049855,YOSEMITE PARK HEADQUARTERS CA US,20031129,-9999,-9999,0
GHCND:USC00049855,YOSEMITE PARK HEADQUARTERS CA US,20031130,-9999,-9999,0
GHCND:USC00049855,YOSEMITE PARK HEADQUARTERS CA US,20031201,-9999,-9999,0
GHCND:USC00049855,YOSEMITE PARK HEADQUARTERS CA US,20031202,-9999,-9999,0.05
GHCND:USC00049855,YOSEMITE PARK HEADQUARTERS CA US,20031203,-9999,-9999,0
GHCND:USC00049855,YOSEMITE PARK HEADQUARTERS CA US,20031204,-9999,-9999,0
GHCND:USC00049855,YOSEMITE PARK HEADQUARTERS CA US,20031205,-9999,-9999,0.42
GHCND:USC00049855,YOSEMITE PARK HEADQUARTERS CA US,20031206,-9999,-9999,0.7
GHCND:USC00049855,YOSEMITE PARK HEADQUARTERS CA US,20031207,-9999,-9999,1.28
GHCND:USC00049855,YOSEMITE PARK HEADQUARTERS CA US,20031208,-9999,-9999,0.05
GHCND:USC00049855,YOSEMITE PARK HEADQUARTERS CA US,20031209,-9999,-9999,0
GHCND:USC00049855,YOSEMITE PARK HEADQUARTERS CA US,20031210,-9999,-9999,0.74
GHCND:USC00049855,YOSEMITE PARK HEADQUARTERS CA US,20031211,-9999,-9999,0.51
GHCND:USC00049855,YOSEMITE PARK HEADQUARTERS CA US,20031212,-9999,-9999,0.18
GHCND:USC00049855,YOSEMITE PARK HEADQUARTERS CA US,20031213,-9999,-9999,0
GHCND:USC00049855,YOSEMITE PARK HEADQUARTERS CA US,20031214,-9999,-9999,0.28
GHCND:USC00049855,YOSEMITE PARK HEADQUARTERS CA US,20031215,-9999,-9999,0.37
GHCND:USC00049855,YOSEMITE PARK HEADQUARTERS CA US,20031216,-9999,-9999,0
GHCND:USC00049855,YOSEMITE PARK HEADQUARTERS CA US,20031217,-9999,-9999,0
GHCND:USC00049855,YOSEMITE PARK HEADQUARTERS CA US,20031218,-9999,-9999,0
GHCND:USC00049855,YOSEMITE PARK HEADQUARTERS CA US,20031219,-9999,-9999,0
GHCND:USC00049855,YOSEMITE PARK HEADQUARTERS CA US,20031220,-9999,-9999,0.33
GHCND:USC00049855,YOSEMITE PARK HEADQUARTERS CA US,20031221,-9999,-9999,0.29
GHCND:USC00049855,YOSEMITE PARK HEADQUARTERS CA US,20031222,-9999,-9999,0
GHCND:USC00049855,YOSEMITE PARK HEADQUARTERS CA US,20031223,-9999,-9999,0
GHCND:USC00049855,YOSEMITE PARK HEADQUARTERS CA US,20031224,-9999,-9999,0.52
GHCND:USC00049855,YOSEMITE PARK HEADQUARTERS CA US,20031225,-9999,-9999,0.84
GHCND:USC00049855,YOSEMITE PARK HEADQUARTERS CA US,20031226,-9999,-9999,2.16
GHCND:USC00049855,YOSEMITE PARK HEADQUARTERS CA US,20031227,-9999,-9999,0.06
GHCND:USC00049855,YOSEMITE PARK HEADQUARTERS CA US,20031228,-9999,-9999,0
GHCND:USC00049855,YOSEMITE PARK HEADQUARTERS CA US,20031229,-9999,-9999,0.14
GHCND:USC00049855,YOSEMITE PARK HEADQUARTERS CA US,20031230,-9999,-9999,1.2
GHCND:USC00049855,YOSEMITE PARK HEADQUARTERS CA US,20031231,-9999,-9999,0.03
GHCND:USC00049855,YOSEMITE PARK HEADQUARTERS CA US,20040101,-9999,-9999,0.84
GHCND:USC00049855,YOSEMITE PARK HEADQUARTERS CA US,20040102,-9999,-9999,0.96
GHCND:USC00049855,YOSEMITE PARK HEADQUARTERS CA US,20040103,-9999,-9999,0.54
GHCND:USC00049855,YOSEMITE PARK HEADQUARTERS CA US,20040104,-9999,-9999,0
GHCND:USC00049855,YOSEMITE PARK HEADQUARTERS CA US,20040105,-9999,-9999,0
GHCND:USC00049855,YOSEMITE PARK HEADQUARTERS CA US,20040106,-9999,-9999,0
GHCND:USC00049855,YOSEMITE PARK HEADQUARTERS CA US,20040107,-9999,-9999,0.18
GHCND:USC00049855,YOSEMITE PARK HEADQUARTERS CA US,20040108,-9999,-9999,0
GHCND:USC00049855,YOSEMITE PARK HEADQUARTERS CA US,20040109,-9999,-9999,0
GHCND:USC00049855,YOSEMITE PARK HEADQUARTERS CA US,20040110,-9999,-9999,0
GHCND:USC00049855,YOSEMITE PARK HEADQUARTERS CA US,20040111,-9999,-9999,0
GHCND:USC00049855,YOSEMITE PARK HEADQUARTERS CA US,20040112,-9999,-9999,0
GHCND:USC00049855,YOSEMITE PARK HEADQUARTERS CA US,20040113,-9999,-9999,0
GHCND:USC00049855,YOSEMITE PARK HEADQUARTERS CA US,20040114,-9999,-9999,0
GHCND:USC00049855,YOSEMITE PARK HEADQUARTERS CA US,20040115,-9999,-9999,0
GHCND:USC00049855,YOSEMITE PARK HEADQUARTERS CA US,20040116,-9999,-9999,0
GHCND:USC00049855,YOSEMITE PARK HEADQUARTERS CA US,20040117,-9999,-9999,0
GHCND:USC00049855,YOSEMITE PARK HEADQUARTERS CA US,20040118,-9999,-9999,0.01
GHCND:USC00049855,YOSEMITE PARK HEADQUARTERS CA US,20040119,-9999,-9999,0
GHCND:USC00049855,YOSEMITE PARK HEADQUARTERS CA US,20040121,-9999,-9999,0
GHCND:USC00049855,YOSEMITE PARK HEADQUARTERS CA US,20040122,-9999,-9999,0
GHCND:USC00049855,YOSEMITE PARK HEADQUARTERS CA US,20040123,-9999,-9999,0
GHCND:USC00049855,YOSEMITE PARK HEADQUARTERS CA US,20040124,-9999,-9999,0
GHCND:USC00049855,YOSEMITE PARK HEADQUARTERS CA US,20040125,-9999,-9999,0
GHCND:USC00049855,YOSEMITE PARK HEADQUARTERS CA US,20040126,-9999,-9999,0
GHCND:USC00049855,YOSEMITE PARK HEADQUARTERS CA US,20040127,-9999,-9999,0.11
GHCND:USC00049855,YOSEMITE PARK HEADQUARTERS CA US,20040128,-9999,-9999,0.3
GHCND:USC00049855,YOSEMITE PARK HEADQUARTERS CA US,20040129,-9999,-9999,0
GHCND:USC00049855,YOSEMITE PARK HEADQUARTERS CA US,20040130,-9999,-9999,0
GHCND:USC00049855,YOSEMITE PARK HEADQUARTERS CA US,20040131,-9999,-9999,0
GHCND:USC00049855,YOSEMITE PARK HEADQUARTERS CA US,20040201,-9999,-9999,0
GHCND:USC00049855,YOSEMITE PARK HEADQUARTERS CA US,20040202,-9999,-9999,0.01
GHCND:USC00049855,YOSEMITE PARK HEADQUARTERS CA US,20040203,-9999,-9999,1.73
GHCND:USC00049855,YOSEMITE PARK HEADQUARTERS CA US,20040204,-9999,-9999,0.12
GHCND:USC00049855,YOSEMITE PARK HEADQUARTERS CA US,20040205,-9999,-9999,0
GHCND:USC00049855,YOSEMITE PARK HEADQUARTERS CA US,20040206,-9999,-9999,0
GHCND:USC00049855,YOSEMITE PARK HEADQUARTERS CA US,20040207,-9999,-9999,0.09
GHCND:USC00049855,YOSEMITE PARK HEADQUARTERS CA US,20040208,-9999,-9999,0
GHCND:USC00049855,YOSEMITE PARK HEADQUARTERS CA US,20040209,-9999,-9999,0
GHCND:USC00049855,YOSEMITE PARK HEADQUARTERS CA US,20040210,-9999,-9999,0
GHCND:USC00049855,YOSEMITE PARK HEADQUARTERS CA US,20040211,-9999,-9999,0
GHCND:USC00049855,YOSEMITE PARK HEADQUARTERS CA US,20040212,-9999,-9999,0
GHCND:USC00049855,YOSEMITE PARK HEADQUARTERS CA US,20040214,-9999,-9999,0
GHCND:USC00049855,YOSEMITE PARK HEADQUARTERS CA US,20040215,-9999,-9999,0
GHCND:USC00049855,YOSEMITE PARK HEADQUARTERS CA US,20040216,-9999,-9999,0.13
GHCND:USC00049855,YOSEMITE PARK HEADQUARTERS CA US,20040217,-9999,-9999,0.94
GHCND:USC00049855,YOSEMITE PARK HEADQUARTERS CA US,20040218,-9999,-9999,0.58
GHCND:USC00049855,YOSEMITE PARK HEADQUARTERS CA US,20040219,-9999,-9999,0.52
GHCND:USC00049855,YOSEMITE PARK HEADQUARTERS CA US,20040220,-9999,-9999,0
GHCND:USC00049855,YOSEMITE PARK HEADQUARTERS CA US,20040221,-9999,-9999,0
GHCND:USC00049855,YOSEMITE PARK HEADQUARTERS CA US,20040222,-9999,-9999,0.01
GHCND:USC00049855,YOSEMITE PARK HEADQUARTERS CA US,20040223,-9999,-9999,0.36
GHCND:USC00049855,YOSEMITE PARK HEADQUARTERS CA US,20040224,-9999,-9999,0.11
GHCND:USC00049855,YOSEMITE PARK HEADQUARTERS CA US,20040225,-9999,-9999,0
GHCND:USC00049855,YOSEMITE PARK HEADQUARTERS CA US,20040226,-9999,-9999,2.87
GHCND:USC00049855,YOSEMITE PARK HEADQUARTERS CA US,20040227,-9999,-9999,0.99
GHCND:USC00049855,YOSEMITE PARK HEADQUARTERS CA US,20040228,-9999,-9999,0
GHCND:USC00049855,YOSEMITE PARK HEADQUARTERS CA US,20040229,-9999,-9999,0
GHCND:USC00049855,YOSEMITE PARK HEADQUARTERS CA US,20040401,-9999,-9999,0
GHCND:USC00049855,YOSEMITE PARK HEADQUARTERS CA US,20040402,-9999,-9999,0
GHCND:USC00049855,YOSEMITE PARK HEADQUARTERS CA US,20040403,-9999,-9999,0
GHCND:USC00049855,YOSEMITE PARK HEADQUARTERS CA US,20040404,-9999,-9999,0
GHCND:USC00049855,YOSEMITE PARK HEADQUARTERS CA US,20040405,-9999,-9999,0
GHCND:USC00049855,YOSEMITE PARK HEADQUARTERS CA US,20040406,-9999,-9999,0
GHCND:USC00049855,YOSEMITE PARK HEADQUARTERS CA US,20040407,-9999,-9999,0
GHCND:USC00049855,YOSEMITE PARK HEADQUARTERS CA US,20040408,-9999,-9999,0
GHCND:USC00049855,YOSEMITE PARK HEADQUARTERS CA US,20040409,-9999,-9999,0
GHCND:USC00049855,YOSEMITE PARK HEADQUARTERS CA US,20040410,-9999,-9999,0
GHCND:USC00049855,YOSEMITE PARK HEADQUARTERS CA US,20040411,-9999,-9999,0
GHCND:USC00049855,YOSEMITE PARK HEADQUARTERS CA US,20040412,-9999,-9999,0
GHCND:USC00049855,YOSEMITE PARK HEADQUARTERS CA US,20040413,-9999,-9999,0
GHCND:USC00049855,YOSEMITE PARK HEADQUARTERS CA US,20040414,-9999,-9999,0
GHCND:USC00049855,YOSEMITE PARK HEADQUARTERS CA US,20040415,-9999,-9999,0
GHCND:USC00049855,YOSEMITE PARK HEADQUARTERS CA US,20040416,-9999,-9999,0
GHCND:USC00049855,YOSEMITE PARK HEADQUARTERS CA US,20040417,-9999,-9999,0
GHCND:USC00049855,YOSEMITE PARK HEADQUARTERS CA US,20040418,-9999,-9999,0.3
GHCND:USC00049855,YOSEMITE PARK HEADQUARTERS CA US,20040419,-9999,-9999,0.15
GHCND:USC00049855,YOSEMITE PARK HEADQUARTERS CA US,20040420,-9999,-9999,0.09
GHCND:USC00049855,YOSEMITE PARK HEADQUARTERS CA US,20040421,-9999,-9999,0
GHCND:USC00049855,YOSEMITE PARK HEADQUARTERS CA US,20040422,-9999,-9999,0
GHCND:USC00049855,YOSEMITE PARK HEADQUARTERS CA US,20040423,-9999,-9999,0
GHCND:USC00049855,YOSEMITE PARK HEADQUARTERS CA US,20040424,-9999,-9999,0
GHCND:USC00049855,YOSEMITE PARK HEADQUARTERS CA US,20040425,-9999,-9999,0
GHCND:USC00049855,YOSEMITE PARK HEADQUARTERS CA US,20040426,-9999,-9999,0
GHCND:USC00049855,YOSEMITE PARK HEADQUARTERS CA US,20040427,-9999,-9999,0
GHCND:USC00049855,YOSEMITE PARK HEADQUARTERS CA US,20040428,-9999,-9999,0
GHCND:USC00049855,YOSEMITE PARK HEADQUARTERS CA US,20040429,-9999,-9999,0
GHCND:USC00049855,YOSEMITE PARK HEADQUARTERS CA US,20040430,-9999,-9999,0
GHCND:USC00049855,YOSEMITE PARK HEADQUARTERS CA US,20040501,-9999,-9999,0
GHCND:USC00049855,YOSEMITE PARK HEADQUARTERS CA US,20040502,-9999,-9999,0
GHCND:USC00049855,YOSEMITE PARK HEADQUARTERS CA US,20040503,-9999,-9999,0
GHCND:USC00049855,YOSEMITE PARK HEADQUARTERS CA US,20040504,-9999,-9999,0
GHCND:USC00049855,YOSEMITE PARK HEADQUARTERS CA US,20040505,-9999,-9999,0
GHCND:USC00049855,YOSEMITE PARK HEADQUARTERS CA US,20040506,-9999,-9999,0
GHCND:USC00049855,YOSEMITE PARK HEADQUARTERS CA US,20040507,-9999,-9999,0
GHCND:USC00049855,YOSEMITE PARK HEADQUARTERS CA US,20040508,-9999,-9999,0
GHCND:USC00049855,YOSEMITE PARK HEADQUARTERS CA US,20040509,-9999,-9999,0
GHCND:USC00049855,YOSEMITE PARK HEADQUARTERS CA US,20040510,-9999,-9999,0
GHCND:USC00049855,YOSEMITE PARK HEADQUARTERS CA US,20040511,-9999,-9999,0
GHCND:USC00049855,YOSEMITE PARK HEADQUARTERS CA US,20040512,-9999,-9999,0
GHCND:USC00049855,YOSEMITE PARK HEADQUARTERS CA US,20040513,-9999,-9999,0
GHCND:USC00049855,YOSEMITE PARK HEADQUARTERS CA US,20040514,-9999,-9999,0
GHCND:USC00049855,YOSEMITE PARK HEADQUARTERS CA US,20040515,-9999,-9999,0
GHCND:USC00049855,YOSEMITE PARK HEADQUARTERS CA US,20040516,-9999,-9999,0
GHCND:USC00049855,YOSEMITE PARK HEADQUARTERS CA US,20040517,-9999,-9999,0
GHCND:USC00049855,YOSEMITE PARK HEADQUARTERS CA US,20040518,-9999,-9999,0
GHCND:USC00049855,YOSEMITE PARK HEADQUARTERS CA US,20040519,-9999,-9999,0
GHCND:USC00049855,YOSEMITE PARK HEADQUARTERS CA US,20040520,-9999,-9999,0
GHCND:USC00049855,YOSEMITE PARK HEADQUARTERS CA US,20040521,-9999,-9999,0.02
GHCND:USC00049855,YOSEMITE PARK HEADQUARTERS CA US,20040522,-9999,-9999,0
GHCND:USC00049855,YOSEMITE PARK HEADQUARTERS CA US,20040523,-9999,-9999,0
GHCND:USC00049855,YOSEMITE PARK HEADQUARTERS CA US,20040524,-9999,-9999,0
GHCND:USC00049855,YOSEMITE PARK HEADQUARTERS CA US,20040525,-9999,-9999,0
GHCND:USC00049855,YOSEMITE PARK HEADQUARTERS CA US,20040526,-9999,-9999,0
GHCND:USC00049855,YOSEMITE PARK HEADQUARTERS CA US,20040527,-9999,-9999,0
GHCND:USC00049855,YOSEMITE PARK HEADQUARTERS CA US,20040528,-9999,-9999,0.69
GHCND:USC00049855,YOSEMITE PARK HEADQUARTERS CA US,20040529,-9999,-9999,0.34
GHCND:USC00049855,YOSEMITE PARK HEADQUARTERS CA US,20040530,-9999,-9999,0
GHCND:USC00049855,YOSEMITE PARK HEADQUARTERS CA US,20040531,-9999,-9999,0
GHCND:USC00049855,YOSEMITE PARK HEADQUARTERS CA US,20040601,-9999,-9999,0
GHCND:USC00049855,YOSEMITE PARK HEADQUARTERS CA US,20040602,-9999,-9999,0
GHCND:USC00049855,YOSEMITE PARK HEADQUARTERS CA US,20040603,-9999,-9999,0
GHCND:USC00049855,YOSEMITE PARK HEADQUARTERS CA US,20040604,-9999,-9999,0
GHCND:USC00049855,YOSEMITE PARK HEADQUARTERS CA US,20040605,-9999,-9999,0
GHCND:USC00049855,YOSEMITE PARK HEADQUARTERS CA US,20040606,-9999,-9999,0
GHCND:USC00049855,YOSEMITE PARK HEADQUARTERS CA US,20040607,-9999,-9999,0
GHCND:USC00049855,YOSEMITE PARK HEADQUARTERS CA US,20040608,-9999,-9999,0
GHCND:USC00049855,YOSEMITE PARK HEADQUARTERS CA US,20040609,-9999,-9999,0.02
GHCND:USC00049855,YOSEMITE PARK HEADQUARTERS CA US,20040610,-9999,-9999,0
GHCND:USC00049855,YOSEMITE PARK HEADQUARTERS CA US,20040611,-9999,-9999,0
GHCND:USC00049855,YOSEMITE PARK HEADQUARTERS CA US,20040612,-9999,-9999,0
GHCND:USC00049855,YOSEMITE PARK HEADQUARTERS CA US,20040613,-9999,-9999,0
GHCND:USC00049855,YOSEMITE PARK HEADQUARTERS CA US,20040614,-9999,-9999,0
GHCND:USC00049855,YOSEMITE PARK HEADQUARTERS CA US,20040615,-9999,-9999,0
GHCND:USC00049855,YOSEMITE PARK HEADQUARTERS CA US,20040616,-9999,-9999,0
GHCND:USC00049855,YOSEMITE PARK HEADQUARTERS CA US,20040617,-9999,-9999,0
GHCND:USC00049855,YOSEMITE PARK HEADQUARTERS CA US,20040618,-9999,-9999,0
GHCND:USC00049855,YOSEMITE PARK HEADQUARTERS CA US,20040619,-9999,-9999,0
GHCND:USC00049855,YOSEMITE PARK HEADQUARTERS CA US,20040620,-9999,-9999,0
GHCND:USC00049855,YOSEMITE PARK HEADQUARTERS CA US,20040621,-9999,-9999,0
GHCND:USC00049855,YOSEMITE PARK HEADQUARTERS CA US,20040622,-9999,-9999,0
GHCND:USC00049855,YOSEMITE PARK HEADQUARTERS CA US,20040623,-9999,-9999,0
GHCND:USC00049855,YOSEMITE PARK HEADQUARTERS CA US,20040624,-9999,-9999,0
GHCND:USC00049855,YOSEMITE PARK HEADQUARTERS CA US,20040625,-9999,-9999,0
GHCND:USC00049855,YOSEMITE PARK HEADQUARTERS CA US,20040626,-9999,-9999,0
GHCND:USC00049855,YOSEMITE PARK HEADQUARTERS CA US,20040627,-9999,-9999,0
GHCND:USC00049855,YOSEMITE PARK HEADQUARTERS CA US,20040628,-9999,-9999,0
GHCND:USC00049855,YOSEMITE PARK HEADQUARTERS CA US,20040629,-9999,-9999,0.05
GHCND:USC00049855,YOSEMITE PARK HEADQUARTERS CA US,20040630,-9999,-9999,0
GHCND:USC00049855,YOSEMITE PARK HEADQUARTERS CA US,20040801,-9999,-9999,0
GHCND:USC00049855,YOSEMITE PARK HEADQUARTERS CA US,20040802,-9999,-9999,0
GHCND:USC00049855,YOSEMITE PARK HEADQUARTERS CA US,20040803,-9999,-9999,0
GHCND:USC00049855,YOSEMITE PARK HEADQUARTERS CA US,20040804,-9999,-9999,0
GHCND:USC00049855,YOSEMITE PARK HEADQUARTERS CA US,20040805,-9999,-9999,0
GHCND:USC00049855,YOSEMITE PARK HEADQUARTERS CA US,20040806,-9999,-9999,0
GHCND:USC00049855,YOSEMITE PARK HEADQUARTERS CA US,20040807,-9999,-9999,0
GHCND:USC00049855,YOSEMITE PARK HEADQUARTERS CA US,20040808,-9999,-9999,0
GHCND:USC00049855,YOSEMITE PARK HEADQUARTERS CA US,20040809,-9999,-9999,0
GHCND:USC00049855,YOSEMITE PARK HEADQUARTERS CA US,20040810,-9999,-9999,0
GHCND:USC00049855,YOSEMITE PARK HEADQUARTERS CA US,20040811,-9999,-9999,0
GHCND:USC00049855,YOSEMITE PARK HEADQUARTERS CA US,20040812,-9999,-9999,0
GHCND:USC00049855,YOSEMITE PARK HEADQUARTERS CA US,20040813,-9999,-9999,0
GHCND:USC00049855,YOSEMITE PARK HEADQUARTERS CA US,20040814,-9999,-9999,0
GHCND:USC00049855,YOSEMITE PARK HEADQUARTERS CA US,20040815,-9999,-9999,0
GHCND:USC00049855,YOSEMITE PARK HEADQUARTERS CA US,20040816,-9999,-9999,0
GHCND:USC00049855,YOSEMITE PARK HEADQUARTERS CA US,20040817,-9999,-9999,0
GHCND:USC00049855,YOSEMITE PARK HEADQUARTERS CA US,20040818,-9999,-9999,0
GHCND:USC00049855,YOSEMITE PARK HEADQUARTERS CA US,20040819,-9999,-9999,0
GHCND:USC00049855,YOSEMITE PARK HEADQUARTERS CA US,20040820,-9999,-9999,0
GHCND:USC00049855,YOSEMITE PARK HEADQUARTERS CA US,20040821,-9999,-9999,0
GHCND:USC00049855,YOSEMITE PARK HEADQUARTERS CA US,20040822,-9999,-9999,0
GHCND:USC00049855,YOSEMITE PARK HEADQUARTERS CA US,20040823,-9999,-9999,0
GHCND:USC00049855,YOSEMITE PARK HEADQUARTERS CA US,20040824,-9999,-9999,0
GHCND:USC00049855,YOSEMITE PARK HEADQUARTERS CA US,20040825,-9999,-9999,0
GHCND:USC00049855,YOSEMITE PARK HEADQUARTERS CA US,20040826,-9999,-9999,0
GHCND:USC00049855,YOSEMITE PARK HEADQUARTERS CA US,20040827,-9999,-9999,0
GHCND:USC00049855,YOSEMITE PARK HEADQUARTERS CA US,20040828,-9999,-9999,0
GHCND:USC00049855,YOSEMITE PARK HEADQUARTERS CA US,20040829,-9999,-9999,0
GHCND:USC00049855,YOSEMITE PARK HEADQUARTERS CA US,20040830,-9999,-9999,0
GHCND:USC00049855,YOSEMITE PARK HEADQUARTERS CA US,20040831,-9999,-9999,0
GHCND:USC00049855,YOSEMITE PARK HEADQUARTERS CA US,20040901,-9999,-9999,0
GHCND:USC00049855,YOSEMITE PARK HEADQUARTERS CA US,20040902,-9999,-9999,0
GHCND:USC00049855,YOSEMITE PARK HEADQUARTERS CA US,20040903,-9999,-9999,0
GHCND:USC00049855,YOSEMITE PARK HEADQUARTERS CA US,20040904,-9999,-9999,0
GHCND:USC00049855,YOSEMITE PARK HEADQUARTERS CA US,20040905,-9999,-9999,0
GHCND:USC00049855,YOSEMITE PARK HEADQUARTERS CA US,20040906,-9999,-9999,0
GHCND:USC00049855,YOSEMITE PARK HEADQUARTERS CA US,20040907,-9999,-9999,0
GHCND:USC00049855,YOSEMITE PARK HEADQUARTERS CA US,20040908,-9999,-9999,0.2
GHCND:USC00049855,YOSEMITE PARK HEADQUARTERS CA US,20040909,-9999,-9999,0
GHCND:USC00049855,YOSEMITE PARK HEADQUARTERS CA US,20040910,-9999,-9999,0
GHCND:USC00049855,YOSEMITE PARK HEADQUARTERS CA US,20040911,-9999,-9999,0
GHCND:USC00049855,YOSEMITE PARK HEADQUARTERS CA US,20040912,-9999,-9999,0
GHCND:USC00049855,YOSEMITE PARK HEADQUARTERS CA US,20040913,-9999,-9999,0
GHCND:USC00049855,YOSEMITE PARK HEADQUARTERS CA US,20040914,-9999,-9999,0
GHCND:USC00049855,YOSEMITE PARK HEADQUARTERS CA US,20040915,-9999,-9999,0
GHCND:USC00049855,YOSEMITE PARK HEADQUARTERS CA US,20040916,-9999,-9999,0
GHCND:USC00049855,YOSEMITE PARK HEADQUARTERS CA US,20040917,-9999,-9999,0
GHCND:USC00049855,YOSEMITE PARK HEADQUARTERS CA US,20040918,-9999,-9999,0
GHCND:USC00049855,YOSEMITE PARK HEADQUARTERS CA US,20040919,-9999,-9999,0
GHCND:USC00049855,YOSEMITE PARK HEADQUARTERS CA US,20040920,-9999,-9999,0
GHCND:USC00049855,YOSEMITE PARK HEADQUARTERS CA US,20040921,-9999,-9999,0.05
GHCND:USC00049855,YOSEMITE PARK HEADQUARTERS CA US,20040922,-9999,-9999,0
GHCND:USC00049855,YOSEMITE PARK HEADQUARTERS CA US,20040923,-9999,-9999,0
GHCND:USC00049855,YOSEMITE PARK HEADQUARTERS CA US,20040924,-9999,-9999,0
GHCND:USC00049855,YOSEMITE PARK HEADQUARTERS CA US,20040925,-9999,-9999,0
GHCND:USC00049855,YOSEMITE PARK HEADQUARTERS CA US,20040926,-9999,-9999,0
GHCND:USC00049855,YOSEMITE PARK HEADQUARTERS CA US,20040927,-9999,-9999,0
GHCND:USC00049855,YOSEMITE PARK HEADQUARTERS CA US,20040928,-9999,-9999,0
GHCND:USC00049855,YOSEMITE PARK HEADQUARTERS CA US,20040929,-9999,-9999,0
GHCND:USC00049855,YOSEMITE PARK HEADQUARTERS CA US,20040930,-9999,-9999,0
GHCND:USC00049855,YOSEMITE PARK HEADQUARTERS CA US,20041001,-9999,-9999,0
GHCND:USC00049855,YOSEMITE PARK HEADQUARTERS CA US,20041002,-9999,-9999,0
GHCND:USC00049855,YOSEMITE PARK HEADQUARTERS CA US,20041003,-9999,-9999,0
GHCND:USC00049855,YOSEMITE PARK HEADQUARTERS CA US,20041004,-9999,-9999,0
GHCND:USC00049855,YOSEMITE PARK HEADQUARTERS CA US,20041005,-9999,-9999,0
GHCND:USC00049855,YOSEMITE PARK HEADQUARTERS CA US,20041006,-9999,-9999,0
GHCND:USC00049855,YOSEMITE PARK HEADQUARTERS CA US,20041007,-9999,-9999,0
GHCND:USC00049855,YOSEMITE PARK HEADQUARTERS CA US,20041008,-9999,-9999,0
GHCND:USC00049855,YOSEMITE PARK HEADQUARTERS CA US,20041009,-9999,-9999,0
GHCND:USC00049855,YOSEMITE PARK HEADQUARTERS CA US,20041010,-9999,-9999,0
GHCND:USC00049855,YOSEMITE PARK HEADQUARTERS CA US,20041011,-9999,-9999,0
GHCND:USC00049855,YOSEMITE PARK HEADQUARTERS CA US,20041012,-9999,-9999,0
GHCND:USC00049855,YOSEMITE PARK HEADQUARTERS CA US,20041013,-9999,-9999,0
GHCND:USC00049855,YOSEMITE PARK HEADQUARTERS CA US,20041014,-9999,-9999,0
GHCND:USC00049855,YOSEMITE PARK HEADQUARTERS CA US,20041015,-9999,-9999,0
GHCND:USC00049855,YOSEMITE PARK HEADQUARTERS CA US,20041017,0.2,2,-9999
GHCND:USC00049855,YOSEMITE PARK HEADQUARTERS CA US,20041018,-9999,-9999,1.36
GHCND:USC00049855,YOSEMITE PARK HEADQUARTERS CA US,20041019,-9999,-9999,0.52
GHCND:USC00049855,YOSEMITE PARK HEADQUARTERS CA US,20041020,-9999,-9999,2.63
GHCND:USC00049855,YOSEMITE PARK HEADQUARTERS CA US,20041021,-9999,-9999,0.81
GHCND:USC00049855,YOSEMITE PARK HEADQUARTERS CA US,20041024,0.5,3,-9999
GHCND:USC00049855,YOSEMITE PARK HEADQUARTERS CA US,20041026,0.15,2,-9999
GHCND:USC00049855,YOSEMITE PARK HEADQUARTERS CA US,20041027,-9999,-9999,0.5
GHCND:USC00049855,YOSEMITE PARK HEADQUARTERS CA US,20041028,-9999,-9999,0.02
GHCND:USC00049855,YOSEMITE PARK HEADQUARTERS CA US,20041029,-9999,-9999,0
GHCND:USC00049855,YOSEMITE PARK HEADQUARTERS CA US,20041030,-9999,-9999,0
GHCND:USC00049855,YOSEMITE PARK HEADQUARTERS CA US,20041031,-9999,-9999,0
GHCND:USC00049855,YOSEMITE PARK HEADQUARTERS CA US,20041101,-9999,-9999,0
GHCND:USC00049855,YOSEMITE PARK HEADQUARTERS CA US,20041102,-9999,-9999,0
GHCND:USC00049855,YOSEMITE PARK HEADQUARTERS CA US,20041103,-9999,-9999,0
GHCND:USC00049855,YOSEMITE PARK HEADQUARTERS CA US,20041104,-9999,-9999,0
GHCND:USC00049855,YOSEMITE PARK HEADQUARTERS CA US,20041105,-9999,-9999,0
GHCND:USC00049855,YOSEMITE PARK HEADQUARTERS CA US,20041106,-9999,-9999,0
GHCND:USC00049855,YOSEMITE PARK HEADQUARTERS CA US,20041107,-9999,-9999,0
GHCND:USC00049855,YOSEMITE PARK HEADQUARTERS CA US,20041108,-9999,-9999,0.04
GHCND:USC00049855,YOSEMITE PARK HEADQUARTERS CA US,20041109,-9999,-9999,0
GHCND:USC00049855,YOSEMITE PARK HEADQUARTERS CA US,20041110,-9999,-9999,0
GHCND:USC00049855,YOSEMITE PARK HEADQUARTERS CA US,20041111,-9999,-9999,0.21
GHCND:USC00049855,YOSEMITE PARK HEADQUARTERS CA US,20041112,-9999,-9999,0
GHCND:USC00049855,YOSEMITE PARK HEADQUARTERS CA US,20041113,-9999,-9999,0
GHCND:USC00049855,YOSEMITE PARK HEADQUARTERS CA US,20041114,-9999,-9999,0.01
GHCND:USC00049855,YOSEMITE PARK HEADQUARTERS CA US,20041115,-9999,-9999,0
GHCND:USC00049855,YOSEMITE PARK HEADQUARTERS CA US,20041116,-9999,-9999,0
GHCND:USC00049855,YOSEMITE PARK HEADQUARTERS CA US,20041117,-9999,-9999,0
GHCND:USC00049855,YOSEMITE PARK HEADQUARTERS CA US,20041118,-9999,-9999,0
GHCND:USC00049855,YOSEMITE PARK HEADQUARTERS CA US,20041119,-9999,-9999,0
GHCND:USC00049855,YOSEMITE PARK HEADQUARTERS CA US,20041120,-9999,-9999,0
GHCND:USC00049855,YOSEMITE PARK HEADQUARTERS CA US,20041121,-9999,-9999,0
GHCND:USC00049855,YOSEMITE PARK HEADQUARTERS CA US,20041122,-9999,-9999,0
GHCND:USC00049855,YOSEMITE PARK HEADQUARTERS CA US,20041123,-9999,-9999,0
GHCND:USC00049855,YOSEMITE PARK HEADQUARTERS CA US,20041124,-9999,-9999,0
GHCND:USC00049855,YOSEMITE PARK HEADQUARTERS CA US,20041127,0.52,3,-9999
GHCND:USC00049855,YOSEMITE PARK HEADQUARTERS CA US,20041128,-9999,-9999,0.86
GHCND:USC00049855,YOSEMITE PARK HEADQUARTERS CA US,20041129,-9999,-9999,0
GHCND:USC00049855,YOSEMITE PARK HEADQUARTERS CA US,20041130,-9999,-9999,0
GHCND:USC00049855,YOSEMITE PARK HEADQUARTERS CA US,20041201,-9999,-9999,0
GHCND:USC00049855,YOSEMITE PARK HEADQUARTERS CA US,20041202,-9999,-9999,0
GHCND:USC00049855,YOSEMITE PARK HEADQUARTERS CA US,20041203,-9999,-9999,0
GHCND:USC00049855,YOSEMITE PARK HEADQUARTERS CA US,20041204,-9999,-9999,0
GHCND:USC00049855,YOSEMITE PARK HEADQUARTERS CA US,20041205,-9999,-9999,0
GHCND:USC00049855,YOSEMITE PARK HEADQUARTERS CA US,20041206,-9999,-9999,0
GHCND:USC00049855,YOSEMITE PARK HEADQUARTERS CA US,20041207,-9999,-9999,1.4
GHCND:USC00049855,YOSEMITE PARK HEADQUARTERS CA US,20041208,-9999,-9999,0.4
GHCND:USC00049855,YOSEMITE PARK HEADQUARTERS CA US,20041209,-9999,-9999,0.51
GHCND:USC00049855,YOSEMITE PARK HEADQUARTERS CA US,20041210,-9999,-9999,0
GHCND:USC00049855,YOSEMITE PARK HEADQUARTERS CA US,20041211,-9999,-9999,0
GHCND:USC00049855,YOSEMITE PARK HEADQUARTERS CA US,20041212,-9999,-9999,0
GHCND:USC00049855,YOSEMITE PARK HEADQUARTERS CA US,20041213,-9999,-9999,0
GHCND:USC00049855,YOSEMITE PARK HEADQUARTERS CA US,20041214,-9999,-9999,0
GHCND:USC00049855,YOSEMITE PARK HEADQUARTERS CA US,20041215,-9999,-9999,0
GHCND:USC00049855,YOSEMITE PARK HEADQUARTERS CA US,20041216,-9999,-9999,0
GHCND:USC00049855,YOSEMITE PARK HEADQUARTERS CA US,20041217,-9999,-9999,0
GHCND:USC00049855,YOSEMITE PARK HEADQUARTERS CA US,20041218,-9999,-9999,0
GHCND:USC00049855,YOSEMITE PARK HEADQUARTERS CA US,20041219,-9999,-9999,0
GHCND:USC00049855,YOSEMITE PARK HEADQUARTERS CA US,20041220,-9999,-9999,0
GHCND:USC00049855,YOSEMITE PARK HEADQUARTERS CA US,20041221,-9999,-9999,0
GHCND:USC00049855,YOSEMITE PARK HEADQUARTERS CA US,20041222,-9999,-9999,0
GHCND:USC00049855,YOSEMITE PARK HEADQUARTERS CA US,20041223,-9999,-9999,0
GHCND:USC00049855,YOSEMITE PARK HEADQUARTERS CA US,20041224,-9999,-9999,0
GHCND:USC00049855,YOSEMITE PARK HEADQUARTERS CA US,20041225,-9999,-9999,0
GHCND:USC00049855,YOSEMITE PARK HEADQUARTERS CA US,20041226,-9999,-9999,0
GHCND:USC00049855,YOSEMITE PARK HEADQUARTERS CA US,20041227,-9999,-9999,0.02
GHCND:USC00049855,YOSEMITE PARK HEADQUARTERS CA US,20041228,-9999,-9999,0.58
GHCND:USC00049855,YOSEMITE PARK HEADQUARTERS CA US,20041229,-9999,-9999,0.52
GHCND:USC00049855,YOSEMITE PARK HEADQUARTERS CA US,20041230,-9999,-9999,0.91
GHCND:USC00049855,YOSEMITE PARK HEADQUARTERS CA US,20041231,-9999,-9999,0
GHCND:USC00049855,YOSEMITE PARK HEADQUARTERS CA US,20050101,-9999,-9999,0.92
GHCND:USC00049855,YOSEMITE PARK HEADQUARTERS CA US,20050102,-9999,-9999,0.01
GHCND:USC00049855,YOSEMITE PARK HEADQUARTERS CA US,20050103,-9999,-9999,0.07
GHCND:USC00049855,YOSEMITE PARK HEADQUARTERS CA US,20050104,-9999,-9999,0.26
GHCND:USC00049855,YOSEMITE PARK HEADQUARTERS CA US,20050105,-9999,-9999,0.09
GHCND:USC00049855,YOSEMITE PARK HEADQUARTERS CA US,20050106,-9999,-9999,0.01
GHCND:USC00049855,YOSEMITE PARK HEADQUARTERS CA US,20050107,-9999,-9999,0.29
GHCND:USC00049855,YOSEMITE PARK HEADQUARTERS CA US,20050108,-9999,-9999,2.09
GHCND:USC00049855,YOSEMITE PARK HEADQUARTERS CA US,20050109,-9999,-9999,1.4
GHCND:USC00049855,YOSEMITE PARK HEADQUARTERS CA US,20050110,-9999,-9999,1.5
GHCND:USC00049855,YOSEMITE PARK HEADQUARTERS CA US,20050111,-9999,-9999,1.18
GHCND:USC00049855,YOSEMITE PARK HEADQUARTERS CA US,20050112,-9999,-9999,0.34
GHCND:USC00049855,YOSEMITE PARK HEADQUARTERS CA US,20050113,-9999,-9999,0
GHCND:USC00049855,YOSEMITE PARK HEADQUARTERS CA US,20050114,-9999,-9999,0
GHCND:USC00049855,YOSEMITE PARK HEADQUARTERS CA US,20050115,-9999,-9999,0
GHCND:USC00049855,YOSEMITE PARK HEADQUARTERS CA US,20050116,-9999,-9999,0
GHCND:USC00049855,YOSEMITE PARK HEADQUARTERS CA US,20050117,-9999,-9999,0
GHCND:USC00049855,YOSEMITE PARK HEADQUARTERS CA US,20050118,-9999,-9999,0
GHCND:USC00049855,YOSEMITE PARK HEADQUARTERS CA US,20050119,-9999,-9999,0
GHCND:USC00049855,YOSEMITE PARK HEADQUARTERS CA US,20050120,-9999,-9999,0
GHCND:USC00049855,YOSEMITE PARK HEADQUARTERS CA US,20050121,-9999,-9999,0
GHCND:USC00049855,YOSEMITE PARK HEADQUARTERS CA US,20050122,-9999,-9999,0
GHCND:USC00049855,YOSEMITE PARK HEADQUARTERS CA US,20050123,-9999,-9999,0
GHCND:USC00049855,YOSEMITE PARK HEADQUARTERS CA US,20050124,-9999,-9999,0
GHCND:USC00049855,YOSEMITE PARK HEADQUARTERS CA US,20050125,-9999,-9999,0.68
GHCND:USC00049855,YOSEMITE PARK HEADQUARTERS CA US,20050126,-9999,-9999,0.68
GHCND:USC00049855,YOSEMITE PARK HEADQUARTERS CA US,20050127,-9999,-9999,0.75
GHCND:USC00049855,YOSEMITE PARK HEADQUARTERS CA US,20050128,-9999,-9999,0.41
GHCND:USC00049855,YOSEMITE PARK HEADQUARTERS CA US,20050129,-9999,-9999,0.32
GHCND:USC00049855,YOSEMITE PARK HEADQUARTERS CA US,20050130,-9999,-9999,0
GHCND:USC00049855,YOSEMITE PARK HEADQUARTERS CA US,20050131,-9999,-9999,0
GHCND:USC00049855,YOSEMITE PARK HEADQUARTERS CA US,20050201,-9999,-9999,0
GHCND:USC00049855,YOSEMITE PARK HEADQUARTERS CA US,20050202,-9999,-9999,0
GHCND:USC00049855,YOSEMITE PARK HEADQUARTERS CA US,20050203,-9999,-9999,0
GHCND:USC00049855,YOSEMITE PARK HEADQUARTERS CA US,20050204,-9999,-9999,0
GHCND:USC00049855,YOSEMITE PARK HEADQUARTERS CA US,20050205,-9999,-9999,0
GHCND:USC00049855,YOSEMITE PARK HEADQUARTERS CA US,20050206,-9999,-9999,0
GHCND:USC00049855,YOSEMITE PARK HEADQUARTERS CA US,20050207,-9999,-9999,0
GHCND:USC00049855,YOSEMITE PARK HEADQUARTERS CA US,20050208,-9999,-9999,0.02
GHCND:USC00049855,YOSEMITE PARK HEADQUARTERS CA US,20050209,-9999,-9999,0
GHCND:USC00049855,YOSEMITE PARK HEADQUARTERS CA US,20050210,-9999,-9999,0
GHCND:USC00049855,YOSEMITE PARK HEADQUARTERS CA US,20050211,-9999,-9999,0
GHCND:USC00049855,YOSEMITE PARK HEADQUARTERS CA US,20050212,-9999,-9999,0.42
GHCND:USC00049855,YOSEMITE PARK HEADQUARTERS CA US,20050213,-9999,-9999,0
GHCND:USC00049855,YOSEMITE PARK HEADQUARTERS CA US,20050214,-9999,-9999,0
GHCND:USC00049855,YOSEMITE PARK HEADQUARTERS CA US,20050215,-9999,-9999,0.04
GHCND:USC00049855,YOSEMITE PARK HEADQUARTERS CA US,20050216,-9999,-9999,2.25
GHCND:USC00049855,YOSEMITE PARK HEADQUARTERS CA US,20050217,-9999,-9999,0.23
GHCND:USC00049855,YOSEMITE PARK HEADQUARTERS CA US,20050218,-9999,-9999,0.17
GHCND:USC00049855,YOSEMITE PARK HEADQUARTERS CA US,20050219,-9999,-9999,0.3
GHCND:USC00049855,YOSEMITE PARK HEADQUARTERS CA US,20050220,-9999,-9999,0.83
GHCND:USC00049855,YOSEMITE PARK HEADQUARTERS CA US,20050221,-9999,-9999,0.06
GHCND:USC00049855,YOSEMITE PARK HEADQUARTERS CA US,20050222,-9999,-9999,0.8
GHCND:USC00049855,YOSEMITE PARK HEADQUARTERS CA US,20050223,-9999,-9999,0
GHCND:USC00049855,YOSEMITE PARK HEADQUARTERS CA US,20050224,-9999,-9999,0
GHCND:USC00049855,YOSEMITE PARK HEADQUARTERS CA US,20050225,-9999,-9999,0
GHCND:USC00049855,YOSEMITE PARK HEADQUARTERS CA US,20050226,-9999,-9999,0
GHCND:USC00049855,YOSEMITE PARK HEADQUARTERS CA US,20050227,-9999,-9999,0
GHCND:USC00049855,YOSEMITE PARK HEADQUARTERS CA US,20050228,-9999,-9999,0.95
GHCND:USC00049855,YOSEMITE PARK HEADQUARTERS CA US,20050301,-9999,-9999,0
GHCND:USC00049855,YOSEMITE PARK HEADQUARTERS CA US,20050302,-9999,-9999,0.22
GHCND:USC00049855,YOSEMITE PARK HEADQUARTERS CA US,20050303,-9999,-9999,0.01
GHCND:USC00049855,YOSEMITE PARK HEADQUARTERS CA US,20050304,-9999,-9999,0
GHCND:USC00049855,YOSEMITE PARK HEADQUARTERS CA US,20050305,-9999,-9999,0.02
GHCND:USC00049855,YOSEMITE PARK HEADQUARTERS CA US,20050306,-9999,-9999,0
GHCND:USC00049855,YOSEMITE PARK HEADQUARTERS CA US,20050307,-9999,-9999,0
GHCND:USC00049855,YOSEMITE PARK HEADQUARTERS CA US,20050308,-9999,-9999,0
GHCND:USC00049855,YOSEMITE PARK HEADQUARTERS CA US,20050309,-9999,-9999,0
GHCND:USC00049855,YOSEMITE PARK HEADQUARTERS CA US,20050310,-9999,-9999,0
GHCND:USC00049855,YOSEMITE PARK HEADQUARTERS CA US,20050311,-9999,-9999,0
GHCND:USC00049855,YOSEMITE PARK HEADQUARTERS CA US,20050312,-9999,-9999,0
GHCND:USC00049855,YOSEMITE PARK HEADQUARTERS CA US,20050313,-9999,-9999,0
GHCND:USC00049855,YOSEMITE PARK HEADQUARTERS CA US,20050314,-9999,-9999,0.01
GHCND:USC00049855,YOSEMITE PARK HEADQUARTERS CA US,20050315,-9999,-9999,0
GHCND:USC00049855,YOSEMITE PARK HEADQUARTERS CA US,20050316,-9999,-9999,0
GHCND:USC00049855,YOSEMITE PARK HEADQUARTERS CA US,20050317,-9999,-9999,0
GHCND:USC00049855,YOSEMITE PARK HEADQUARTERS CA US,20050318,-9999,-9999,0
GHCND:USC00049855,YOSEMITE PARK HEADQUARTERS CA US,20050319,-9999,-9999,0.49
GHCND:USC00049855,YOSEMITE PARK HEADQUARTERS CA US,20050320,-9999,-9999,1.49
GHCND:USC00049855,YOSEMITE PARK HEADQUARTERS CA US,20050321,-9999,-9999,0.98
GHCND:USC00049855,YOSEMITE PARK HEADQUARTERS CA US,20050322,-9999,-9999,1.33
GHCND:USC00049855,YOSEMITE PARK HEADQUARTERS CA US,20050328,0.68,-9999,-9999
GHCND:USC00049855,YOSEMITE PARK HEADQUARTERS CA US,20050329,-9999,-9999,0.1
GHCND:USC00049855,YOSEMITE PARK HEADQUARTERS CA US,20050330,-9999,-9999,0.24
GHCND:USC00049855,YOSEMITE PARK HEADQUARTERS CA US,20050331,-9999,-9999,0
GHCND:USC00049855,YOSEMITE PARK HEADQUARTERS CA US,20050601,-9999,-9999,0
GHCND:USC00049855,YOSEMITE PARK HEADQUARTERS CA US,20050602,-9999,-9999,0
GHCND:USC00049855,YOSEMITE PARK HEADQUARTERS CA US,20050603,-9999,-9999,0
GHCND:USC00049855,YOSEMITE PARK HEADQUARTERS CA US,20050604,-9999,-9999,0
GHCND:USC00049855,YOSEMITE PARK HEADQUARTERS CA US,20050605,-9999,-9999,0
GHCND:USC00049855,YOSEMITE PARK HEADQUARTERS CA US,20050606,-9999,-9999,0
GHCND:USC00049855,YOSEMITE PARK HEADQUARTERS CA US,20050607,-9999,-9999,0
GHCND:USC00049855,YOSEMITE PARK HEADQUARTERS CA US,20050608,-9999,-9999,0
GHCND:USC00049855,YOSEMITE PARK HEADQUARTERS CA US,20050609,-9999,-9999,0.01
GHCND:USC00049855,YOSEMITE PARK HEADQUARTERS CA US,20050610,-9999,-9999,0.01
GHCND:USC00049855,YOSEMITE PARK HEADQUARTERS CA US,20050611,-9999,-9999,0
GHCND:USC00049855,YOSEMITE PARK HEADQUARTERS CA US,20050612,-9999,-9999,0
GHCND:USC00049855,YOSEMITE PARK HEADQUARTERS CA US,20050613,-9999,-9999,0
GHCND:USC00049855,YOSEMITE PARK HEADQUARTERS CA US,20050614,-9999,-9999,0
GHCND:USC00049855,YOSEMITE PARK HEADQUARTERS CA US,20050615,-9999,-9999,0
GHCND:USC00049855,YOSEMITE PARK HEADQUARTERS CA US,20050617,0.13,-9999,-9999
GHCND:USC00049855,YOSEMITE PARK HEADQUARTERS CA US,20050618,-9999,-9999,0.02
GHCND:USC00049855,YOSEMITE PARK HEADQUARTERS CA US,20050619,-9999,-9999,0
GHCND:USC00049855,YOSEMITE PARK HEADQUARTERS CA US,20050620,-9999,-9999,0
GHCND:USC00049855,YOSEMITE PARK HEADQUARTERS CA US,20050621,-9999,-9999,0
GHCND:USC00049855,YOSEMITE PARK HEADQUARTERS CA US,20050622,-9999,-9999,0
GHCND:USC00049855,YOSEMITE PARK HEADQUARTERS CA US,20050623,-9999,-9999,0
GHCND:USC00049855,YOSEMITE PARK HEADQUARTERS CA US,20050624,-9999,-9999,0
GHCND:USC00049855,YOSEMITE PARK HEADQUARTERS CA US,20050625,-9999,-9999,0
GHCND:USC00049855,YOSEMITE PARK HEADQUARTERS CA US,20050626,-9999,-9999,0
GHCND:USC00049855,YOSEMITE PARK HEADQUARTERS CA US,20050627,-9999,-9999,0
GHCND:USC00049855,YOSEMITE PARK HEADQUARTERS CA US,20050628,-9999,-9999,0
GHCND:USC00049855,YOSEMITE PARK HEADQUARTERS CA US,20050629,-9999,-9999,0
GHCND:USC00049855,YOSEMITE PARK HEADQUARTERS CA US,20050630,-9999,-9999,0
GHCND:USC00049855,YOSEMITE PARK HEADQUARTERS CA US,20050701,-9999,-9999,0
GHCND:USC00049855,YOSEMITE PARK HEADQUARTERS CA US,20050702,-9999,-9999,0
GHCND:USC00049855,YOSEMITE PARK HEADQUARTERS CA US,20050703,-9999,-9999,0
GHCND:USC00049855,YOSEMITE PARK HEADQUARTERS CA US,20050704,-9999,-9999,0
GHCND:USC00049855,YOSEMITE PARK HEADQUARTERS CA US,20050705,-9999,-9999,0
GHCND:USC00049855,YOSEMITE PARK HEADQUARTERS CA US,20050706,-9999,-9999,0
GHCND:USC00049855,YOSEMITE PARK HEADQUARTERS CA US,20050707,-9999,-9999,0
GHCND:USC00049855,YOSEMITE PARK HEADQUARTERS CA US,20050708,-9999,-9999,0
GHCND:USC00049855,YOSEMITE PARK HEADQUARTERS CA US,20050709,-9999,-9999,0
GHCND:USC00049855,YOSEMITE PARK HEADQUARTERS CA US,20050710,-9999,-9999,0
GHCND:USC00049855,YOSEMITE PARK HEADQUARTERS CA US,20050711,-9999,-9999,0
GHCND:USC00049855,YOSEMITE PARK HEADQUARTERS CA US,20050712,-9999,-9999,0
GHCND:USC00049855,YOSEMITE PARK HEADQUARTERS CA US,20050713,-9999,-9999,0
GHCND:USC00049855,YOSEMITE PARK HEADQUARTERS CA US,20050714,-9999,-9999,0
GHCND:USC00049855,YOSEMITE PARK HEADQUARTERS CA US,20050715,-9999,-9999,0
GHCND:USC00049855,YOSEMITE PARK HEADQUARTERS CA US,20050716,-9999,-9999,0
GHCND:USC00049855,YOSEMITE PARK HEADQUARTERS CA US,20050717,-9999,-9999,0
GHCND:USC00049855,YOSEMITE PARK HEADQUARTERS CA US,20050718,-9999,-9999,0
GHCND:USC00049855,YOSEMITE PARK HEADQUARTERS CA US,20050719,-9999,-9999,0
GHCND:USC00049855,YOSEMITE PARK HEADQUARTERS CA US,20050720,-9999,-9999,0
GHCND:USC00049855,YOSEMITE PARK HEADQUARTERS CA US,20050721,-9999,-9999,0
GHCND:USC00049855,YOSEMITE PARK HEADQUARTERS CA US,20050722,-9999,-9999,0
GHCND:USC00049855,YOSEMITE PARK HEADQUARTERS CA US,20050723,-9999,-9999,0
GHCND:USC00049855,YOSEMITE PARK HEADQUARTERS CA US,20050724,-9999,-9999,0
GHCND:USC00049855,YOSEMITE PARK HEADQUARTERS CA US,20050725,-9999,-9999,0
GHCND:USC00049855,YOSEMITE PARK HEADQUARTERS CA US,20050726,-9999,-9999,0
GHCND:USC00049855,YOSEMITE PARK HEADQUARTERS CA US,20050727,-9999,-9999,0
GHCND:USC00049855,YOSEMITE PARK HEADQUARTERS CA US,20050728,-9999,-9999,0
GHCND:USC00049855,YOSEMITE PARK HEADQUARTERS CA US,20050729,-9999,-9999,0
GHCND:USC00049855,YOSEMITE PARK HEADQUARTERS CA US,20050730,-9999,-9999,0
GHCND:USC00049855,YOSEMITE PARK HEADQUARTERS CA US,20050731,-9999,-9999,0
GHCND:USC00049855,YOSEMITE PARK HEADQUARTERS CA US,20050801,-9999,-9999,0
GHCND:USC00049855,YOSEMITE PARK HEADQUARTERS CA US,20050802,-9999,-9999,0
GHCND:USC00049855,YOSEMITE PARK HEADQUARTERS CA US,20050803,-9999,-9999,0
GHCND:USC00049855,YOSEMITE PARK HEADQUARTERS CA US,20050804,-9999,-9999,0
GHCND:USC00049855,YOSEMITE PARK HEADQUARTERS CA US,20050805,-9999,-9999,0
GHCND:USC00049855,YOSEMITE PARK HEADQUARTERS CA US,20050806,-9999,-9999,0
GHCND:USC00049855,YOSEMITE PARK HEADQUARTERS CA US,20050807,-9999,-9999,0
GHCND:USC00049855,YOSEMITE PARK HEADQUARTERS CA US,20050808,-9999,-9999,0
GHCND:USC00049855,YOSEMITE PARK HEADQUARTERS CA US,20050809,-9999,-9999,0
GHCND:USC00049855,YOSEMITE PARK HEADQUARTERS CA US,20050810,-9999,-9999,0
GHCND:USC00049855,YOSEMITE PARK HEADQUARTERS CA US,20050811,-9999,-9999,0
GHCND:USC00049855,YOSEMITE PARK HEADQUARTERS CA US,20050812,-9999,-9999,0
GHCND:USC00049855,YOSEMITE PARK HEADQUARTERS CA US,20050813,-9999,-9999,0
GHCND:USC00049855,YOSEMITE PARK HEADQUARTERS CA US,20050814,-9999,-9999,0
GHCND:USC00049855,YOSEMITE PARK HEADQUARTERS CA US,20050815,-9999,-9999,0
GHCND:USC00049855,YOSEMITE PARK HEADQUARTERS CA US,20050816,-9999,-9999,0.31
GHCND:USC00049855,YOSEMITE PARK HEADQUARTERS CA US,20050817,-9999,-9999,0
GHCND:USC00049855,YOSEMITE PARK HEADQUARTERS CA US,20050818,-9999,-9999,0
GHCND:USC00049855,YOSEMITE PARK HEADQUARTERS CA US,20050819,-9999,-9999,0
GHCND:USC00049855,YOSEMITE PARK HEADQUARTERS CA US,20050820,-9999,-9999,0
GHCND:USC00049855,YOSEMITE PARK HEADQUARTERS CA US,20050821,-9999,-9999,0
GHCND:USC00049855,YOSEMITE PARK HEADQUARTERS CA US,20050822,-9999,-9999,0
GHCND:USC00049855,YOSEMITE PARK HEADQUARTERS CA US,20050823,-9999,-9999,0
GHCND:USC00049855,YOSEMITE PARK HEADQUARTERS CA US,20050824,-9999,-9999,0
GHCND:USC00049855,YOSEMITE PARK HEADQUARTERS CA US,20050825,-9999,-9999,0
GHCND:USC00049855,YOSEMITE PARK HEADQUARTERS CA US,20050826,-9999,-9999,0
GHCND:USC00049855,YOSEMITE PARK HEADQUARTERS CA US,20050827,-9999,-9999,0
GHCND:USC00049855,YOSEMITE PARK HEADQUARTERS CA US,20050828,-9999,-9999,0
GHCND:USC00049855,YOSEMITE PARK HEADQUARTERS CA US,20050829,-9999,-9999,0
GHCND:USC00049855,YOSEMITE PARK HEADQUARTERS CA US,20050830,-9999,-9999,0
GHCND:USC00049855,YOSEMITE PARK HEADQUARTERS CA US,20050831,-9999,-9999,0
GHCND:USC00049855,YOSEMITE PARK HEADQUARTERS CA US,20050901,-9999,-9999,0
GHCND:USC00049855,YOSEMITE PARK HEADQUARTERS CA US,20050902,-9999,-9999,0
GHCND:USC00049855,YOSEMITE PARK HEADQUARTERS CA US,20050903,-9999,-9999,0
GHCND:USC00049855,YOSEMITE PARK HEADQUARTERS CA US,20050904,-9999,-9999,0
GHCND:USC00049855,YOSEMITE PARK HEADQUARTERS CA US,20050905,-9999,-9999,0
GHCND:USC00049855,YOSEMITE PARK HEADQUARTERS CA US,20050906,-9999,-9999,0
GHCND:USC00049855,YOSEMITE PARK HEADQUARTERS CA US,20050907,-9999,-9999,0
GHCND:USC00049855,YOSEMITE PARK HEADQUARTERS CA US,20050908,-9999,-9999,0
GHCND:USC00049855,YOSEMITE PARK HEADQUARTERS CA US,20050909,-9999,-9999,0
GHCND:USC00049855,YOSEMITE PARK HEADQUARTERS CA US,20050910,-9999,-9999,0
GHCND:USC00049855,YOSEMITE PARK HEADQUARTERS CA US,20050911,-9999,-9999,0
GHCND:USC00049855,YOSEMITE PARK HEADQUARTERS CA US,20050912,-9999,-9999,0
GHCND:USC00049855,YOSEMITE PARK HEADQUARTERS CA US,20050913,-9999,-9999,0
GHCND:USC00049855,YOSEMITE PARK HEADQUARTERS CA US,20050914,-9999,-9999,0
GHCND:USC00049855,YOSEMITE PARK HEADQUARTERS CA US,20050915,-9999,-9999,0
GHCND:USC00049855,YOSEMITE PARK HEADQUARTERS CA US,20050916,-9999,-9999,0
GHCND:USC00049855,YOSEMITE PARK HEADQUARTERS CA US,20050917,-9999,-9999,0
GHCND:USC00049855,YOSEMITE PARK HEADQUARTERS CA US,20050918,-9999,-9999,0
GHCND:USC00049855,YOSEMITE PARK HEADQUARTERS CA US,20050919,-9999,-9999,0
GHCND:USC00049855,YOSEMITE PARK HEADQUARTERS CA US,20050920,-9999,-9999,0
GHCND:USC00049855,YOSEMITE PARK HEADQUARTERS CA US,20050921,-9999,-9999,0.29
GHCND:USC00049855,YOSEMITE PARK HEADQUARTERS CA US,20050922,-9999,-9999,0
GHCND:USC00049855,YOSEMITE PARK HEADQUARTERS CA US,20050923,-9999,-9999,0
GHCND:USC00049855,YOSEMITE PARK HEADQUARTERS CA US,20050924,-9999,-9999,0
GHCND:USC00049855,YOSEMITE PARK HEADQUARTERS CA US,20050925,-9999,-9999,0
GHCND:USC00049855,YOSEMITE PARK HEADQUARTERS CA US,20050926,-9999,-9999,0
GHCND:USC00049855,YOSEMITE PARK HEADQUARTERS CA US,20050927,-9999,-9999,0.31
GHCND:USC00049855,YOSEMITE PARK HEADQUARTERS CA US,20050928,-9999,-9999,0
GHCND:USC00049855,YOSEMITE PARK HEADQUARTERS CA US,20050929,-9999,-9999,0
GHCND:USC00049855,YOSEMITE PARK HEADQUARTERS CA US,20050930,-9999,-9999,0
GHCND:USC00049855,YOSEMITE PARK HEADQUARTERS CA US,20051001,-9999,-9999,0
GHCND:USC00049855,YOSEMITE PARK HEADQUARTERS CA US,20051002,-9999,-9999,0
GHCND:USC00049855,YOSEMITE PARK HEADQUARTERS CA US,20051003,-9999,-9999,0
GHCND:USC00049855,YOSEMITE PARK HEADQUARTERS CA US,20051004,-9999,-9999,0
GHCND:USC00049855,YOSEMITE PARK HEADQUARTERS CA US,20051005,-9999,-9999,0
GHCND:USC00049855,YOSEMITE PARK HEADQUARTERS CA US,20051006,-9999,-9999,0
GHCND:USC00049855,YOSEMITE PARK HEADQUARTERS CA US,20051007,-9999,-9999,0
GHCND:USC00049855,YOSEMITE PARK HEADQUARTERS CA US,20051008,-9999,-9999,0
GHCND:USC00049855,YOSEMITE PARK HEADQUARTERS CA US,20051009,-9999,-9999,0
GHCND:USC00049855,YOSEMITE PARK HEADQUARTERS CA US,20051010,-9999,-9999,0
GHCND:USC00049855,YOSEMITE PARK HEADQUARTERS CA US,20051011,-9999,-9999,0
GHCND:USC00049855,YOSEMITE PARK HEADQUARTERS CA US,20051012,-9999,-9999,0
GHCND:USC00049855,YOSEMITE PARK HEADQUARTERS CA US,20051013,-9999,-9999,0
GHCND:USC00049855,YOSEMITE PARK HEADQUARTERS CA US,20051014,-9999,-9999,0
GHCND:USC00049855,YOSEMITE PARK HEADQUARTERS CA US,20051015,-9999,-9999,0
GHCND:USC00049855,YOSEMITE PARK HEADQUARTERS CA US,20051016,-9999,-9999,0
GHCND:USC00049855,YOSEMITE PARK HEADQUARTERS CA US,20051017,-9999,-9999,0
GHCND:USC00049855,YOSEMITE PARK HEADQUARTERS CA US,20051018,-9999,-9999,0
GHCND:USC00049855,YOSEMITE PARK HEADQUARTERS CA US,20051019,-9999,-9999,0
GHCND:USC00049855,YOSEMITE PARK HEADQUARTERS CA US,20051020,-9999,-9999,0
GHCND:USC00049855,YOSEMITE PARK HEADQUARTERS CA US,20051021,-9999,-9999,0
GHCND:USC00049855,YOSEMITE PARK HEADQUARTERS CA US,20051022,-9999,-9999,0
GHCND:USC00049855,YOSEMITE PARK HEADQUARTERS CA US,20051023,-9999,-9999,0
GHCND:USC00049855,YOSEMITE PARK HEADQUARTERS CA US,20051024,-9999,-9999,0
GHCND:USC00049855,YOSEMITE PARK HEADQUARTERS CA US,20051025,-9999,-9999,0.34
GHCND:USC00049855,YOSEMITE PARK HEADQUARTERS CA US,20051026,-9999,-9999,0.01
GHCND:USC00049855,YOSEMITE PARK HEADQUARTERS CA US,20051027,-9999,-9999,0.2
GHCND:USC00049855,YOSEMITE PARK HEADQUARTERS CA US,20051028,-9999,-9999,0.22
GHCND:USC00049855,YOSEMITE PARK HEADQUARTERS CA US,20051029,-9999,-9999,0
GHCND:USC00049855,YOSEMITE PARK HEADQUARTERS CA US,20051030,-9999,-9999,0
GHCND:USC00049855,YOSEMITE PARK HEADQUARTERS CA US,20051031,-9999,-9999,0
GHCND:USC00049855,YOSEMITE PARK HEADQUARTERS CA US,20051101,-9999,-9999,0
GHCND:USC00049855,YOSEMITE PARK HEADQUARTERS CA US,20051102,-9999,-9999,0
GHCND:USC00049855,YOSEMITE PARK HEADQUARTERS CA US,20051103,-9999,-9999,0
GHCND:USC00049855,YOSEMITE PARK HEADQUARTERS CA US,20051104,-9999,-9999,0
GHCND:USC00049855,YOSEMITE PARK HEADQUARTERS CA US,20051105,-9999,-9999,0
GHCND:USC00049855,YOSEMITE PARK HEADQUARTERS CA US,20051106,-9999,-9999,0
GHCND:USC00049855,YOSEMITE PARK HEADQUARTERS CA US,20051107,-9999,-9999,0
GHCND:USC00049855,YOSEMITE PARK HEADQUARTERS CA US,20051108,-9999,-9999,0
GHCND:USC00049855,YOSEMITE PARK HEADQUARTERS CA US,20051109,-9999,-9999,0
GHCND:USC00049855,YOSEMITE PARK HEADQUARTERS CA US,20051110,-9999,-9999,0
GHCND:USC00049855,YOSEMITE PARK HEADQUARTERS CA US,20051111,-9999,-9999,0
GHCND:USC00049855,YOSEMITE PARK HEADQUARTERS CA US,20051112,-9999,-9999,0
GHCND:USC00049855,YOSEMITE PARK HEADQUARTERS CA US,20051113,-9999,-9999,0
GHCND:USC00049855,YOSEMITE PARK HEADQUARTERS CA US,20051114,-9999,-9999,0
GHCND:USC00049855,YOSEMITE PARK HEADQUARTERS CA US,20051115,-9999,-9999,0
GHCND:USC00049855,YOSEMITE PARK HEADQUARTERS CA US,20051116,-9999,-9999,0
GHCND:USC00049855,YOSEMITE PARK HEADQUARTERS CA US,20051117,-9999,-9999,0
GHCND:USC00049855,YOSEMITE PARK HEADQUARTERS CA US,20051118,-9999,-9999,0
GHCND:USC00049855,YOSEMITE PARK HEADQUARTERS CA US,20051119,-9999,-9999,0
GHCND:USC00049855,YOSEMITE PARK HEADQUARTERS CA US,20051120,-9999,-9999,0
GHCND:USC00049855,YOSEMITE PARK HEADQUARTERS CA US,20051121,-9999,-9999,0
GHCND:USC00049855,YOSEMITE PARK HEADQUARTERS CA US,20051122,-9999,-9999,0
GHCND:USC00049855,YOSEMITE PARK HEADQUARTERS CA US,20051123,-9999,-9999,0
GHCND:USC00049855,YOSEMITE PARK HEADQUARTERS CA US,20051125,0.2,-9999,-9999
GHCND:USC00049855,YOSEMITE PARK HEADQUARTERS CA US,20051126,-9999,-9999,0.62
GHCND:USC00049855,YOSEMITE PARK HEADQUARTERS CA US,20051127,-9999,-9999,0
GHCND:USC00049855,YOSEMITE PARK HEADQUARTERS CA US,20051128,-9999,-9999,0
GHCND:USC00049855,YOSEMITE PARK HEADQUARTERS CA US,20051129,-9999,-9999,1.39
GHCND:USC00049855,YOSEMITE PARK HEADQUARTERS CA US,20051130,-9999,-9999,0.9
GHCND:USC00049855,YOSEMITE PARK HEADQUARTERS CA US,20051201,-9999,-9999,0.8
GHCND:USC00049855,YOSEMITE PARK HEADQUARTERS CA US,20051202,-9999,-9999,0.4
GHCND:USC00049855,YOSEMITE PARK HEADQUARTERS CA US,20051203,-9999,-9999,0
GHCND:USC00049855,YOSEMITE PARK HEADQUARTERS CA US,20051204,-9999,-9999,0
GHCND:USC00049855,YOSEMITE PARK HEADQUARTERS CA US,20051205,-9999,-9999,0
GHCND:USC00049855,YOSEMITE PARK HEADQUARTERS CA US,20051206,-9999,-9999,0
GHCND:USC00049855,YOSEMITE PARK HEADQUARTERS CA US,20051207,-9999,-9999,0
GHCND:USC00049855,YOSEMITE PARK HEADQUARTERS CA US,20051208,-9999,-9999,0.37
GHCND:USC00049855,YOSEMITE PARK HEADQUARTERS CA US,20051209,-9999,-9999,0
GHCND:USC00049855,YOSEMITE PARK HEADQUARTERS CA US,20051210,-9999,-9999,0
GHCND:USC00049855,YOSEMITE PARK HEADQUARTERS CA US,20051211,-9999,-9999,0
GHCND:USC00049855,YOSEMITE PARK HEADQUARTERS CA US,20051213,0.26,-9999,-9999
GHCND:USC00049855,YOSEMITE PARK HEADQUARTERS CA US,20051214,-9999,-9999,0
GHCND:USC00049855,YOSEMITE PARK HEADQUARTERS CA US,20051215,-9999,-9999,0
GHCND:USC00049855,YOSEMITE PARK HEADQUARTERS CA US,20051216,-9999,-9999,0
GHCND:USC00049855,YOSEMITE PARK HEADQUARTERS CA US,20051217,-9999,-9999,0
GHCND:USC00049855,YOSEMITE PARK HEADQUARTERS CA US,20051218,-9999,-9999,1.33
GHCND:USC00049855,YOSEMITE PARK HEADQUARTERS CA US,20051219,-9999,-9999,0
GHCND:USC00049855,YOSEMITE PARK HEADQUARTERS CA US,20051220,-9999,-9999,0
GHCND:USC00049855,YOSEMITE PARK HEADQUARTERS CA US,20051221,-9999,-9999,0
GHCND:USC00049855,YOSEMITE PARK HEADQUARTERS CA US,20051222,-9999,-9999,0.52
GHCND:USC00049855,YOSEMITE PARK HEADQUARTERS CA US,20051223,-9999,-9999,0
GHCND:USC00049855,YOSEMITE PARK HEADQUARTERS CA US,20051224,-9999,-9999,0
GHCND:USC00049855,YOSEMITE PARK HEADQUARTERS CA US,20051226,1.37,-9999,-9999
GHCND:USC00049855,YOSEMITE PARK HEADQUARTERS CA US,20051228,0.4,-9999,-9999
GHCND:USC00049855,YOSEMITE PARK HEADQUARTERS CA US,20051231,3.65,-9999,-9999
GHCND:USC00049855,YOSEMITE PARK HEADQUARTERS CA US,20060101,-9999,-9999,2.38
GHCND:USC00049855,YOSEMITE PARK HEADQUARTERS CA US,20060102,-9999,-9999,2.05
GHCND:USC00049855,YOSEMITE PARK HEADQUARTERS CA US,20060103,-9999,-9999,2.03
GHCND:USC00049855,YOSEMITE PARK HEADQUARTERS CA US,20060104,-9999,-9999,0
GHCND:USC00049855,YOSEMITE PARK HEADQUARTERS CA US,20060105,-9999,-9999,0
GHCND:USC00049855,YOSEMITE PARK HEADQUARTERS CA US,20060106,-9999,-9999,0
GHCND:USC00049855,YOSEMITE PARK HEADQUARTERS CA US,20060107,-9999,-9999,0
GHCND:USC00049855,YOSEMITE PARK HEADQUARTERS CA US,20060108,-9999,-9999,0
GHCND:USC00049855,YOSEMITE PARK HEADQUARTERS CA US,20060109,-9999,-9999,0
GHCND:USC00049855,YOSEMITE PARK HEADQUARTERS CA US,20060110,-9999,-9999,0
GHCND:USC00049855,YOSEMITE PARK HEADQUARTERS CA US,20060111,-9999,-9999,0
GHCND:USC00049855,YOSEMITE PARK HEADQUARTERS CA US,20060112,-9999,-9999,0.13
GHCND:USC00049855,YOSEMITE PARK HEADQUARTERS CA US,20060113,-9999,-9999,0
GHCND:USC00049855,YOSEMITE PARK HEADQUARTERS CA US,20060115,1.6,-9999,-9999
GHCND:USC00049855,YOSEMITE PARK HEADQUARTERS CA US,20060116,-9999,-9999,0
GHCND:USC00049855,YOSEMITE PARK HEADQUARTERS CA US,20060117,-9999,-9999,0
GHCND:USC00049855,YOSEMITE PARK HEADQUARTERS CA US,20060118,-9999,-9999,0.62
GHCND:USC00049855,YOSEMITE PARK HEADQUARTERS CA US,20060119,-9999,-9999,0.6
GHCND:USC00049855,YOSEMITE PARK HEADQUARTERS CA US,20060120,-9999,-9999,0
GHCND:USC00049855,YOSEMITE PARK HEADQUARTERS CA US,20060121,-9999,-9999,0
GHCND:USC00049855,YOSEMITE PARK HEADQUARTERS CA US,20060122,-9999,-9999,0
GHCND:USC00049855,YOSEMITE PARK HEADQUARTERS CA US,20060123,-9999,-9999,0
GHCND:USC00049855,YOSEMITE PARK HEADQUARTERS CA US,20060124,-9999,-9999,0
GHCND:USC00049855,YOSEMITE PARK HEADQUARTERS CA US,20060125,-9999,-9999,0
GHCND:USC00049855,YOSEMITE PARK HEADQUARTERS CA US,20060126,-9999,-9999,0
GHCND:USC00049855,YOSEMITE PARK HEADQUARTERS CA US,20060127,-9999,-9999,0
GHCND:USC00049855,YOSEMITE PARK HEADQUARTERS CA US,20060128,-9999,-9999,0
GHCND:USC00049855,YOSEMITE PARK HEADQUARTERS CA US,20060129,-9999,-9999,0.19
GHCND:USC00049855,YOSEMITE PARK HEADQUARTERS CA US,20060130,-9999,-9999,0
GHCND:USC00049855,YOSEMITE PARK HEADQUARTERS CA US,20060131,-9999,-9999,0.25
GHCND:USC00049855,YOSEMITE PARK HEADQUARTERS CA US,20060201,-9999,-9999,0
GHCND:USC00049855,YOSEMITE PARK HEADQUARTERS CA US,20060202,-9999,-9999,0
GHCND:USC00049855,YOSEMITE PARK HEADQUARTERS CA US,20060203,-9999,-9999,0
GHCND:USC00049855,YOSEMITE PARK HEADQUARTERS CA US,20060204,-9999,-9999,0
GHCND:USC00049855,YOSEMITE PARK HEADQUARTERS CA US,20060205,-9999,-9999,0
GHCND:USC00049855,YOSEMITE PARK HEADQUARTERS CA US,20060206,-9999,-9999,0
GHCND:USC00049855,YOSEMITE PARK HEADQUARTERS CA US,20060207,-9999,-9999,0
GHCND:USC00049855,YOSEMITE PARK HEADQUARTERS CA US,20060208,-9999,-9999,0
GHCND:USC00049855,YOSEMITE PARK HEADQUARTERS CA US,20060209,-9999,-9999,0
GHCND:USC00049855,YOSEMITE PARK HEADQUARTERS CA US,20060210,-9999,-9999,0
GHCND:USC00049855,YOSEMITE PARK HEADQUARTERS CA US,20060211,-9999,-9999,0
GHCND:USC00049855,YOSEMITE PARK HEADQUARTERS CA US,20060212,-9999,-9999,0
GHCND:USC00049855,YOSEMITE PARK HEADQUARTERS CA US,20060213,-9999,-9999,0
GHCND:USC00049855,YOSEMITE PARK HEADQUARTERS CA US,20060214,-9999,-9999,0
GHCND:USC00049855,YOSEMITE PARK HEADQUARTERS CA US,20060215,-9999,-9999,0
GHCND:USC00049855,YOSEMITE PARK HEADQUARTERS CA US,20060216,-9999,-9999,0
GHCND:USC00049855,YOSEMITE PARK HEADQUARTERS CA US,20060217,-9999,-9999,0
GHCND:USC00049855,YOSEMITE PARK HEADQUARTERS CA US,20060218,-9999,-9999,0.52
GHCND:USC00049855,YOSEMITE PARK HEADQUARTERS CA US,20060219,-9999,-9999,0.1
GHCND:USC00049855,YOSEMITE PARK HEADQUARTERS CA US,20060220,-9999,-9999,0.05
GHCND:USC00049855,YOSEMITE PARK HEADQUARTERS CA US,20060221,-9999,-9999,0
GHCND:USC00049855,YOSEMITE PARK HEADQUARTERS CA US,20060222,-9999,-9999,0
GHCND:USC00049855,YOSEMITE PARK HEADQUARTERS CA US,20060223,-9999,-9999,0
GHCND:USC00049855,YOSEMITE PARK HEADQUARTERS CA US,20060224,-9999,-9999,0
GHCND:USC00049855,YOSEMITE PARK HEADQUARTERS CA US,20060225,-9999,-9999,0
GHCND:USC00049855,YOSEMITE PARK HEADQUARTERS CA US,20060226,-9999,-9999,0
GHCND:USC00049855,YOSEMITE PARK HEADQUARTERS CA US,20060227,-9999,-9999,0.61
GHCND:USC00049855,YOSEMITE PARK HEADQUARTERS CA US,20060228,-9999,-9999,2.92
GHCND:USC00049855,YOSEMITE PARK HEADQUARTERS CA US,20060301,-9999,-9999,0.25
GHCND:USC00049855,YOSEMITE PARK HEADQUARTERS CA US,20060302,-9999,-9999,0
GHCND:USC00049855,YOSEMITE PARK HEADQUARTERS CA US,20060304,1.88,2,-9999
GHCND:USC00049855,YOSEMITE PARK HEADQUARTERS CA US,20060305,-9999,-9999,0
GHCND:USC00049855,YOSEMITE PARK HEADQUARTERS CA US,20060306,-9999,-9999,0.44
GHCND:USC00049855,YOSEMITE PARK HEADQUARTERS CA US,20060307,-9999,-9999,0.44
GHCND:USC00049855,YOSEMITE PARK HEADQUARTERS CA US,20060308,-9999,-9999,0.27
GHCND:USC00049855,YOSEMITE PARK HEADQUARTERS CA US,20060309,-9999,-9999,0.24
GHCND:USC00049855,YOSEMITE PARK HEADQUARTERS CA US,20060310,-9999,-9999,0.43
GHCND:USC00049855,YOSEMITE PARK HEADQUARTERS CA US,20060311,-9999,-9999,0.35
GHCND:USC00049855,YOSEMITE PARK HEADQUARTERS CA US,20060313,0.08,2,-9999
GHCND:USC00049855,YOSEMITE PARK HEADQUARTERS CA US,20060314,-9999,-9999,0.1
GHCND:USC00049855,YOSEMITE PARK HEADQUARTERS CA US,20060315,-9999,-9999,0.51
GHCND:USC00049855,YOSEMITE PARK HEADQUARTERS CA US,20060317,-9999,-9999,0
GHCND:USC00049855,YOSEMITE PARK HEADQUARTERS CA US,20060318,-9999,-9999,0.57
GHCND:USC00049855,YOSEMITE PARK HEADQUARTERS CA US,20060319,-9999,-9999,0
GHCND:USC00049855,YOSEMITE PARK HEADQUARTERS CA US,20060320,-9999,-9999,0
GHCND:USC00049855,YOSEMITE PARK HEADQUARTERS CA US,20060321,-9999,-9999,1.05
GHCND:USC00049855,YOSEMITE PARK HEADQUARTERS CA US,20060322,-9999,-9999,0
GHCND:USC00049855,YOSEMITE PARK HEADQUARTERS CA US,20060323,-9999,-9999,0
GHCND:USC00049855,YOSEMITE PARK HEADQUARTERS CA US,20060324,-9999,-9999,0
GHCND:USC00049855,YOSEMITE PARK HEADQUARTERS CA US,20060327,0.94,3,-9999
GHCND:USC00049855,YOSEMITE PARK HEADQUARTERS CA US,20060328,-9999,-9999,0.49
GHCND:USC00049855,YOSEMITE PARK HEADQUARTERS CA US,20060329,-9999,-9999,0.83
GHCND:USC00049855,YOSEMITE PARK HEADQUARTERS CA US,20060330,-9999,-9999,0.03
GHCND:USC00049855,YOSEMITE PARK HEADQUARTERS CA US,20060331,-9999,-9999,0
GHCND:USC00049855,YOSEMITE PARK HEADQUARTERS CA US,20060403,3.17,-9999,-9999
GHCND:USC00049855,YOSEMITE PARK HEADQUARTERS CA US,20060404,-9999,-9999,0.99
GHCND:USC00049855,YOSEMITE PARK HEADQUARTERS CA US,20060405,-9999,-9999,1.97
GHCND:USC00049855,YOSEMITE PARK HEADQUARTERS CA US,20060406,-9999,-9999,0.24
GHCND:USC00049855,YOSEMITE PARK HEADQUARTERS CA US,20060407,-9999,-9999,0
GHCND:USC00049855,YOSEMITE PARK HEADQUARTERS CA US,20060408,-9999,-9999,0.25
GHCND:USC00049855,YOSEMITE PARK HEADQUARTERS CA US,20060410,0.03,-9999,-9999
GHCND:USC00049855,YOSEMITE PARK HEADQUARTERS CA US,20060411,-9999,-9999,0.38
GHCND:USC00049855,YOSEMITE PARK HEADQUARTERS CA US,20060412,-9999,-9999,0.28
GHCND:USC00049855,YOSEMITE PARK HEADQUARTERS CA US,20060413,-9999,-9999,0
GHCND:USC00049855,YOSEMITE PARK HEADQUARTERS CA US,20060414,-9999,-9999,0
GHCND:USC00049855,YOSEMITE PARK HEADQUARTERS CA US,20060415,-9999,-9999,0.24
GHCND:USC00049855,YOSEMITE PARK HEADQUARTERS CA US,20060417,1.11,-9999,-9999
GHCND:USC00049855,YOSEMITE PARK HEADQUARTERS CA US,20060418,-9999,-9999,0
GHCND:USC00049855,YOSEMITE PARK HEADQUARTERS CA US,20060419,-9999,-9999,0
GHCND:USC00049855,YOSEMITE PARK HEADQUARTERS CA US,20060425,0.2,-9999,-9999
GHCND:USC00049855,YOSEMITE PARK HEADQUARTERS CA US,20060426,-9999,-9999,0
GHCND:USC00049855,YOSEMITE PARK HEADQUARTERS CA US,20060427,-9999,-9999,0
GHCND:USC00049855,YOSEMITE PARK HEADQUARTERS CA US,20060428,-9999,-9999,0
GHCND:USC00049855,YOSEMITE PARK HEADQUARTERS CA US,20060429,-9999,-9999,0
GHCND:USC00049855,YOSEMITE PARK HEADQUARTERS CA US,20060430,-9999,-9999,0
GHCND:USC00049855,YOSEMITE PARK HEADQUARTERS CA US,20060501,-9999,-9999,0
GHCND:USC00049855,YOSEMITE PARK HEADQUARTERS CA US,20060502,-9999,-9999,0
GHCND:USC00049855,YOSEMITE PARK HEADQUARTERS CA US,20060503,-9999,-9999,0
GHCND:USC00049855,YOSEMITE PARK HEADQUARTERS CA US,20060504,-9999,-9999,0
GHCND:USC00049855,YOSEMITE PARK HEADQUARTERS CA US,20060505,-9999,-9999,0
GHCND:USC00049855,YOSEMITE PARK HEADQUARTERS CA US,20060506,-9999,-9999,0
GHCND:USC00049855,YOSEMITE PARK HEADQUARTERS CA US,20060507,-9999,-9999,0
GHCND:USC00049855,YOSEMITE PARK HEADQUARTERS CA US,20060508,-9999,-9999,0
GHCND:USC00049855,YOSEMITE PARK HEADQUARTERS CA US,20060509,-9999,-9999,0
GHCND:USC00049855,YOSEMITE PARK HEADQUARTERS CA US,20060510,-9999,-9999,0
GHCND:USC00049855,YOSEMITE PARK HEADQUARTERS CA US,20060511,-9999,-9999,0
GHCND:USC00049855,YOSEMITE PARK HEADQUARTERS CA US,20060512,-9999,-9999,0
GHCND:USC00049855,YOSEMITE PARK HEADQUARTERS CA US,20060513,-9999,-9999,0
GHCND:USC00049855,YOSEMITE PARK HEADQUARTERS CA US,20060514,-9999,-9999,0
GHCND:USC00049855,YOSEMITE PARK HEADQUARTERS CA US,20060515,-9999,-9999,0
GHCND:USC00049855,YOSEMITE PARK HEADQUARTERS CA US,20060516,-9999,-9999,0
GHCND:USC00049855,YOSEMITE PARK HEADQUARTERS CA US,20060517,-9999,-9999,0
GHCND:USC00049855,YOSEMITE PARK HEADQUARTERS CA US,20060518,-9999,-9999,0
GHCND:USC00049855,YOSEMITE PARK HEADQUARTERS CA US,20060519,-9999,-9999,0
GHCND:USC00049855,YOSEMITE PARK HEADQUARTERS CA US,20060520,-9999,-9999,0.04
GHCND:USC00049855,YOSEMITE PARK HEADQUARTERS CA US,20060522,1.05,-9999,-9999
GHCND:USC00049855,YOSEMITE PARK HEADQUARTERS CA US,20060523,-9999,-9999,0.03
GHCND:USC00049855,YOSEMITE PARK HEADQUARTERS CA US,20060524,-9999,-9999,0
GHCND:USC00049855,YOSEMITE PARK HEADQUARTERS CA US,20060525,-9999,-9999,0
GHCND:USC00049855,YOSEMITE PARK HEADQUARTERS CA US,20060526,-9999,-9999,0
GHCND:USC00049855,YOSEMITE PARK HEADQUARTERS CA US,20060527,-9999,-9999,0
GHCND:USC00049855,YOSEMITE PARK HEADQUARTERS CA US,20060528,-9999,-9999,0.07
GHCND:USC00049855,YOSEMITE PARK HEADQUARTERS CA US,20060529,-9999,-9999,0
GHCND:USC00049855,YOSEMITE PARK HEADQUARTERS CA US,20060530,-9999,-9999,0
GHCND:USC00049855,YOSEMITE PARK HEADQUARTERS CA US,20060531,-9999,-9999,0
GHCND:USC00049855,YOSEMITE PARK HEADQUARTERS CA US,20060601,-9999,-9999,0
GHCND:USC00049855,YOSEMITE PARK HEADQUARTERS CA US,20060602,-9999,-9999,0
GHCND:USC00049855,YOSEMITE PARK HEADQUARTERS CA US,20060603,-9999,-9999,0
GHCND:USC00049855,YOSEMITE PARK HEADQUARTERS CA US,20060604,-9999,-9999,0
GHCND:USC00049855,YOSEMITE PARK HEADQUARTERS CA US,20060605,-9999,-9999,0
GHCND:USC00049855,YOSEMITE PARK HEADQUARTERS CA US,20060606,-9999,-9999,0
GHCND:USC00049855,YOSEMITE PARK HEADQUARTERS CA US,20060607,-9999,-9999,0
GHCND:USC00049855,YOSEMITE PARK HEADQUARTERS CA US,20060608,-9999,-9999,0
GHCND:USC00049855,YOSEMITE PARK HEADQUARTERS CA US,20060609,-9999,-9999,0
GHCND:USC00049855,YOSEMITE PARK HEADQUARTERS CA US,20060610,-9999,-9999,0
GHCND:USC00049855,YOSEMITE PARK HEADQUARTERS CA US,20060611,-9999,-9999,0
GHCND:USC00049855,YOSEMITE PARK HEADQUARTERS CA US,20060612,-9999,-9999,0
GHCND:USC00049855,YOSEMITE PARK HEADQUARTERS CA US,20060613,-9999,-9999,0
GHCND:USC00049855,YOSEMITE PARK HEADQUARTERS CA US,20060614,-9999,-9999,0
GHCND:USC00049855,YOSEMITE PARK HEADQUARTERS CA US,20060615,-9999,-9999,0
GHCND:USC00049855,YOSEMITE PARK HEADQUARTERS CA US,20060616,-9999,-9999,0
GHCND:USC00049855,YOSEMITE PARK HEADQUARTERS CA US,20060617,-9999,-9999,0
GHCND:USC00049855,YOSEMITE PARK HEADQUARTERS CA US,20060618,-9999,-9999,0
GHCND:USC00049855,YOSEMITE PARK HEADQUARTERS CA US,20060619,-9999,-9999,0
GHCND:USC00049855,YOSEMITE PARK HEADQUARTERS CA US,20060620,-9999,-9999,0
GHCND:USC00049855,YOSEMITE PARK HEADQUARTERS CA US,20060621,-9999,-9999,0
GHCND:USC00049855,YOSEMITE PARK HEADQUARTERS CA US,20060622,-9999,-9999,0
GHCND:USC00049855,YOSEMITE PARK HEADQUARTERS CA US,20060623,-9999,-9999,0
GHCND:USC00049855,YOSEMITE PARK HEADQUARTERS CA US,20060624,-9999,-9999,0
GHCND:USC00049855,YOSEMITE PARK HEADQUARTERS CA US,20060625,-9999,-9999,0
GHCND:USC00049855,YOSEMITE PARK HEADQUARTERS CA US,20060626,-9999,-9999,0
GHCND:USC00049855,YOSEMITE PARK HEADQUARTERS CA US,20060627,-9999,-9999,0
GHCND:USC00049855,YOSEMITE PARK HEADQUARTERS CA US,20060628,-9999,-9999,0
GHCND:USC00049855,YOSEMITE PARK HEADQUARTERS CA US,20060629,-9999,-9999,0
GHCND:USC00049855,YOSEMITE PARK HEADQUARTERS CA US,20060630,-9999,-9999,0
GHCND:USC00049855,YOSEMITE PARK HEADQUARTERS CA US,20060701,-9999,-9999,0
GHCND:USC00049855,YOSEMITE PARK HEADQUARTERS CA US,20060702,-9999,-9999,0
GHCND:USC00049855,YOSEMITE PARK HEADQUARTERS CA US,20060703,-9999,-9999,0
GHCND:USC00049855,YOSEMITE PARK HEADQUARTERS CA US,20060704,-9999,-9999,0
GHCND:USC00049855,YOSEMITE PARK HEADQUARTERS CA US,20060705,-9999,-9999,0
GHCND:USC00049855,YOSEMITE PARK HEADQUARTERS CA US,20060706,-9999,-9999,0
GHCND:USC00049855,YOSEMITE PARK HEADQUARTERS CA US,20060707,-9999,-9999,0
GHCND:USC00049855,YOSEMITE PARK HEADQUARTERS CA US,20060708,-9999,-9999,0
GHCND:USC00049855,YOSEMITE PARK HEADQUARTERS CA US,20060709,-9999,-9999,0
GHCND:USC00049855,YOSEMITE PARK HEADQUARTERS CA US,20060710,-9999,-9999,0
GHCND:USC00049855,YOSEMITE PARK HEADQUARTERS CA US,20060711,-9999,-9999,0
GHCND:USC00049855,YOSEMITE PARK HEADQUARTERS CA US,20060712,-9999,-9999,0
GHCND:USC00049855,YOSEMITE PARK HEADQUARTERS CA US,20060713,-9999,-9999,0
GHCND:USC00049855,YOSEMITE PARK HEADQUARTERS CA US,20060714,-9999,-9999,0
GHCND:USC00049855,YOSEMITE PARK HEADQUARTERS CA US,20060715,-9999,-9999,0
GHCND:USC00049855,YOSEMITE PARK HEADQUARTERS CA US,20060716,-9999,-9999,0
GHCND:USC00049855,YOSEMITE PARK HEADQUARTERS CA US,20060717,-9999,-9999,0
GHCND:USC00049855,YOSEMITE PARK HEADQUARTERS CA US,20060718,-9999,-9999,0
GHCND:USC00049855,YOSEMITE PARK HEADQUARTERS CA US,20060719,-9999,-9999,0
GHCND:USC00049855,YOSEMITE PARK HEADQUARTERS CA US,20060720,-9999,-9999,0
GHCND:USC00049855,YOSEMITE PARK HEADQUARTERS CA US,20060723,0.38,-9999,-9999
GHCND:USC00049855,YOSEMITE PARK HEADQUARTERS CA US,20060724,-9999,-9999,0
GHCND:USC00049855,YOSEMITE PARK HEADQUARTERS CA US,20060725,-9999,-9999,0
GHCND:USC00049855,YOSEMITE PARK HEADQUARTERS CA US,20060726,-9999,-9999,0
GHCND:USC00049855,YOSEMITE PARK HEADQUARTERS CA US,20060727,-9999,-9999,0
GHCND:USC00049855,YOSEMITE PARK HEADQUARTERS CA US,20060728,-9999,-9999,0
GHCND:USC00049855,YOSEMITE PARK HEADQUARTERS CA US,20060729,-9999,-9999,0
GHCND:USC00049855,YOSEMITE PARK HEADQUARTERS CA US,20060730,-9999,-9999,0
GHCND:USC00049855,YOSEMITE PARK HEADQUARTERS CA US,20060731,-9999,-9999,0
GHCND:USC00049855,YOSEMITE PARK HEADQUARTERS CA US,20060801,-9999,-9999,0
GHCND:USC00049855,YOSEMITE PARK HEADQUARTERS CA US,20060802,-9999,-9999,0
GHCND:USC00049855,YOSEMITE PARK HEADQUARTERS CA US,20060803,-9999,-9999,0
GHCND:USC00049855,YOSEMITE PARK HEADQUARTERS CA US,20060804,-9999,-9999,0
GHCND:USC00049855,YOSEMITE PARK HEADQUARTERS CA US,20060805,-9999,-9999,0
GHCND:USC00049855,YOSEMITE PARK HEADQUARTERS CA US,20060806,-9999,-9999,0
GHCND:USC00049855,YOSEMITE PARK HEADQUARTERS CA US,20060807,-9999,-9999,0
GHCND:USC00049855,YOSEMITE PARK HEADQUARTERS CA US,20060808,-9999,-9999,0
GHCND:USC00049855,YOSEMITE PARK HEADQUARTERS CA US,20060809,-9999,-9999,0
GHCND:USC00049855,YOSEMITE PARK HEADQUARTERS CA US,20060810,-9999,-9999,0
GHCND:USC00049855,YOSEMITE PARK HEADQUARTERS CA US,20060811,-9999,-9999,0
GHCND:USC00049855,YOSEMITE PARK HEADQUARTERS CA US,20060812,-9999,-9999,0
GHCND:USC00049855,YOSEMITE PARK HEADQUARTERS CA US,20060813,-9999,-9999,0
GHCND:USC00049855,YOSEMITE PARK HEADQUARTERS CA US,20060814,-9999,-9999,0
GHCND:USC00049855,YOSEMITE PARK HEADQUARTERS CA US,20060815,-9999,-9999,0
GHCND:USC00049855,YOSEMITE PARK HEADQUARTERS CA US,20060816,-9999,-9999,0
GHCND:USC00049855,YOSEMITE PARK HEADQUARTERS CA US,20060817,-9999,-9999,0
GHCND:USC00049855,YOSEMITE PARK HEADQUARTERS CA US,20060818,-9999,-9999,0
GHCND:USC00049855,YOSEMITE PARK HEADQUARTERS CA US,20060819,-9999,-9999,0
GHCND:USC00049855,YOSEMITE PARK HEADQUARTERS CA US,20060820,-9999,-9999,0
GHCND:USC00049855,YOSEMITE PARK HEADQUARTERS CA US,20060821,-9999,-9999,0
GHCND:USC00049855,YOSEMITE PARK HEADQUARTERS CA US,20060822,-9999,-9999,0
GHCND:USC00049855,YOSEMITE PARK HEADQUARTERS CA US,20060823,-9999,-9999,0
GHCND:USC00049855,YOSEMITE PARK HEADQUARTERS CA US,20060824,-9999,-9999,0
GHCND:USC00049855,YOSEMITE PARK HEADQUARTERS CA US,20060825,-9999,-9999,0
GHCND:USC00049855,YOSEMITE PARK HEADQUARTERS CA US,20060826,-9999,-9999,0
GHCND:USC00049855,YOSEMITE PARK HEADQUARTERS CA US,20060827,-9999,-9999,0
GHCND:USC00049855,YOSEMITE PARK HEADQUARTERS CA US,20060828,-9999,-9999,0
GHCND:USC00049855,YOSEMITE PARK HEADQUARTERS CA US,20060829,-9999,-9999,0
GHCND:USC00049855,YOSEMITE PARK HEADQUARTERS CA US,20060830,-9999,-9999,0
GHCND:USC00049855,YOSEMITE PARK HEADQUARTERS CA US,20060831,-9999,-9999,0
GHCND:USC00049855,YOSEMITE PARK HEADQUARTERS CA US,20060901,-9999,-9999,0
GHCND:USC00049855,YOSEMITE PARK HEADQUARTERS CA US,20060902,-9999,-9999,0
GHCND:USC00049855,YOSEMITE PARK HEADQUARTERS CA US,20060903,-9999,-9999,0
GHCND:USC00049855,YOSEMITE PARK HEADQUARTERS CA US,20060904,-9999,-9999,0
GHCND:USC00049855,YOSEMITE PARK HEADQUARTERS CA US,20060905,-9999,-9999,0
GHCND:USC00049855,YOSEMITE PARK HEADQUARTERS CA US,20060906,-9999,-9999,0
GHCND:USC00049855,YOSEMITE PARK HEADQUARTERS CA US,20060907,-9999,-9999,0
GHCND:USC00049855,YOSEMITE PARK HEADQUARTERS CA US,20060908,-9999,-9999,0
GHCND:USC00049855,YOSEMITE PARK HEADQUARTERS CA US,20060909,-9999,-9999,0
GHCND:USC00049855,YOSEMITE PARK HEADQUARTERS CA US,20060910,-9999,-9999,0
GHCND:USC00049855,YOSEMITE PARK HEADQUARTERS CA US,20060911,-9999,-9999,0
GHCND:USC00049855,YOSEMITE PARK HEADQUARTERS CA US,20060912,-9999,-9999,0
GHCND:USC00049855,YOSEMITE PARK HEADQUARTERS CA US,20060913,-9999,-9999,0
GHCND:USC00049855,YOSEMITE PARK HEADQUARTERS CA US,20060914,-9999,-9999,0
GHCND:USC00049855,YOSEMITE PARK HEADQUARTERS CA US,20060915,-9999,-9999,0
GHCND:USC00049855,YOSEMITE PARK HEADQUARTERS CA US,20060916,-9999,-9999,0
GHCND:USC00049855,YOSEMITE PARK HEADQUARTERS CA US,20060917,-9999,-9999,0
GHCND:USC00049855,YOSEMITE PARK HEADQUARTERS CA US,20060918,-9999,-9999,0
GHCND:USC00049855,YOSEMITE PARK HEADQUARTERS CA US,20060919,-9999,-9999,0
GHCND:USC00049855,YOSEMITE PARK HEADQUARTERS CA US,20060920,-9999,-9999,0
GHCND:USC00049855,YOSEMITE PARK HEADQUARTERS CA US,20060921,-9999,-9999,0
GHCND:USC00049855,YOSEMITE PARK HEADQUARTERS CA US,20060922,-9999,-9999,0
GHCND:USC00049855,YOSEMITE PARK HEADQUARTERS CA US,20060923,-9999,-9999,0
GHCND:USC00049855,YOSEMITE PARK HEADQUARTERS CA US,20060924,-9999,-9999,0
GHCND:USC00049855,YOSEMITE PARK HEADQUARTERS CA US,20060925,-9999,-9999,0
GHCND:USC00049855,YOSEMITE PARK HEADQUARTERS CA US,20060926,-9999,-9999,0
GHCND:USC00049855,YOSEMITE PARK HEADQUARTERS CA US,20060927,-9999,-9999,0
GHCND:USC00049855,YOSEMITE PARK HEADQUARTERS CA US,20060928,-9999,-9999,0
GHCND:USC00049855,YOSEMITE PARK HEADQUARTERS CA US,20060929,-9999,-9999,0
GHCND:USC00049855,YOSEMITE PARK HEADQUARTERS CA US,20060930,-9999,-9999,0
GHCND:USC00049855,YOSEMITE PARK HEADQUARTERS CA US,20061002,0.53,-9999,-9999
GHCND:USC00049855,YOSEMITE PARK HEADQUARTERS CA US,20061006,0.07,-9999,-9999
GHCND:USC00049855,YOSEMITE PARK HEADQUARTERS CA US,20061009,0.1,-9999,-9999
GHCND:USC00049855,YOSEMITE PARK HEADQUARTERS CA US,20061010,-9999,-9999,0
GHCND:USC00049855,YOSEMITE PARK HEADQUARTERS CA US,20061011,-9999,-9999,0
GHCND:USC00049855,YOSEMITE PARK HEADQUARTERS CA US,20061012,-9999,-9999,0
GHCND:USC00049855,YOSEMITE PARK HEADQUARTERS CA US,20061013,-9999,-9999,0
GHCND:USC00049855,YOSEMITE PARK HEADQUARTERS CA US,20061014,-9999,-9999,0
GHCND:USC00049855,YOSEMITE PARK HEADQUARTERS CA US,20061015,-9999,-9999,0
GHCND:USC00049855,YOSEMITE PARK HEADQUARTERS CA US,20061016,-9999,-9999,0
GHCND:USC00049855,YOSEMITE PARK HEADQUARTERS CA US,20061017,-9999,-9999,0
GHCND:USC00049855,YOSEMITE PARK HEADQUARTERS CA US,20061018,-9999,-9999,0
GHCND:USC00049855,YOSEMITE PARK HEADQUARTERS CA US,20061019,-9999,-9999,0
GHCND:USC00049855,YOSEMITE PARK HEADQUARTERS CA US,20061020,-9999,-9999,0
GHCND:USC00049855,YOSEMITE PARK HEADQUARTERS CA US,20061021,-9999,-9999,0
GHCND:USC00049855,YOSEMITE PARK HEADQUARTERS CA US,20061022,-9999,-9999,0
GHCND:USC00049855,YOSEMITE PARK HEADQUARTERS CA US,20061023,-9999,-9999,0
GHCND:USC00049855,YOSEMITE PARK HEADQUARTERS CA US,20061024,-9999,-9999,0
GHCND:USC00049855,YOSEMITE PARK HEADQUARTERS CA US,20061025,-9999,-9999,0
GHCND:USC00049855,YOSEMITE PARK HEADQUARTERS CA US,20061026,-9999,-9999,0
GHCND:USC00049855,YOSEMITE PARK HEADQUARTERS CA US,20061027,-9999,-9999,0
GHCND:USC00049855,YOSEMITE PARK HEADQUARTERS CA US,20061028,-9999,-9999,0
GHCND:USC00049855,YOSEMITE PARK HEADQUARTERS CA US,20061029,-9999,-9999,0
GHCND:USC00049855,YOSEMITE PARK HEADQUARTERS CA US,20061030,-9999,-9999,0
GHCND:USC00049855,YOSEMITE PARK HEADQUARTERS CA US,20061031,-9999,-9999,0
GHCND:USC00049855,YOSEMITE PARK HEADQUARTERS CA US,20061101,-9999,-9999,0
GHCND:USC00049855,YOSEMITE PARK HEADQUARTERS CA US,20061102,-9999,-9999,0
GHCND:USC00049855,YOSEMITE PARK HEADQUARTERS CA US,20061103,-9999,-9999,0.02
GHCND:USC00049855,YOSEMITE PARK HEADQUARTERS CA US,20061104,-9999,-9999,0.01
GHCND:USC00049855,YOSEMITE PARK HEADQUARTERS CA US,20061105,-9999,-9999,0
GHCND:USC00049855,YOSEMITE PARK HEADQUARTERS CA US,20061106,-9999,-9999,0
GHCND:USC00049855,YOSEMITE PARK HEADQUARTERS CA US,20061109,0.05,-9999,-9999
GHCND:USC00049855,YOSEMITE PARK HEADQUARTERS CA US,20061111,0.03,-9999,-9999
GHCND:USC00049855,YOSEMITE PARK HEADQUARTERS CA US,20061112,-9999,-9999,0.03
GHCND:USC00049855,YOSEMITE PARK HEADQUARTERS CA US,20061113,-9999,-9999,0.05
GHCND:USC00049855,YOSEMITE PARK HEADQUARTERS CA US,20061116,1.45,-9999,-9999
GHCND:USC00049855,YOSEMITE PARK HEADQUARTERS CA US,20061117,-9999,-9999,0
GHCND:USC00049855,YOSEMITE PARK HEADQUARTERS CA US,20061118,-9999,-9999,0
GHCND:USC00049855,YOSEMITE PARK HEADQUARTERS CA US,20061119,-9999,-9999,0
GHCND:USC00049855,YOSEMITE PARK HEADQUARTERS CA US,20061120,-9999,-9999,0
GHCND:USC00049855,YOSEMITE PARK HEADQUARTERS CA US,20061121,-9999,-9999,0
GHCND:USC00049855,YOSEMITE PARK HEADQUARTERS CA US,20061122,-9999,-9999,0
GHCND:USC00049855,YOSEMITE PARK HEADQUARTERS CA US,20061123,-9999,-9999,0
GHCND:USC00049855,YOSEMITE PARK HEADQUARTERS CA US,20061124,-9999,-9999,0
GHCND:USC00049855,YOSEMITE PARK HEADQUARTERS CA US,20061125,-9999,-9999,0
GHCND:USC00049855,YOSEMITE PARK HEADQUARTERS CA US,20061126,-9999,-9999,0
GHCND:USC00049855,YOSEMITE PARK HEADQUARTERS CA US,20061127,-9999,-9999,0
GHCND:USC00049855,YOSEMITE PARK HEADQUARTERS CA US,20061128,-9999,-9999,0
GHCND:USC00049855,YOSEMITE PARK HEADQUARTERS CA US,20061129,-9999,-9999,0
GHCND:USC00049855,YOSEMITE PARK HEADQUARTERS CA US,20061130,-9999,-9999,0
GHCND:USC00049855,YOSEMITE PARK HEADQUARTERS CA US,20061201,-9999,-9999,0
GHCND:USC00049855,YOSEMITE PARK HEADQUARTERS CA US,20061202,-9999,-9999,0
GHCND:USC00049855,YOSEMITE PARK HEADQUARTERS CA US,20061203,-9999,-9999,0
GHCND:USC00049855,YOSEMITE PARK HEADQUARTERS CA US,20061204,-9999,-9999,0
GHCND:USC00049855,YOSEMITE PARK HEADQUARTERS CA US,20061211,-9999,-9999,3.5
GHCND:USC00049855,YOSEMITE PARK HEADQUARTERS CA US,20061212,-9999,-9999,0.53
GHCND:USC00049855,YOSEMITE PARK HEADQUARTERS CA US,20061213,-9999,-9999,0.27
GHCND:USC00049855,YOSEMITE PARK HEADQUARTERS CA US,20061214,-9999,-9999,0
GHCND:USC00049855,YOSEMITE PARK HEADQUARTERS CA US,20061217,0.56,-9999,-9999
GHCND:USC00049855,YOSEMITE PARK HEADQUARTERS CA US,20061218,-9999,-9999,1.5
GHCND:USC00049855,YOSEMITE PARK HEADQUARTERS CA US,20061219,-9999,-9999,0
GHCND:USC00049855,YOSEMITE PARK HEADQUARTERS CA US,20061220,-9999,-9999,0
GHCND:USC00049855,YOSEMITE PARK HEADQUARTERS CA US,20061227,-9999,-9999,0.91
GHCND:USC00049855,YOSEMITE PARK HEADQUARTERS CA US,20061228,-9999,-9999,0.1
GHCND:USC00049855,YOSEMITE PARK HEADQUARTERS CA US,20061229,-9999,-9999,0
GHCND:USC00049855,YOSEMITE PARK HEADQUARTERS CA US,20061230,-9999,-9999,0
GHCND:USC00049855,YOSEMITE PARK HEADQUARTERS CA US,20061231,-9999,-9999,0
GHCND:USC00049855,YOSEMITE PARK HEADQUARTERS CA US,20070101,-9999,-9999,0
GHCND:USC00049855,YOSEMITE PARK HEADQUARTERS CA US,20070102,-9999,-9999,0
GHCND:USC00049855,YOSEMITE PARK HEADQUARTERS CA US,20070103,-9999,-9999,0
GHCND:USC00049855,YOSEMITE PARK HEADQUARTERS CA US,20070104,-9999,-9999,0.47
GHCND:USC00049855,YOSEMITE PARK HEADQUARTERS CA US,20070105,-9999,-9999,0
GHCND:USC00049855,YOSEMITE PARK HEADQUARTERS CA US,20070106,-9999,-9999,0
GHCND:USC00049855,YOSEMITE PARK HEADQUARTERS CA US,20070107,-9999,-9999,0
GHCND:USC00049855,YOSEMITE PARK HEADQUARTERS CA US,20070108,-9999,-9999,0
GHCND:USC00049855,YOSEMITE PARK HEADQUARTERS CA US,20070109,-9999,-9999,0
GHCND:USC00049855,YOSEMITE PARK HEADQUARTERS CA US,20070110,-9999,-9999,0
GHCND:USC00049855,YOSEMITE PARK HEADQUARTERS CA US,20070111,-9999,-9999,0
GHCND:USC00049855,YOSEMITE PARK HEADQUARTERS CA US,20070112,-9999,-9999,0
GHCND:USC00049855,YOSEMITE PARK HEADQUARTERS CA US,20070113,-9999,-9999,0
GHCND:USC00049855,YOSEMITE PARK HEADQUARTERS CA US,20070114,-9999,-9999,0
GHCND:USC00049855,YOSEMITE PARK HEADQUARTERS CA US,20070115,-9999,-9999,0
GHCND:USC00049855,YOSEMITE PARK HEADQUARTERS CA US,20070116,-9999,-9999,0
GHCND:USC00049855,YOSEMITE PARK HEADQUARTERS CA US,20070117,-9999,-9999,0
GHCND:USC00049855,YOSEMITE PARK HEADQUARTERS CA US,20070118,-9999,-9999,0
GHCND:USC00049855,YOSEMITE PARK HEADQUARTERS CA US,20070119,-9999,-9999,0
GHCND:USC00049855,YOSEMITE PARK HEADQUARTERS CA US,20070120,-9999,-9999,0
GHCND:USC00049855,YOSEMITE PARK HEADQUARTERS CA US,20070121,-9999,-9999,0
GHCND:USC00049855,YOSEMITE PARK HEADQUARTERS CA US,20070122,-9999,-9999,0
GHCND:USC00049855,YOSEMITE PARK HEADQUARTERS CA US,20070123,-9999,-9999,0
GHCND:USC00049855,YOSEMITE PARK HEADQUARTERS CA US,20070124,-9999,-9999,0
GHCND:USC00049855,YOSEMITE PARK HEADQUARTERS CA US,20070125,-9999,-9999,0
GHCND:USC00049855,YOSEMITE PARK HEADQUARTERS CA US,20070126,-9999,-9999,0
GHCND:USC00049855,YOSEMITE PARK HEADQUARTERS CA US,20070127,-9999,-9999,0
GHCND:USC00049855,YOSEMITE PARK HEADQUARTERS CA US,20070128,-9999,-9999,0
GHCND:USC00049855,YOSEMITE PARK HEADQUARTERS CA US,20070129,-9999,-9999,0
GHCND:USC00049855,YOSEMITE PARK HEADQUARTERS CA US,20070130,-9999,-9999,0
GHCND:USC00049855,YOSEMITE PARK HEADQUARTERS CA US,20070131,-9999,-9999,0
GHCND:USC00049855,YOSEMITE PARK HEADQUARTERS CA US,20070201,-9999,-9999,0
GHCND:USC00049855,YOSEMITE PARK HEADQUARTERS CA US,20070202,-9999,-9999,0
GHCND:USC00049855,YOSEMITE PARK HEADQUARTERS CA US,20070203,-9999,-9999,0
GHCND:USC00049855,YOSEMITE PARK HEADQUARTERS CA US,20070204,-9999,-9999,0
GHCND:USC00049855,YOSEMITE PARK HEADQUARTERS CA US,20070205,-9999,-9999,0
GHCND:USC00049855,YOSEMITE PARK HEADQUARTERS CA US,20070206,-9999,-9999,0
GHCND:USC00049855,YOSEMITE PARK HEADQUARTERS CA US,20070207,-9999,-9999,0
GHCND:USC00049855,YOSEMITE PARK HEADQUARTERS CA US,20070209,0.27,-9999,-9999
GHCND:USC00049855,YOSEMITE PARK HEADQUARTERS CA US,20070212,1.74,-9999,-9999
GHCND:USC00049855,YOSEMITE PARK HEADQUARTERS CA US,20070213,-9999,-9999,0
GHCND:USC00049855,YOSEMITE PARK HEADQUARTERS CA US,20070214,-9999,-9999,0
GHCND:USC00049855,YOSEMITE PARK HEADQUARTERS CA US,20070215,-9999,-9999,0
GHCND:USC00049855,YOSEMITE PARK HEADQUARTERS CA US,20070216,-9999,-9999,0
GHCND:USC00049855,YOSEMITE PARK HEADQUARTERS CA US,20070217,-9999,-9999,0
GHCND:USC00049855,YOSEMITE PARK HEADQUARTERS CA US,20070218,-9999,-9999,0
GHCND:USC00049855,YOSEMITE PARK HEADQUARTERS CA US,20070219,-9999,-9999,0
GHCND:USC00049855,YOSEMITE PARK HEADQUARTERS CA US,20070220,-9999,-9999,0
GHCND:USC00049855,YOSEMITE PARK HEADQUARTERS CA US,20070221,-9999,-9999,0
GHCND:USC00049855,YOSEMITE PARK HEADQUARTERS CA US,20070222,-9999,-9999,0
GHCND:USC00049855,YOSEMITE PARK HEADQUARTERS CA US,20070223,-9999,-9999,0
GHCND:USC00049855,YOSEMITE PARK HEADQUARTERS CA US,20070224,-9999,-9999,0
GHCND:USC00049855,YOSEMITE PARK HEADQUARTERS CA US,20070225,-9999,-9999,0
GHCND:USC00049855,YOSEMITE PARK HEADQUARTERS CA US,20070226,-9999,-9999,0
GHCND:USC00049855,YOSEMITE PARK HEADQUARTERS CA US,20070227,-9999,-9999,0
GHCND:USC00049855,YOSEMITE PARK HEADQUARTERS CA US,20070228,-9999,-9999,0
GHCND:USC00049855,YOSEMITE PARK HEADQUARTERS CA US,20070301,-9999,-9999,0.25
GHCND:USC00049855,YOSEMITE PARK HEADQUARTERS CA US,20070302,-9999,-9999,0
GHCND:USC00049855,YOSEMITE PARK HEADQUARTERS CA US,20070303,-9999,-9999,0
GHCND:USC00049855,YOSEMITE PARK HEADQUARTERS CA US,20070304,-9999,-9999,0
GHCND:USC00049855,YOSEMITE PARK HEADQUARTERS CA US,20070305,-9999,-9999,0
GHCND:USC00049855,YOSEMITE PARK HEADQUARTERS CA US,20070306,-9999,-9999,0
GHCND:USC00049855,YOSEMITE PARK HEADQUARTERS CA US,20070307,-9999,-9999,0
GHCND:USC00049855,YOSEMITE PARK HEADQUARTERS CA US,20070308,-9999,-9999,0.02
GHCND:USC00049855,YOSEMITE PARK HEADQUARTERS CA US,20070321,0.72,-9999,-9999
GHCND:USC00049855,YOSEMITE PARK HEADQUARTERS CA US,20070327,0.82,-9999,-9999
GHCND:USC00049855,YOSEMITE PARK HEADQUARTERS CA US,20070328,-9999,-9999,0.07
GHCND:USC00049855,YOSEMITE PARK HEADQUARTERS CA US,20070329,-9999,-9999,0
GHCND:USC00049855,YOSEMITE PARK HEADQUARTERS CA US,20070330,-9999,-9999,0
GHCND:USC00049855,YOSEMITE PARK HEADQUARTERS CA US,20070331,-9999,-9999,0
GHCND:USC00049855,YOSEMITE PARK HEADQUARTERS CA US,20070416,-9999,-9999,0.29
GHCND:USC00049855,YOSEMITE PARK HEADQUARTERS CA US,20070417,-9999,-9999,0
GHCND:USC00049855,YOSEMITE PARK HEADQUARTERS CA US,20070418,-9999,-9999,0
GHCND:USC00049855,YOSEMITE PARK HEADQUARTERS CA US,20070419,-9999,-9999,0
GHCND:USC00049855,YOSEMITE PARK HEADQUARTERS CA US,20070420,-9999,-9999,0
GHCND:USC00049855,YOSEMITE PARK HEADQUARTERS CA US,20070421,-9999,-9999,0
GHCND:USC00049855,YOSEMITE PARK HEADQUARTERS CA US,20070422,-9999,-9999,0
GHCND:USC00049855,YOSEMITE PARK HEADQUARTERS CA US,20070423,-9999,-9999,0
GHCND:USC00049855,YOSEMITE PARK HEADQUARTERS CA US,20070424,-9999,-9999,0
GHCND:USC00049855,YOSEMITE PARK HEADQUARTERS CA US,20070425,-9999,-9999,0
GHCND:USC00049855,YOSEMITE PARK HEADQUARTERS CA US,20070426,-9999,-9999,0
GHCND:USC00049855,YOSEMITE PARK HEADQUARTERS CA US,20070427,-9999,-9999,0
GHCND:USC00049855,YOSEMITE PARK HEADQUARTERS CA US,20070428,-9999,-9999,0
GHCND:USC00049855,YOSEMITE PARK HEADQUARTERS CA US,20070429,-9999,-9999,0
GHCND:USC00049855,YOSEMITE PARK HEADQUARTERS CA US,20070430,-9999,-9999,0
GHCND:USC00049855,YOSEMITE PARK HEADQUARTERS CA US,20070501,-9999,-9999,0
GHCND:USC00049855,YOSEMITE PARK HEADQUARTERS CA US,20070502,-9999,-9999,0
GHCND:USC00049855,YOSEMITE PARK HEADQUARTERS CA US,20070503,-9999,-9999,0.23
GHCND:USC00049855,YOSEMITE PARK HEADQUARTERS CA US,20070504,-9999,-9999,0.29
GHCND:USC00049855,YOSEMITE PARK HEADQUARTERS CA US,20070505,-9999,-9999,0.15
GHCND:USC00049855,YOSEMITE PARK HEADQUARTERS CA US,20070506,-9999,-9999,0
GHCND:USC00049855,YOSEMITE PARK HEADQUARTERS CA US,20070507,-9999,-9999,0
GHCND:USC00049855,YOSEMITE PARK HEADQUARTERS CA US,20070508,-9999,-9999,0
GHCND:USC00049855,YOSEMITE PARK HEADQUARTERS CA US,20070509,-9999,-9999,0
GHCND:USC00049855,YOSEMITE PARK HEADQUARTERS CA US,20070510,-9999,-9999,0
GHCND:USC00049855,YOSEMITE PARK HEADQUARTERS CA US,20070511,-9999,-9999,0
GHCND:USC00049855,YOSEMITE PARK HEADQUARTERS CA US,20070512,-9999,-9999,0
GHCND:USC00049855,YOSEMITE PARK HEADQUARTERS CA US,20070513,-9999,-9999,0
GHCND:USC00049855,YOSEMITE PARK HEADQUARTERS CA US,20070514,-9999,-9999,0
GHCND:USC00049855,YOSEMITE PARK HEADQUARTERS CA US,20070515,-9999,-9999,0
GHCND:USC00049855,YOSEMITE PARK HEADQUARTERS CA US,20070516,-9999,-9999,0
GHCND:USC00049855,YOSEMITE PARK HEADQUARTERS CA US,20070517,-9999,-9999,0
GHCND:USC00049855,YOSEMITE PARK HEADQUARTERS CA US,20070518,-9999,-9999,0
GHCND:USC00049855,YOSEMITE PARK HEADQUARTERS CA US,20070519,-9999,-9999,0
GHCND:USC00049855,YOSEMITE PARK HEADQUARTERS CA US,20070520,-9999,-9999,0
GHCND:USC00049855,YOSEMITE PARK HEADQUARTERS CA US,20070521,-9999,-9999,0
GHCND:USC00049855,YOSEMITE PARK HEADQUARTERS CA US,20070522,-9999,-9999,0
GHCND:USC00049855,YOSEMITE PARK HEADQUARTERS CA US,20070523,-9999,-9999,0
GHCND:USC00049855,YOSEMITE PARK HEADQUARTERS CA US,20070524,-9999,-9999,0
GHCND:USC00049855,YOSEMITE PARK HEADQUARTERS CA US,20070525,-9999,-9999,0
GHCND:USC00049855,YOSEMITE PARK HEADQUARTERS CA US,20070526,-9999,-9999,0
GHCND:USC00049855,YOSEMITE PARK HEADQUARTERS CA US,20070527,-9999,-9999,0
GHCND:USC00049855,YOSEMITE PARK HEADQUARTERS CA US,20070528,-9999,-9999,0
GHCND:USC00049855,YOSEMITE PARK HEADQUARTERS CA US,20070529,-9999,-9999,0
GHCND:USC00049855,YOSEMITE PARK HEADQUARTERS CA US,20070530,-9999,-9999,0
GHCND:USC00049855,YOSEMITE PARK HEADQUARTERS CA US,20070531,-9999,-9999,0
GHCND:USC00049855,YOSEMITE PARK HEADQUARTERS CA US,20070601,-9999,-9999,0
GHCND:USC00049855,YOSEMITE PARK HEADQUARTERS CA US,20070602,-9999,-9999,0
GHCND:USC00049855,YOSEMITE PARK HEADQUARTERS CA US,20070603,-9999,-9999,0
GHCND:USC00049855,YOSEMITE PARK HEADQUARTERS CA US,20070604,-9999,-9999,0
GHCND:USC00049855,YOSEMITE PARK HEADQUARTERS CA US,20070605,-9999,-9999,0
GHCND:USC00049855,YOSEMITE PARK HEADQUARTERS CA US,20070606,-9999,-9999,0
GHCND:USC00049855,YOSEMITE PARK HEADQUARTERS CA US,20070607,-9999,-9999,0
GHCND:USC00049855,YOSEMITE PARK HEADQUARTERS CA US,20070608,-9999,-9999,0
GHCND:USC00049855,YOSEMITE PARK HEADQUARTERS CA US,20070609,-9999,-9999,0
GHCND:USC00049855,YOSEMITE PARK HEADQUARTERS CA US,20070610,-9999,-9999,0
GHCND:USC00049855,YOSEMITE PARK HEADQUARTERS CA US,20070611,-9999,-9999,0
GHCND:USC00049855,YOSEMITE PARK HEADQUARTERS CA US,20070612,-9999,-9999,0
GHCND:USC00049855,YOSEMITE PARK HEADQUARTERS CA US,20070613,-9999,-9999,0
GHCND:USC00049855,YOSEMITE PARK HEADQUARTERS CA US,20070614,-9999,-9999,0
GHCND:USC00049855,YOSEMITE PARK HEADQUARTERS CA US,20070615,-9999,-9999,0
GHCND:USC00049855,YOSEMITE PARK HEADQUARTERS CA US,20070616,-9999,-9999,0
GHCND:USC00049855,YOSEMITE PARK HEADQUARTERS CA US,20070617,-9999,-9999,0
GHCND:USC00049855,YOSEMITE PARK HEADQUARTERS CA US,20070618,-9999,-9999,0
GHCND:USC00049855,YOSEMITE PARK HEADQUARTERS CA US,20070619,-9999,-9999,0
GHCND:USC00049855,YOSEMITE PARK HEADQUARTERS CA US,20070620,-9999,-9999,0
GHCND:USC00049855,YOSEMITE PARK HEADQUARTERS CA US,20070621,-9999,-9999,0
GHCND:USC00049855,YOSEMITE PARK HEADQUARTERS CA US,20070622,-9999,-9999,0
GHCND:USC00049855,YOSEMITE PARK HEADQUARTERS CA US,20070623,-9999,-9999,0
GHCND:USC00049855,YOSEMITE PARK HEADQUARTERS CA US,20070624,-9999,-9999,0
GHCND:USC00049855,YOSEMITE PARK HEADQUARTERS CA US,20070625,-9999,-9999,0
GHCND:USC00049855,YOSEMITE PARK HEADQUARTERS CA US,20070626,-9999,-9999,0
GHCND:USC00049855,YOSEMITE PARK HEADQUARTERS CA US,20070627,-9999,-9999,0
GHCND:USC00049855,YOSEMITE PARK HEADQUARTERS CA US,20070628,-9999,-9999,0
GHCND:USC00049855,YOSEMITE PARK HEADQUARTERS CA US,20070629,-9999,-9999,0
GHCND:USC00049855,YOSEMITE PARK HEADQUARTERS CA US,20070630,-9999,-9999,0
GHCND:USC00049855,YOSEMITE PARK HEADQUARTERS CA US,20070701,-9999,-9999,0
GHCND:USC00049855,YOSEMITE PARK HEADQUARTERS CA US,20070702,-9999,-9999,0
GHCND:USC00049855,YOSEMITE PARK HEADQUARTERS CA US,20070703,-9999,-9999,0
GHCND:USC00049855,YOSEMITE PARK HEADQUARTERS CA US,20070704,-9999,-9999,0
GHCND:USC00049855,YOSEMITE PARK HEADQUARTERS CA US,20070705,-9999,-9999,0
GHCND:USC00049855,YOSEMITE PARK HEADQUARTERS CA US,20070706,-9999,-9999,0
GHCND:USC00049855,YOSEMITE PARK HEADQUARTERS CA US,20070707,-9999,-9999,0
GHCND:USC00049855,YOSEMITE PARK HEADQUARTERS CA US,20070708,-9999,-9999,0
GHCND:USC00049855,YOSEMITE PARK HEADQUARTERS CA US,20070709,-9999,-9999,0
GHCND:USC00049855,YOSEMITE PARK HEADQUARTERS CA US,20070711,-9999,-9999,0
GHCND:USC00049855,YOSEMITE PARK HEADQUARTERS CA US,20070712,-9999,-9999,0
GHCND:USC00049855,YOSEMITE PARK HEADQUARTERS CA US,20070713,-9999,-9999,0
GHCND:USC00049855,YOSEMITE PARK HEADQUARTERS CA US,20070714,-9999,-9999,0
GHCND:USC00049855,YOSEMITE PARK HEADQUARTERS CA US,20070715,-9999,-9999,0
GHCND:USC00049855,YOSEMITE PARK HEADQUARTERS CA US,20070716,-9999,-9999,0
GHCND:USC00049855,YOSEMITE PARK HEADQUARTERS CA US,20070717,-9999,-9999,0
GHCND:USC00049855,YOSEMITE PARK HEADQUARTERS CA US,20070718,-9999,-9999,0
GHCND:USC00049855,YOSEMITE PARK HEADQUARTERS CA US,20070719,-9999,-9999,0
GHCND:USC00049855,YOSEMITE PARK HEADQUARTERS CA US,20070720,-9999,-9999,0
GHCND:USC00049855,YOSEMITE PARK HEADQUARTERS CA US,20070721,-9999,-9999,0
GHCND:USC00049855,YOSEMITE PARK HEADQUARTERS CA US,20070722,-9999,-9999,0
GHCND:USC00049855,YOSEMITE PARK HEADQUARTERS CA US,20070723,-9999,-9999,0
GHCND:USC00049855,YOSEMITE PARK HEADQUARTERS CA US,20070726,-9999,-9999,0
GHCND:USC00049855,YOSEMITE PARK HEADQUARTERS CA US,20070727,-9999,-9999,0
GHCND:USC00049855,YOSEMITE PARK HEADQUARTERS CA US,20070728,-9999,-9999,0
GHCND:USC00049855,YOSEMITE PARK HEADQUARTERS CA US,20070729,-9999,-9999,0
GHCND:USC00049855,YOSEMITE PARK HEADQUARTERS CA US,20070730,-9999,-9999,0
GHCND:USC00049855,YOSEMITE PARK HEADQUARTERS CA US,20070731,-9999,-9999,0
GHCND:USC00049855,YOSEMITE PARK HEADQUARTERS CA US,20070801,-9999,-9999,0
GHCND:USC00049855,YOSEMITE PARK HEADQUARTERS CA US,20070802,-9999,-9999,0
GHCND:USC00049855,YOSEMITE PARK HEADQUARTERS CA US,20070803,-9999,-9999,0
GHCND:USC00049855,YOSEMITE PARK HEADQUARTERS CA US,20070804,-9999,-9999,0
GHCND:USC00049855,YOSEMITE PARK HEADQUARTERS CA US,20070805,-9999,-9999,0
GHCND:USC00049855,YOSEMITE PARK HEADQUARTERS CA US,20070806,-9999,-9999,0
GHCND:USC00049855,YOSEMITE PARK HEADQUARTERS CA US,20070807,-9999,-9999,0
GHCND:USC00049855,YOSEMITE PARK HEADQUARTERS CA US,20070808,-9999,-9999,0
GHCND:USC00049855,YOSEMITE PARK HEADQUARTERS CA US,20070809,-9999,-9999,0
GHCND:USC00049855,YOSEMITE PARK HEADQUARTERS CA US,20070810,-9999,-9999,0
GHCND:USC00049855,YOSEMITE PARK HEADQUARTERS CA US,20070811,-9999,-9999,0
GHCND:USC00049855,YOSEMITE PARK HEADQUARTERS CA US,20070812,-9999,-9999,0
GHCND:USC00049855,YOSEMITE PARK HEADQUARTERS CA US,20070813,-9999,-9999,0
GHCND:USC00049855,YOSEMITE PARK HEADQUARTERS CA US,20070814,-9999,-9999,0
GHCND:USC00049855,YOSEMITE PARK HEADQUARTERS CA US,20070815,-9999,-9999,0
GHCND:USC00049855,YOSEMITE PARK HEADQUARTERS CA US,20070816,-9999,-9999,0
GHCND:USC00049855,YOSEMITE PARK HEADQUARTERS CA US,20070817,-9999,-9999,0
GHCND:USC00049855,YOSEMITE PARK HEADQUARTERS CA US,20070818,-9999,-9999,0
GHCND:USC00049855,YOSEMITE PARK HEADQUARTERS CA US,20070819,-9999,-9999,0
GHCND:USC00049855,YOSEMITE PARK HEADQUARTERS CA US,20070820,-9999,-9999,0
GHCND:USC00049855,YOSEMITE PARK HEADQUARTERS CA US,20070821,-9999,-9999,0
GHCND:USC00049855,YOSEMITE PARK HEADQUARTERS CA US,20070822,-9999,-9999,0
GHCND:USC00049855,YOSEMITE PARK HEADQUARTERS CA US,20070823,-9999,-9999,0
GHCND:USC00049855,YOSEMITE PARK HEADQUARTERS CA US,20070824,-9999,-9999,0
GHCND:USC00049855,YOSEMITE PARK HEADQUARTERS CA US,20070825,-9999,-9999,0
GHCND:USC00049855,YOSEMITE PARK HEADQUARTERS CA US,20070826,-9999,-9999,0
GHCND:USC00049855,YOSEMITE PARK HEADQUARTERS CA US,20070827,-9999,-9999,0
GHCND:USC00049855,YOSEMITE PARK HEADQUARTERS CA US,20070828,-9999,-9999,0
GHCND:USC00049855,YOSEMITE PARK HEADQUARTERS CA US,20070829,-9999,-9999,0.02
GHCND:USC00049855,YOSEMITE PARK HEADQUARTERS CA US,20070831,-9999,-9999,0
GHCND:USC00049855,YOSEMITE PARK HEADQUARTERS CA US,20070901,-9999,-9999,0
GHCND:USC00049855,YOSEMITE PARK HEADQUARTERS CA US,20070902,-9999,-9999,0
GHCND:USC00049855,YOSEMITE PARK HEADQUARTERS CA US,20070903,-9999,-9999,0
GHCND:USC00049855,YOSEMITE PARK HEADQUARTERS CA US,20070904,-9999,-9999,0
GHCND:USC00049855,YOSEMITE PARK HEADQUARTERS CA US,20070905,-9999,-9999,0
GHCND:USC00049855,YOSEMITE PARK HEADQUARTERS CA US,20070906,-9999,-9999,0
GHCND:USC00049855,YOSEMITE PARK HEADQUARTERS CA US,20070907,-9999,-9999,0
GHCND:USC00049855,YOSEMITE PARK HEADQUARTERS CA US,20070908,-9999,-9999,0
GHCND:USC00049855,YOSEMITE PARK HEADQUARTERS CA US,20070909,-9999,-9999,0
GHCND:USC00049855,YOSEMITE PARK HEADQUARTERS CA US,20070910,-9999,-9999,0
GHCND:USC00049855,YOSEMITE PARK HEADQUARTERS CA US,20070911,-9999,-9999,0
GHCND:USC00049855,YOSEMITE PARK HEADQUARTERS CA US,20070912,-9999,-9999,0
GHCND:USC00049855,YOSEMITE PARK HEADQUARTERS CA US,20070913,-9999,-9999,0
GHCND:USC00049855,YOSEMITE PARK HEADQUARTERS CA US,20070914,-9999,-9999,0
GHCND:USC00049855,YOSEMITE PARK HEADQUARTERS CA US,20070915,-9999,-9999,0
GHCND:USC00049855,YOSEMITE PARK HEADQUARTERS CA US,20070920,0.25,-9999,-9999
GHCND:USC00049855,YOSEMITE PARK HEADQUARTERS CA US,20070922,0.16,-9999,-9999
GHCND:USC00049855,YOSEMITE PARK HEADQUARTERS CA US,20070923,-9999,-9999,0.28
GHCND:USC00049855,YOSEMITE PARK HEADQUARTERS CA US,20070924,-9999,-9999,0
GHCND:USC00049855,YOSEMITE PARK HEADQUARTERS CA US,20070925,-9999,-9999,0
GHCND:USC00049855,YOSEMITE PARK HEADQUARTERS CA US,20070926,-9999,-9999,0
GHCND:USC00049855,YOSEMITE PARK HEADQUARTERS CA US,20070927,-9999,-9999,0
GHCND:USC00049855,YOSEMITE PARK HEADQUARTERS CA US,20070928,-9999,-9999,0
GHCND:USC00049855,YOSEMITE PARK HEADQUARTERS CA US,20070929,-9999,-9999,0
GHCND:USC00049855,YOSEMITE PARK HEADQUARTERS CA US,20070930,-9999,-9999,0
GHCND:USC00049855,YOSEMITE PARK HEADQUARTERS CA US,20071001,-9999,-9999,0
GHCND:USC00049855,YOSEMITE PARK HEADQUARTERS CA US,20071002,-9999,-9999,0
GHCND:USC00049855,YOSEMITE PARK HEADQUARTERS CA US,20071003,-9999,-9999,0
GHCND:USC00049855,YOSEMITE PARK HEADQUARTERS CA US,20071004,-9999,-9999,0
GHCND:USC00049855,YOSEMITE PARK HEADQUARTERS CA US,20071005,-9999,-9999,0
GHCND:USC00049855,YOSEMITE PARK HEADQUARTERS CA US,20071007,-9999,-9999,0
GHCND:USC00049855,YOSEMITE PARK HEADQUARTERS CA US,20071008,-9999,-9999,0
GHCND:USC00049855,YOSEMITE PARK HEADQUARTERS CA US,20071009,-9999,-9999,0
GHCND:USC00049855,YOSEMITE PARK HEADQUARTERS CA US,20071010,-9999,-9999,0
GHCND:USC00049855,YOSEMITE PARK HEADQUARTERS CA US,20071011,-9999,-9999,0
GHCND:USC00049855,YOSEMITE PARK HEADQUARTERS CA US,20071012,-9999,-9999,0
GHCND:USC00049855,YOSEMITE PARK HEADQUARTERS CA US,20071013,-9999,-9999,0.22
GHCND:USC00049855,YOSEMITE PARK HEADQUARTERS CA US,20071014,-9999,-9999,0
GHCND:USC00049855,YOSEMITE PARK HEADQUARTERS CA US,20071015,-9999,-9999,0
GHCND:USC00049855,YOSEMITE PARK HEADQUARTERS CA US,20071016,-9999,-9999,0
GHCND:USC00049855,YOSEMITE PARK HEADQUARTERS CA US,20071017,-9999,-9999,0
GHCND:USC00049855,YOSEMITE PARK HEADQUARTERS CA US,20071018,-9999,-9999,0
GHCND:USC00049855,YOSEMITE PARK HEADQUARTERS CA US,20071019,-9999,-9999,0
GHCND:USC00049855,YOSEMITE PARK HEADQUARTERS CA US,20071020,-9999,-9999,0
GHCND:USC00049855,YOSEMITE PARK HEADQUARTERS CA US,20071021,-9999,-9999,0
GHCND:USC00049855,YOSEMITE PARK HEADQUARTERS CA US,20071022,-9999,-9999,0
GHCND:USC00049855,YOSEMITE PARK HEADQUARTERS CA US,20071023,-9999,-9999,0
GHCND:USC00049855,YOSEMITE PARK HEADQUARTERS CA US,20071024,-9999,-9999,0
GHCND:USC00049855,YOSEMITE PARK HEADQUARTERS CA US,20071025,-9999,-9999,0
GHCND:USC00049855,YOSEMITE PARK HEADQUARTERS CA US,20071026,-9999,-9999,0
GHCND:USC00049855,YOSEMITE PARK HEADQUARTERS CA US,20071027,-9999,-9999,0
GHCND:USC00049855,YOSEMITE PARK HEADQUARTERS CA US,20071029,0.03,-9999,-9999
GHCND:USC00049855,YOSEMITE PARK HEADQUARTERS CA US,20071030,-9999,-9999,0
GHCND:USC00049855,YOSEMITE PARK HEADQUARTERS CA US,20071031,-9999,-9999,0
GHCND:USC00049855,YOSEMITE PARK HEADQUARTERS CA US,20071101,-9999,-9999,0
GHCND:USC00049855,YOSEMITE PARK HEADQUARTERS CA US,20071102,-9999,-9999,0
GHCND:USC00049855,YOSEMITE PARK HEADQUARTERS CA US,20071103,-9999,-9999,0
GHCND:USC00049855,YOSEMITE PARK HEADQUARTERS CA US,20071104,-9999,-9999,0
GHCND:USC00049855,YOSEMITE PARK HEADQUARTERS CA US,20071105,-9999,-9999,0
GHCND:USC00049855,YOSEMITE PARK HEADQUARTERS CA US,20071106,-9999,-9999,0
GHCND:USC00049855,YOSEMITE PARK HEADQUARTERS CA US,20071107,-9999,-9999,0
GHCND:USC00049855,YOSEMITE PARK HEADQUARTERS CA US,20071108,-9999,-9999,0
GHCND:USC00049855,YOSEMITE PARK HEADQUARTERS CA US,20071109,-9999,-9999,0
GHCND:USC00049855,YOSEMITE PARK HEADQUARTERS CA US,20071110,-9999,-9999,0
GHCND:USC00049855,YOSEMITE PARK HEADQUARTERS CA US,20071111,-9999,-9999,0
GHCND:USC00049855,YOSEMITE PARK HEADQUARTERS CA US,20071112,-9999,-9999,0
GHCND:USC00049855,YOSEMITE PARK HEADQUARTERS CA US,20071113,-9999,-9999,0
GHCND:USC00049855,YOSEMITE PARK HEADQUARTERS CA US,20071114,-9999,-9999,0
GHCND:USC00049855,YOSEMITE PARK HEADQUARTERS CA US,20071115,-9999,-9999,0
GHCND:USC00049855,YOSEMITE PARK HEADQUARTERS CA US,20071116,-9999,-9999,0
GHCND:USC00049855,YOSEMITE PARK HEADQUARTERS CA US,20071117,-9999,-9999,0
GHCND:USC00049855,YOSEMITE PARK HEADQUARTERS CA US,20071118,-9999,-9999,0
GHCND:USC00049855,YOSEMITE PARK HEADQUARTERS CA US,20071119,-9999,-9999,0
GHCND:USC00049855,YOSEMITE PARK HEADQUARTERS CA US,20071120,-9999,-9999,0
GHCND:USC00049855,YOSEMITE PARK HEADQUARTERS CA US,20071121,-9999,-9999,0
GHCND:USC00049855,YOSEMITE PARK HEADQUARTERS CA US,20071122,-9999,-9999,0
GHCND:USC00049855,YOSEMITE PARK HEADQUARTERS CA US,20071123,-9999,-9999,0
GHCND:USC00049855,YOSEMITE PARK HEADQUARTERS CA US,20071124,-9999,-9999,0
GHCND:USC00049855,YOSEMITE PARK HEADQUARTERS CA US,20071125,-9999,-9999,0
GHCND:USC00049855,YOSEMITE PARK HEADQUARTERS CA US,20071126,-9999,-9999,0
GHCND:USC00049855,YOSEMITE PARK HEADQUARTERS CA US,20071127,-9999,-9999,0
GHCND:USC00049855,YOSEMITE PARK HEADQUARTERS CA US,20071128,-9999,-9999,0
GHCND:USC00049855,YOSEMITE PARK HEADQUARTERS CA US,20071129,-9999,-9999,0
GHCND:USC00049855,YOSEMITE PARK HEADQUARTERS CA US,20071130,-9999,-9999,0
GHCND:USC00049855,YOSEMITE PARK HEADQUARTERS CA US,20071209,-9999,-9999,0
GHCND:USC00049855,YOSEMITE PARK HEADQUARTERS CA US,20071214,-9999,-9999,0
GHCND:USC00049855,YOSEMITE PARK HEADQUARTERS CA US,20071215,-9999,-9999,0
GHCND:USC00049855,YOSEMITE PARK HEADQUARTERS CA US,20071216,-9999,-9999,0
GHCND:USC00049855,YOSEMITE PARK HEADQUARTERS CA US,20071217,-9999,-9999,0
GHCND:USC00049855,YOSEMITE PARK HEADQUARTERS CA US,20071223,-9999,-9999,0
GHCND:USC00049855,YOSEMITE PARK HEADQUARTERS CA US,20080104,1,-9999,-9999
GHCND:USC00049855,YOSEMITE PARK HEADQUARTERS CA US,20080106,1.73,-9999,-9999
GHCND:USC00049855,YOSEMITE PARK HEADQUARTERS CA US,20080108,-9999,-9999,0
GHCND:USC00049855,YOSEMITE PARK HEADQUARTERS CA US,20080109,-9999,-9999,0
GHCND:USC00049855,YOSEMITE PARK HEADQUARTERS CA US,20080111,0.92,-9999,-9999
GHCND:USC00049855,YOSEMITE PARK HEADQUARTERS CA US,20080112,-9999,-9999,0
GHCND:USC00049855,YOSEMITE PARK HEADQUARTERS CA US,20080113,-9999,-9999,0
GHCND:USC00049855,YOSEMITE PARK HEADQUARTERS CA US,20080114,-9999,-9999,0
GHCND:USC00049855,YOSEMITE PARK HEADQUARTERS CA US,20080115,-9999,-9999,0
GHCND:USC00049855,YOSEMITE PARK HEADQUARTERS CA US,20080116,-9999,-9999,0
GHCND:USC00049855,YOSEMITE PARK HEADQUARTERS CA US,20080117,-9999,-9999,0
GHCND:USC00049855,YOSEMITE PARK HEADQUARTERS CA US,20080118,-9999,-9999,0
GHCND:USC00049855,YOSEMITE PARK HEADQUARTERS CA US,20080119,-9999,-9999,0
GHCND:USC00049855,YOSEMITE PARK HEADQUARTERS CA US,20080120,-9999,-9999,0
GHCND:USC00049855,YOSEMITE PARK HEADQUARTERS CA US,20080121,-9999,-9999,0
GHCND:USC00049855,YOSEMITE PARK HEADQUARTERS CA US,20080122,-9999,-9999,0
GHCND:USC00049855,YOSEMITE PARK HEADQUARTERS CA US,20080123,-9999,-9999,0
GHCND:USC00049855,YOSEMITE PARK HEADQUARTERS CA US,20080125,-9999,-9999,0
GHCND:USC00049855,YOSEMITE PARK HEADQUARTERS CA US,20080127,2.01,-9999,-9999
GHCND:USC00049855,YOSEMITE PARK HEADQUARTERS CA US,20080128,-9999,-9999,1.89
GHCND:USC00049855,YOSEMITE PARK HEADQUARTERS CA US,20080129,-9999,-9999,0
GHCND:USC00049855,YOSEMITE PARK HEADQUARTERS CA US,20080130,-9999,-9999,0
GHCND:USC00049855,YOSEMITE PARK HEADQUARTERS CA US,20080131,-9999,-9999,0
GHCND:USC00049855,YOSEMITE PARK HEADQUARTERS CA US,20080801,-9999,-9999,0
GHCND:USC00049855,YOSEMITE PARK HEADQUARTERS CA US,20080802,-9999,-9999,0
GHCND:USC00049855,YOSEMITE PARK HEADQUARTERS CA US,20080803,-9999,-9999,0
GHCND:USC00049855,YOSEMITE PARK HEADQUARTERS CA US,20080804,-9999,-9999,0
GHCND:USC00049855,YOSEMITE PARK HEADQUARTERS CA US,20080805,-9999,-9999,0
GHCND:USC00049855,YOSEMITE PARK HEADQUARTERS CA US,20080806,-9999,-9999,0
GHCND:USC00049855,YOSEMITE PARK HEADQUARTERS CA US,20080807,-9999,-9999,0
GHCND:USC00049855,YOSEMITE PARK HEADQUARTERS CA US,20080808,-9999,-9999,0
GHCND:USC00049855,YOSEMITE PARK HEADQUARTERS CA US,20080809,-9999,-9999,0
GHCND:USC00049855,YOSEMITE PARK HEADQUARTERS CA US,20080810,-9999,-9999,0
GHCND:USC00049855,YOSEMITE PARK HEADQUARTERS CA US,20080811,-9999,-9999,0
GHCND:USC00049855,YOSEMITE PARK HEADQUARTERS CA US,20080812,-9999,-9999,0
GHCND:USC00049855,YOSEMITE PARK HEADQUARTERS CA US,20080813,-9999,-9999,0
GHCND:USC00049855,YOSEMITE PARK HEADQUARTERS CA US,20080814,-9999,-9999,0
GHCND:USC00049855,YOSEMITE PARK HEADQUARTERS CA US,20080815,-9999,-9999,0
GHCND:USC00049855,YOSEMITE PARK HEADQUARTERS CA US,20080816,-9999,-9999,0
GHCND:USC00049855,YOSEMITE PARK HEADQUARTERS CA US,20080817,-9999,-9999,0
GHCND:USC00049855,YOSEMITE PARK HEADQUARTERS CA US,20080818,-9999,-9999,0
GHCND:USC00049855,YOSEMITE PARK HEADQUARTERS CA US,20080819,-9999,-9999,0
GHCND:USC00049855,YOSEMITE PARK HEADQUARTERS CA US,20080820,-9999,-9999,0
GHCND:USC00049855,YOSEMITE PARK HEADQUARTERS CA US,20080821,-9999,-9999,0
GHCND:USC00049855,YOSEMITE PARK HEADQUARTERS CA US,20080822,-9999,-9999,0
GHCND:USC00049855,YOSEMITE PARK HEADQUARTERS CA US,20080823,-9999,-9999,0
GHCND:USC00049855,YOSEMITE PARK HEADQUARTERS CA US,20080824,-9999,-9999,0
GHCND:USC00049855,YOSEMITE PARK HEADQUARTERS CA US,20080825,-9999,-9999,0
GHCND:USC00049855,YOSEMITE PARK HEADQUARTERS CA US,20080826,-9999,-9999,0
GHCND:USC00049855,YOSEMITE PARK HEADQUARTERS CA US,20080827,-9999,-9999,0
GHCND:USC00049855,YOSEMITE PARK HEADQUARTERS CA US,20080828,-9999,-9999,0
GHCND:USC00049855,YOSEMITE PARK HEADQUARTERS CA US,20080829,-9999,-9999,0
GHCND:USC00049855,YOSEMITE PARK HEADQUARTERS CA US,20080830,-9999,-9999,0
GHCND:USC00049855,YOSEMITE PARK HEADQUARTERS CA US,20080831,-9999,-9999,0
GHCND:USC00049855,YOSEMITE PARK HEADQUARTERS CA US,20080901,-9999,-9999,0
GHCND:USC00049855,YOSEMITE PARK HEADQUARTERS CA US,20080902,-9999,-9999,0
GHCND:USC00049855,YOSEMITE PARK HEADQUARTERS CA US,20080903,-9999,-9999,0
GHCND:USC00049855,YOSEMITE PARK HEADQUARTERS CA US,20080904,-9999,-9999,0
GHCND:USC00049855,YOSEMITE PARK HEADQUARTERS CA US,20080905,-9999,-9999,0
GHCND:USC00049855,YOSEMITE PARK HEADQUARTERS CA US,20080906,-9999,-9999,0
GHCND:USC00049855,YOSEMITE PARK HEADQUARTERS CA US,20080907,-9999,-9999,0
GHCND:USC00049855,YOSEMITE PARK HEADQUARTERS CA US,20080908,-9999,-9999,0
GHCND:USC00049855,YOSEMITE PARK HEADQUARTERS CA US,20080909,-9999,-9999,0
GHCND:USC00049855,YOSEMITE PARK HEADQUARTERS CA US,20080910,-9999,-9999,0
GHCND:USC00049855,YOSEMITE PARK HEADQUARTERS CA US,20080911,-9999,-9999,0
GHCND:USC00049855,YOSEMITE PARK HEADQUARTERS CA US,20080912,-9999,-9999,0
GHCND:USC00049855,YOSEMITE PARK HEADQUARTERS CA US,20080913,-9999,-9999,0
GHCND:USC00049855,YOSEMITE PARK HEADQUARTERS CA US,20080914,-9999,-9999,0
GHCND:USC00049855,YOSEMITE PARK HEADQUARTERS CA US,20080915,-9999,-9999,0
GHCND:USC00049855,YOSEMITE PARK HEADQUARTERS CA US,20080916,-9999,-9999,0
GHCND:USC00049855,YOSEMITE PARK HEADQUARTERS CA US,20080917,-9999,-9999,0
GHCND:USC00049855,YOSEMITE PARK HEADQUARTERS CA US,20080918,-9999,-9999,0
GHCND:USC00049855,YOSEMITE PARK HEADQUARTERS CA US,20080919,-9999,-9999,0
GHCND:USC00049855,YOSEMITE PARK HEADQUARTERS CA US,20080920,-9999,-9999,0
GHCND:USC00049855,YOSEMITE PARK HEADQUARTERS CA US,20080921,-9999,-9999,0
GHCND:USC00049855,YOSEMITE PARK HEADQUARTERS CA US,20080922,-9999,-9999,0
GHCND:USC00049855,YOSEMITE PARK HEADQUARTERS CA US,20080923,-9999,-9999,0
GHCND:USC00049855,YOSEMITE PARK HEADQUARTERS CA US,20080924,-9999,-9999,0
GHCND:USC00049855,YOSEMITE PARK HEADQUARTERS CA US,20080925,-9999,-9999,0
GHCND:USC00049855,YOSEMITE PARK HEADQUARTERS CA US,20080926,-9999,-9999,0
GHCND:USC00049855,YOSEMITE PARK HEADQUARTERS CA US,20080927,-9999,-9999,0
GHCND:USC00049855,YOSEMITE PARK HEADQUARTERS CA US,20080928,-9999,-9999,0
GHCND:USC00049855,YOSEMITE PARK HEADQUARTERS CA US,20080929,-9999,-9999,0
GHCND:USC00049855,YOSEMITE PARK HEADQUARTERS CA US,20080930,-9999,-9999,0.03
GHCND:USC00049855,YOSEMITE PARK HEADQUARTERS CA US,20081001,-9999,-9999,0
GHCND:USC00049855,YOSEMITE PARK HEADQUARTERS CA US,20081002,-9999,-9999,0
GHCND:USC00049855,YOSEMITE PARK HEADQUARTERS CA US,20081003,-9999,-9999,0
GHCND:USC00049855,YOSEMITE PARK HEADQUARTERS CA US,20081005,0.1,-9999,-9999
GHCND:USC00049855,YOSEMITE PARK HEADQUARTERS CA US,20081006,-9999,-9999,0
GHCND:USC00049855,YOSEMITE PARK HEADQUARTERS CA US,20081007,-9999,-9999,0
GHCND:USC00049855,YOSEMITE PARK HEADQUARTERS CA US,20081008,-9999,-9999,0
GHCND:USC00049855,YOSEMITE PARK HEADQUARTERS CA US,20081009,-9999,-9999,0
GHCND:USC00049855,YOSEMITE PARK HEADQUARTERS CA US,20081010,-9999,-9999,0
GHCND:USC00049855,YOSEMITE PARK HEADQUARTERS CA US,20081011,-9999,-9999,0
GHCND:USC00049855,YOSEMITE PARK HEADQUARTERS CA US,20081012,-9999,-9999,0
GHCND:USC00049855,YOSEMITE PARK HEADQUARTERS CA US,20081013,-9999,-9999,0
GHCND:USC00049855,YOSEMITE PARK HEADQUARTERS CA US,20081014,-9999,-9999,0
GHCND:USC00049855,YOSEMITE PARK HEADQUARTERS CA US,20081015,-9999,-9999,0
GHCND:USC00049855,YOSEMITE PARK HEADQUARTERS CA US,20081016,-9999,-9999,0
GHCND:USC00049855,YOSEMITE PARK HEADQUARTERS CA US,20081017,-9999,-9999,0
GHCND:USC00049855,YOSEMITE PARK HEADQUARTERS CA US,20081018,-9999,-9999,0
GHCND:USC00049855,YOSEMITE PARK HEADQUARTERS CA US,20081019,-9999,-9999,0
GHCND:USC00049855,YOSEMITE PARK HEADQUARTERS CA US,20081020,-9999,-9999,0
GHCND:USC00049855,YOSEMITE PARK HEADQUARTERS CA US,20081021,-9999,-9999,0
GHCND:USC00049855,YOSEMITE PARK HEADQUARTERS CA US,20081022,-9999,-9999,0
GHCND:USC00049855,YOSEMITE PARK HEADQUARTERS CA US,20081023,-9999,-9999,0
GHCND:USC00049855,YOSEMITE PARK HEADQUARTERS CA US,20081024,-9999,-9999,0
GHCND:USC00049855,YOSEMITE PARK HEADQUARTERS CA US,20081025,-9999,-9999,0
GHCND:USC00049855,YOSEMITE PARK HEADQUARTERS CA US,20081026,-9999,-9999,0
GHCND:USC00049855,YOSEMITE PARK HEADQUARTERS CA US,20081027,-9999,-9999,0
GHCND:USC00049855,YOSEMITE PARK HEADQUARTERS CA US,20081028,-9999,-9999,0
GHCND:USC00049855,YOSEMITE PARK HEADQUARTERS CA US,20081029,-9999,-9999,0
GHCND:USC00049855,YOSEMITE PARK HEADQUARTERS CA US,20081030,-9999,-9999,0
GHCND:USC00049855,YOSEMITE PARK HEADQUARTERS CA US,20081031,-9999,-9999,0.85
GHCND:USC00049855,YOSEMITE PARK HEADQUARTERS CA US,20081101,-9999,-9999,1.3
GHCND:USC00049855,YOSEMITE PARK HEADQUARTERS CA US,20081102,-9999,-9999,2.3
GHCND:USC00049855,YOSEMITE PARK HEADQUARTERS CA US,20081103,-9999,-9999,0.04
GHCND:USC00049855,YOSEMITE PARK HEADQUARTERS CA US,20081104,-9999,-9999,0.25
GHCND:USC00049855,YOSEMITE PARK HEADQUARTERS CA US,20081105,-9999,-9999,0
GHCND:USC00049855,YOSEMITE PARK HEADQUARTERS CA US,20081106,-9999,-9999,0
GHCND:USC00049855,YOSEMITE PARK HEADQUARTERS CA US,20081107,-9999,-9999,0
GHCND:USC00049855,YOSEMITE PARK HEADQUARTERS CA US,20081109,0.57,-9999,-9999
GHCND:USC00049855,YOSEMITE PARK HEADQUARTERS CA US,20081110,-9999,-9999,0
GHCND:USC00049855,YOSEMITE PARK HEADQUARTERS CA US,20081111,-9999,-9999,0
GHCND:USC00049855,YOSEMITE PARK HEADQUARTERS CA US,20081112,-9999,-9999,0
GHCND:USC00049855,YOSEMITE PARK HEADQUARTERS CA US,20081113,-9999,-9999,0
GHCND:USC00049855,YOSEMITE PARK HEADQUARTERS CA US,20081114,-9999,-9999,0
GHCND:USC00049855,YOSEMITE PARK HEADQUARTERS CA US,20081115,-9999,-9999,0
GHCND:USC00049855,YOSEMITE PARK HEADQUARTERS CA US,20081116,-9999,-9999,0
GHCND:USC00049855,YOSEMITE PARK HEADQUARTERS CA US,20081117,-9999,-9999,0
GHCND:USC00049855,YOSEMITE PARK HEADQUARTERS CA US,20081118,-9999,-9999,0
GHCND:USC00049855,YOSEMITE PARK HEADQUARTERS CA US,20081119,-9999,-9999,0
GHCND:USC00049855,YOSEMITE PARK HEADQUARTERS CA US,20081120,-9999,-9999,0
GHCND:USC00049855,YOSEMITE PARK HEADQUARTERS CA US,20081121,-9999,-9999,0
GHCND:USC00049855,YOSEMITE PARK HEADQUARTERS CA US,20081122,-9999,-9999,0
GHCND:USC00049855,YOSEMITE PARK HEADQUARTERS CA US,20081123,-9999,-9999,0
GHCND:USC00049855,YOSEMITE PARK HEADQUARTERS CA US,20081124,-9999,-9999,0
GHCND:USC00049855,YOSEMITE PARK HEADQUARTERS CA US,20081125,-9999,-9999,0
GHCND:USC00049855,YOSEMITE PARK HEADQUARTERS CA US,20081126,-9999,-9999,0.1
GHCND:USC00049855,YOSEMITE PARK HEADQUARTERS CA US,20081127,-9999,-9999,0.17
GHCND:USC00049855,YOSEMITE PARK HEADQUARTERS CA US,20081128,-9999,-9999,0
GHCND:USC00049855,YOSEMITE PARK HEADQUARTERS CA US,20081129,-9999,-9999,0
GHCND:USC00049855,YOSEMITE PARK HEADQUARTERS CA US,20081130,-9999,-9999,0
GHCND:USC00049855,YOSEMITE PARK HEADQUARTERS CA US,20081201,-9999,-9999,0
GHCND:USC00049855,YOSEMITE PARK HEADQUARTERS CA US,20081202,-9999,-9999,0
GHCND:USC00049855,YOSEMITE PARK HEADQUARTERS CA US,20081204,-9999,-9999,0
GHCND:USC00049855,YOSEMITE PARK HEADQUARTERS CA US,20081205,-9999,-9999,0
GHCND:USC00049855,YOSEMITE PARK HEADQUARTERS CA US,20081206,-9999,-9999,0
GHCND:USC00049855,YOSEMITE PARK HEADQUARTERS CA US,20081208,-9999,-9999,0
GHCND:USC00049855,YOSEMITE PARK HEADQUARTERS CA US,20081211,-9999,-9999,0
GHCND:USC00049855,YOSEMITE PARK HEADQUARTERS CA US,20081215,0.6,-9999,-9999
GHCND:USC00049855,YOSEMITE PARK HEADQUARTERS CA US,20081216,-9999,-9999,0.72
GHCND:USC00049855,YOSEMITE PARK HEADQUARTERS CA US,20081217,-9999,-9999,0
GHCND:USC00049855,YOSEMITE PARK HEADQUARTERS CA US,20081218,-9999,-9999,0
GHCND:USC00049855,YOSEMITE PARK HEADQUARTERS CA US,20081219,-9999,-9999,0
GHCND:USC00049855,YOSEMITE PARK HEADQUARTERS CA US,20081220,-9999,-9999,0
GHCND:USC00049855,YOSEMITE PARK HEADQUARTERS CA US,20081221,-9999,-9999,0
GHCND:USC00049855,YOSEMITE PARK HEADQUARTERS CA US,20081226,1.39,-9999,-9999
GHCND:USC00049855,YOSEMITE PARK HEADQUARTERS CA US,20081227,-9999,-9999,0
GHCND:USC00049855,YOSEMITE PARK HEADQUARTERS CA US,20081228,-9999,-9999,0
GHCND:USC00049855,YOSEMITE PARK HEADQUARTERS CA US,20081229,-9999,-9999,0
GHCND:USC00049855,YOSEMITE PARK HEADQUARTERS CA US,20081230,-9999,-9999,0
GHCND:USC00049855,YOSEMITE PARK HEADQUARTERS CA US,20081231,-9999,-9999,0
GHCND:USC00049855,YOSEMITE PARK HEADQUARTERS CA US,20090101,-9999,-9999,0
GHCND:USC00049855,YOSEMITE PARK HEADQUARTERS CA US,20090102,-9999,-9999,0.04
GHCND:USC00049855,YOSEMITE PARK HEADQUARTERS CA US,20090103,-9999,-9999,0
GHCND:USC00049855,YOSEMITE PARK HEADQUARTERS CA US,20090104,-9999,-9999,0
GHCND:USC00049855,YOSEMITE PARK HEADQUARTERS CA US,20090105,-9999,-9999,0
GHCND:USC00049855,YOSEMITE PARK HEADQUARTERS CA US,20090106,-9999,-9999,0.06
GHCND:USC00049855,YOSEMITE PARK HEADQUARTERS CA US,20090107,-9999,-9999,0
GHCND:USC00049855,YOSEMITE PARK HEADQUARTERS CA US,20090108,-9999,-9999,0
GHCND:USC00049855,YOSEMITE PARK HEADQUARTERS CA US,20090109,-9999,-9999,0
GHCND:USC00049855,YOSEMITE PARK HEADQUARTERS CA US,20090110,-9999,-9999,0
GHCND:USC00049855,YOSEMITE PARK HEADQUARTERS CA US,20090111,-9999,-9999,0
GHCND:USC00049855,YOSEMITE PARK HEADQUARTERS CA US,20090112,-9999,-9999,0
GHCND:USC00049855,YOSEMITE PARK HEADQUARTERS CA US,20090113,-9999,-9999,0
GHCND:USC00049855,YOSEMITE PARK HEADQUARTERS CA US,20090114,-9999,-9999,0
GHCND:USC00049855,YOSEMITE PARK HEADQUARTERS CA US,20090115,-9999,-9999,0
GHCND:USC00049855,YOSEMITE PARK HEADQUARTERS CA US,20090116,-9999,-9999,0
GHCND:USC00049855,YOSEMITE PARK HEADQUARTERS CA US,20090117,-9999,-9999,0
GHCND:USC00049855,YOSEMITE PARK HEADQUARTERS CA US,20090118,-9999,-9999,0
GHCND:USC00049855,YOSEMITE PARK HEADQUARTERS CA US,20090122,0.62,-9999,-9999
GHCND:USC00049855,YOSEMITE PARK HEADQUARTERS CA US,20090123,-9999,-9999,0.1
GHCND:USC00049855,YOSEMITE PARK HEADQUARTERS CA US,20090125,2.26,-9999,-9999
GHCND:USC00049855,YOSEMITE PARK HEADQUARTERS CA US,20090126,-9999,-9999,0
GHCND:USC00049855,YOSEMITE PARK HEADQUARTERS CA US,20090127,-9999,-9999,0
GHCND:USC00049855,YOSEMITE PARK HEADQUARTERS CA US,20090128,-9999,-9999,0
GHCND:USC00049855,YOSEMITE PARK HEADQUARTERS CA US,20090129,-9999,-9999,0
GHCND:USC00049855,YOSEMITE PARK HEADQUARTERS CA US,20090130,-9999,-9999,0
GHCND:USC00049855,YOSEMITE PARK HEADQUARTERS CA US,20090131,-9999,-9999,0
GHCND:USC00049855,YOSEMITE PARK HEADQUARTERS CA US,20090201,-9999,-9999,0
GHCND:USC00049855,YOSEMITE PARK HEADQUARTERS CA US,20090202,-9999,-9999,0
GHCND:USC00049855,YOSEMITE PARK HEADQUARTERS CA US,20090203,-9999,-9999,0
GHCND:USC00049855,YOSEMITE PARK HEADQUARTERS CA US,20090204,-9999,-9999,0
GHCND:USC00049855,YOSEMITE PARK HEADQUARTERS CA US,20090205,-9999,-9999,0
GHCND:USC00049855,YOSEMITE PARK HEADQUARTERS CA US,20090206,-9999,-9999,0.45
GHCND:USC00049855,YOSEMITE PARK HEADQUARTERS CA US,20090207,-9999,-9999,0.39
GHCND:USC00049855,YOSEMITE PARK HEADQUARTERS CA US,20090209,0.75,-9999,-9999
GHCND:USC00049855,YOSEMITE PARK HEADQUARTERS CA US,20090210,-9999,-9999,0
GHCND:USC00049855,YOSEMITE PARK HEADQUARTERS CA US,20090211,-9999,-9999,0.28
GHCND:USC00049855,YOSEMITE PARK HEADQUARTERS CA US,20090212,-9999,-9999,0.35
GHCND:USC00049855,YOSEMITE PARK HEADQUARTERS CA US,20090213,-9999,-9999,0
GHCND:USC00049855,YOSEMITE PARK HEADQUARTERS CA US,20090214,-9999,-9999,0.38
GHCND:USC00049855,YOSEMITE PARK HEADQUARTERS CA US,20090219,-9999,-9999,0
GHCND:USC00049855,YOSEMITE PARK HEADQUARTERS CA US,20090221,-9999,-9999,0
GHCND:USC00049855,YOSEMITE PARK HEADQUARTERS CA US,20090222,-9999,-9999,0.33
GHCND:USC00049855,YOSEMITE PARK HEADQUARTERS CA US,20090223,-9999,-9999,0.82
GHCND:USC00049855,YOSEMITE PARK HEADQUARTERS CA US,20090225,0.16,-9999,-9999
GHCND:USC00049855,YOSEMITE PARK HEADQUARTERS CA US,20090226,-9999,-9999,0
GHCND:USC00049855,YOSEMITE PARK HEADQUARTERS CA US,20090227,-9999,-9999,0
GHCND:USC00049855,YOSEMITE PARK HEADQUARTERS CA US,20090228,-9999,-9999,0
GHCND:USC00049855,YOSEMITE PARK HEADQUARTERS CA US,20090302,1.22,-9999,-9999
GHCND:USC00049855,YOSEMITE PARK HEADQUARTERS CA US,20090303,-9999,-9999,0.4
GHCND:USC00049855,YOSEMITE PARK HEADQUARTERS CA US,20090305,0.3,-9999,-9999
GHCND:USC00049855,YOSEMITE PARK HEADQUARTERS CA US,20090309,-9999,-9999,0
GHCND:USC00049855,YOSEMITE PARK HEADQUARTERS CA US,20090310,-9999,-9999,0
GHCND:USC00049855,YOSEMITE PARK HEADQUARTERS CA US,20090311,-9999,-9999,0
GHCND:USC00049855,YOSEMITE PARK HEADQUARTERS CA US,20090312,-9999,-9999,0
GHCND:USC00049855,YOSEMITE PARK HEADQUARTERS CA US,20090313,-9999,-9999,0
GHCND:USC00049855,YOSEMITE PARK HEADQUARTERS CA US,20090314,-9999,-9999,0
GHCND:USC00049855,YOSEMITE PARK HEADQUARTERS CA US,20090316,0.01,-9999,-9999
GHCND:USC00049855,YOSEMITE PARK HEADQUARTERS CA US,20090317,-9999,-9999,0
GHCND:USC00049855,YOSEMITE PARK HEADQUARTERS CA US,20090318,-9999,-9999,0
GHCND:USC00049855,YOSEMITE PARK HEADQUARTERS CA US,20090320,-9999,-9999,0
GHCND:USC00049855,YOSEMITE PARK HEADQUARTERS CA US,20090321,-9999,-9999,0
GHCND:USC00049855,YOSEMITE PARK HEADQUARTERS CA US,20090323,0.2,-9999,-9999
GHCND:USC00049855,YOSEMITE PARK HEADQUARTERS CA US,20090324,-9999,-9999,0
GHCND:USC00049855,YOSEMITE PARK HEADQUARTERS CA US,20090327,-9999,-9999,0
GHCND:USC00049855,YOSEMITE PARK HEADQUARTERS CA US,20090502,2.82,-9999,-9999
GHCND:USC00049855,YOSEMITE PARK HEADQUARTERS CA US,20090503,-9999,-9999,0
GHCND:USC00049855,YOSEMITE PARK HEADQUARTERS CA US,20090504,-9999,-9999,0
GHCND:USC00049855,YOSEMITE PARK HEADQUARTERS CA US,20090505,-9999,-9999,0
GHCND:USC00049855,YOSEMITE PARK HEADQUARTERS CA US,20090506,-9999,-9999,0
GHCND:USC00049855,YOSEMITE PARK HEADQUARTERS CA US,20090507,-9999,-9999,0
GHCND:USC00049855,YOSEMITE PARK HEADQUARTERS CA US,20090508,-9999,-9999,0
GHCND:USC00049855,YOSEMITE PARK HEADQUARTERS CA US,20090509,-9999,-9999,0
GHCND:USC00049855,YOSEMITE PARK HEADQUARTERS CA US,20090510,-9999,-9999,0
GHCND:USC00049855,YOSEMITE PARK HEADQUARTERS CA US,20090511,-9999,-9999,0
GHCND:USC00049855,YOSEMITE PARK HEADQUARTERS CA US,20090512,-9999,-9999,0
GHCND:USC00049855,YOSEMITE PARK HEADQUARTERS CA US,20090513,-9999,-9999,0
GHCND:USC00049855,YOSEMITE PARK HEADQUARTERS CA US,20090514,-9999,-9999,0
GHCND:USC00049855,YOSEMITE PARK HEADQUARTERS CA US,20090515,-9999,-9999,0
GHCND:USC00049855,YOSEMITE PARK HEADQUARTERS CA US,20090516,-9999,-9999,0
GHCND:USC00049855,YOSEMITE PARK HEADQUARTERS CA US,20090517,-9999,-9999,0
GHCND:USC00049855,YOSEMITE PARK HEADQUARTERS CA US,20090518,-9999,-9999,0
GHCND:USC00049855,YOSEMITE PARK HEADQUARTERS CA US,20090519,-9999,-9999,0
GHCND:USC00049855,YOSEMITE PARK HEADQUARTERS CA US,20090520,-9999,-9999,0
GHCND:USC00049855,YOSEMITE PARK HEADQUARTERS CA US,20090521,-9999,-9999,0
GHCND:USC00049855,YOSEMITE PARK HEADQUARTERS CA US,20090522,-9999,-9999,0
GHCND:USC00049855,YOSEMITE PARK HEADQUARTERS CA US,20090523,-9999,-9999,0
GHCND:USC00049855,YOSEMITE PARK HEADQUARTERS CA US,20090524,-9999,-9999,0
GHCND:USC00049855,YOSEMITE PARK HEADQUARTERS CA US,20090525,-9999,-9999,0
GHCND:USC00049855,YOSEMITE PARK HEADQUARTERS CA US,20090526,-9999,-9999,0
GHCND:USC00049855,YOSEMITE PARK HEADQUARTERS CA US,20090527,-9999,-9999,0
GHCND:USC00049855,YOSEMITE PARK HEADQUARTERS CA US,20090528,-9999,-9999,0
GHCND:USC00049855,YOSEMITE PARK HEADQUARTERS CA US,20090529,-9999,-9999,0
GHCND:USC00049855,YOSEMITE PARK HEADQUARTERS CA US,20090530,-9999,-9999,0
GHCND:USC00049855,YOSEMITE PARK HEADQUARTERS CA US,20090531,-9999,-9999,0
GHCND:USC00049855,YOSEMITE PARK HEADQUARTERS CA US,20090701,-9999,-9999,0
GHCND:USC00049855,YOSEMITE PARK HEADQUARTERS CA US,20090702,-9999,-9999,0
GHCND:USC00049855,YOSEMITE PARK HEADQUARTERS CA US,20090703,-9999,-9999,0
GHCND:USC00049855,YOSEMITE PARK HEADQUARTERS CA US,20090704,-9999,-9999,0
GHCND:USC00049855,YOSEMITE PARK HEADQUARTERS CA US,20090705,-9999,-9999,0
GHCND:USC00049855,YOSEMITE PARK HEADQUARTERS CA US,20090706,-9999,-9999,0
GHCND:USC00049855,YOSEMITE PARK HEADQUARTERS CA US,20090707,-9999,-9999,0
GHCND:USC00049855,YOSEMITE PARK HEADQUARTERS CA US,20090708,-9999,-9999,0
GHCND:USC00049855,YOSEMITE PARK HEADQUARTERS CA US,20090709,-9999,-9999,0
GHCND:USC00049855,YOSEMITE PARK HEADQUARTERS CA US,20090710,-9999,-9999,0
GHCND:USC00049855,YOSEMITE PARK HEADQUARTERS CA US,20090711,-9999,-9999,0
GHCND:USC00049855,YOSEMITE PARK HEADQUARTERS CA US,20090712,-9999,-9999,0
GHCND:USC00049855,YOSEMITE PARK HEADQUARTERS CA US,20090713,-9999,-9999,0
GHCND:USC00049855,YOSEMITE PARK HEADQUARTERS CA US,20090714,-9999,-9999,0
GHCND:USC00049855,YOSEMITE PARK HEADQUARTERS CA US,20090715,-9999,-9999,0
GHCND:USC00049855,YOSEMITE PARK HEADQUARTERS CA US,20090716,-9999,-9999,0
GHCND:USC00049855,YOSEMITE PARK HEADQUARTERS CA US,20090717,-9999,-9999,0
GHCND:USC00049855,YOSEMITE PARK HEADQUARTERS CA US,20090718,-9999,-9999,0
GHCND:USC00049855,YOSEMITE PARK HEADQUARTERS CA US,20090719,-9999,-9999,0
GHCND:USC00049855,YOSEMITE PARK HEADQUARTERS CA US,20090720,-9999,-9999,0
GHCND:USC00049855,YOSEMITE PARK HEADQUARTERS CA US,20090721,-9999,-9999,0
GHCND:USC00049855,YOSEMITE PARK HEADQUARTERS CA US,20090722,-9999,-9999,0
GHCND:USC00049855,YOSEMITE PARK HEADQUARTERS CA US,20090723,-9999,-9999,0
GHCND:USC00049855,YOSEMITE PARK HEADQUARTERS CA US,20090724,-9999,-9999,0
GHCND:USC00049855,YOSEMITE PARK HEADQUARTERS CA US,20090725,-9999,-9999,0
GHCND:USC00049855,YOSEMITE PARK HEADQUARTERS CA US,20090726,-9999,-9999,0
GHCND:USC00049855,YOSEMITE PARK HEADQUARTERS CA US,20090727,-9999,-9999,0
GHCND:USC00049855,YOSEMITE PARK HEADQUARTERS CA US,20090728,-9999,-9999,0
GHCND:USC00049855,YOSEMITE PARK HEADQUARTERS CA US,20090729,-9999,-9999,0
GHCND:USC00049855,YOSEMITE PARK HEADQUARTERS CA US,20090730,-9999,-9999,0
GHCND:USC00049855,YOSEMITE PARK HEADQUARTERS CA US,20090731,-9999,-9999,0
GHCND:USC00049855,YOSEMITE PARK HEADQUARTERS CA US,20090801,-9999,-9999,0
GHCND:USC00049855,YOSEMITE PARK HEADQUARTERS CA US,20090802,-9999,-9999,0
GHCND:USC00049855,YOSEMITE PARK HEADQUARTERS CA US,20090803,-9999,-9999,0
GHCND:USC00049855,YOSEMITE PARK HEADQUARTERS CA US,20090804,-9999,-9999,0
GHCND:USC00049855,YOSEMITE PARK HEADQUARTERS CA US,20090805,-9999,-9999,0
GHCND:USC00049855,YOSEMITE PARK HEADQUARTERS CA US,20090806,-9999,-9999,0
GHCND:USC00049855,YOSEMITE PARK HEADQUARTERS CA US,20090807,-9999,-9999,0
GHCND:USC00049855,YOSEMITE PARK HEADQUARTERS CA US,20090808,-9999,-9999,0
GHCND:USC00049855,YOSEMITE PARK HEADQUARTERS CA US,20090809,-9999,-9999,0
GHCND:USC00049855,YOSEMITE PARK HEADQUARTERS CA US,20090810,-9999,-9999,0
GHCND:USC00049855,YOSEMITE PARK HEADQUARTERS CA US,20090811,-9999,-9999,0
GHCND:USC00049855,YOSEMITE PARK HEADQUARTERS CA US,20090812,-9999,-9999,0
GHCND:USC00049855,YOSEMITE PARK HEADQUARTERS CA US,20090813,-9999,-9999,0
GHCND:USC00049855,YOSEMITE PARK HEADQUARTERS CA US,20090814,-9999,-9999,0
GHCND:USC00049855,YOSEMITE PARK HEADQUARTERS CA US,20090815,-9999,-9999,0
GHCND:USC00049855,YOSEMITE PARK HEADQUARTERS CA US,20090816,-9999,-9999,0
GHCND:USC00049855,YOSEMITE PARK HEADQUARTERS CA US,20090817,-9999,-9999,0
GHCND:USC00049855,YOSEMITE PARK HEADQUARTERS CA US,20090818,-9999,-9999,0
GHCND:USC00049855,YOSEMITE PARK HEADQUARTERS CA US,20090819,-9999,-9999,0
GHCND:USC00049855,YOSEMITE PARK HEADQUARTERS CA US,20090820,-9999,-9999,0
GHCND:USC00049855,YOSEMITE PARK HEADQUARTERS CA US,20090821,-9999,-9999,0
GHCND:USC00049855,YOSEMITE PARK HEADQUARTERS CA US,20090822,-9999,-9999,0
GHCND:USC00049855,YOSEMITE PARK HEADQUARTERS CA US,20090823,-9999,-9999,0
GHCND:USC00049855,YOSEMITE PARK HEADQUARTERS CA US,20090824,-9999,-9999,0
GHCND:USC00049855,YOSEMITE PARK HEADQUARTERS CA US,20090825,-9999,-9999,0
GHCND:USC00049855,YOSEMITE PARK HEADQUARTERS CA US,20090826,-9999,-9999,0
GHCND:USC00049855,YOSEMITE PARK HEADQUARTERS CA US,20090827,-9999,-9999,0
GHCND:USC00049855,YOSEMITE PARK HEADQUARTERS CA US,20090828,-9999,-9999,0
GHCND:USC00049855,YOSEMITE PARK HEADQUARTERS CA US,20090829,-9999,-9999,0
GHCND:USC00049855,YOSEMITE PARK HEADQUARTERS CA US,20090830,-9999,-9999,0
GHCND:USC00049855,YOSEMITE PARK HEADQUARTERS CA US,20090831,-9999,-9999,0
GHCND:USC00049855,YOSEMITE PARK HEADQUARTERS CA US,20090901,-9999,-9999,0
GHCND:USC00049855,YOSEMITE PARK HEADQUARTERS CA US,20090902,-9999,-9999,0
GHCND:USC00049855,YOSEMITE PARK HEADQUARTERS CA US,20090903,-9999,-9999,0
GHCND:USC00049855,YOSEMITE PARK HEADQUARTERS CA US,20090904,-9999,-9999,0
GHCND:USC00049855,YOSEMITE PARK HEADQUARTERS CA US,20090905,-9999,-9999,0
GHCND:USC00049855,YOSEMITE PARK HEADQUARTERS CA US,20090906,-9999,-9999,0
GHCND:USC00049855,YOSEMITE PARK HEADQUARTERS CA US,20090907,-9999,-9999,0
GHCND:USC00049855,YOSEMITE PARK HEADQUARTERS CA US,20090908,-9999,-9999,0
GHCND:USC00049855,YOSEMITE PARK HEADQUARTERS CA US,20090909,-9999,-9999,0
GHCND:USC00049855,YOSEMITE PARK HEADQUARTERS CA US,20090910,-9999,-9999,0
GHCND:USC00049855,YOSEMITE PARK HEADQUARTERS CA US,20090911,-9999,-9999,0
GHCND:USC00049855,YOSEMITE PARK HEADQUARTERS CA US,20090912,-9999,-9999,0
GHCND:USC00049855,YOSEMITE PARK HEADQUARTERS CA US,20090915,0.01,-9999,-9999
GHCND:USC00049855,YOSEMITE PARK HEADQUARTERS CA US,20090916,-9999,-9999,0
GHCND:USC00049855,YOSEMITE PARK HEADQUARTERS CA US,20090917,-9999,-9999,0
GHCND:USC00049855,YOSEMITE PARK HEADQUARTERS CA US,20090918,-9999,-9999,0
GHCND:USC00049855,YOSEMITE PARK HEADQUARTERS CA US,20090919,-9999,-9999,0
GHCND:USC00049855,YOSEMITE PARK HEADQUARTERS CA US,20090920,-9999,-9999,0
GHCND:USC00049855,YOSEMITE PARK HEADQUARTERS CA US,20090921,-9999,-9999,0
GHCND:USC00049855,YOSEMITE PARK HEADQUARTERS CA US,20090922,-9999,-9999,0
GHCND:USC00049855,YOSEMITE PARK HEADQUARTERS CA US,20090923,-9999,-9999,0
GHCND:USC00049855,YOSEMITE PARK HEADQUARTERS CA US,20090924,-9999,-9999,0
GHCND:USC00049855,YOSEMITE PARK HEADQUARTERS CA US,20090925,-9999,-9999,0
GHCND:USC00049855,YOSEMITE PARK HEADQUARTERS CA US,20090926,-9999,-9999,0
GHCND:USC00049855,YOSEMITE PARK HEADQUARTERS CA US,20090927,-9999,-9999,0
GHCND:USC00049855,YOSEMITE PARK HEADQUARTERS CA US,20090928,-9999,-9999,0
GHCND:USC00049855,YOSEMITE PARK HEADQUARTERS CA US,20090929,-9999,-9999,0
GHCND:USC00049855,YOSEMITE PARK HEADQUARTERS CA US,20090930,-9999,-9999,0
GHCND:USC00049855,YOSEMITE PARK HEADQUARTERS CA US,20091001,-9999,-9999,0
GHCND:USC00049855,YOSEMITE PARK HEADQUARTERS CA US,20091002,-9999,-9999,0
GHCND:USC00049855,YOSEMITE PARK HEADQUARTERS CA US,20091003,-9999,-9999,0
GHCND:USC00049855,YOSEMITE PARK HEADQUARTERS CA US,20091004,-9999,-9999,0
GHCND:USC00049855,YOSEMITE PARK HEADQUARTERS CA US,20091005,-9999,-9999,0
GHCND:USC00049855,YOSEMITE PARK HEADQUARTERS CA US,20091006,-9999,-9999,0
GHCND:USC00049855,YOSEMITE PARK HEADQUARTERS CA US,20091007,-9999,-9999,0
GHCND:USC00049855,YOSEMITE PARK HEADQUARTERS CA US,20091008,-9999,-9999,0
GHCND:USC00049855,YOSEMITE PARK HEADQUARTERS CA US,20091009,-9999,-9999,0
GHCND:USC00049855,YOSEMITE PARK HEADQUARTERS CA US,20091010,-9999,-9999,0
GHCND:USC00049855,YOSEMITE PARK HEADQUARTERS CA US,20091011,-9999,-9999,0
GHCND:USC00049855,YOSEMITE PARK HEADQUARTERS CA US,20091012,-9999,-9999,0
GHCND:USC00049855,YOSEMITE PARK HEADQUARTERS CA US,20091013,-9999,-9999,0
GHCND:USC00049855,YOSEMITE PARK HEADQUARTERS CA US,20091014,-9999,-9999,0
GHCND:USC00049855,YOSEMITE PARK HEADQUARTERS CA US,20091015,-9999,-9999,0
GHCND:USC00049855,YOSEMITE PARK HEADQUARTERS CA US,20091016,-9999,-9999,0
GHCND:USC00049855,YOSEMITE PARK HEADQUARTERS CA US,20091017,-9999,-9999,0
GHCND:USC00049855,YOSEMITE PARK HEADQUARTERS CA US,20091018,-9999,-9999,0
GHCND:USC00049855,YOSEMITE PARK HEADQUARTERS CA US,20091019,-9999,-9999,0
GHCND:USC00049855,YOSEMITE PARK HEADQUARTERS CA US,20091020,-9999,-9999,0
GHCND:USC00049855,YOSEMITE PARK HEADQUARTERS CA US,20091021,-9999,-9999,0
GHCND:USC00049855,YOSEMITE PARK HEADQUARTERS CA US,20091022,-9999,-9999,0
GHCND:USC00049855,YOSEMITE PARK HEADQUARTERS CA US,20091023,-9999,-9999,0
GHCND:USC00049855,YOSEMITE PARK HEADQUARTERS CA US,20091024,-9999,-9999,0
GHCND:USC00049855,YOSEMITE PARK HEADQUARTERS CA US,20091025,-9999,-9999,0
GHCND:USC00049855,YOSEMITE PARK HEADQUARTERS CA US,20091026,-9999,-9999,0
GHCND:USC00049855,YOSEMITE PARK HEADQUARTERS CA US,20091027,-9999,-9999,0
GHCND:USC00049855,YOSEMITE PARK HEADQUARTERS CA US,20091028,-9999,-9999,0
GHCND:USC00049855,YOSEMITE PARK HEADQUARTERS CA US,20091029,-9999,-9999,0
GHCND:USC00049855,YOSEMITE PARK HEADQUARTERS CA US,20091030,-9999,-9999,0
GHCND:USC00049855,YOSEMITE PARK HEADQUARTERS CA US,20091031,-9999,-9999,0
GHCND:USC00049855,YOSEMITE PARK HEADQUARTERS CA US,20091101,-9999,-9999,0
GHCND:USC00049855,YOSEMITE PARK HEADQUARTERS CA US,20091102,-9999,-9999,0
GHCND:USC00049855,YOSEMITE PARK HEADQUARTERS CA US,20091103,-9999,-9999,0
GHCND:USC00049855,YOSEMITE PARK HEADQUARTERS CA US,20091104,-9999,-9999,0
GHCND:USC00049855,YOSEMITE PARK HEADQUARTERS CA US,20091105,-9999,-9999,0
GHCND:USC00049855,YOSEMITE PARK HEADQUARTERS CA US,20091106,-9999,-9999,0
GHCND:USC00049855,YOSEMITE PARK HEADQUARTERS CA US,20091107,-9999,-9999,0
GHCND:USC00049855,YOSEMITE PARK HEADQUARTERS CA US,20091108,-9999,-9999,0
GHCND:USC00049855,YOSEMITE PARK HEADQUARTERS CA US,20091109,-9999,-9999,0
GHCND:USC00049855,YOSEMITE PARK HEADQUARTERS CA US,20091110,-9999,-9999,0
GHCND:USC00049855,YOSEMITE PARK HEADQUARTERS CA US,20091111,-9999,-9999,0
GHCND:USC00049855,YOSEMITE PARK HEADQUARTERS CA US,20091112,-9999,-9999,0
GHCND:USC00049855,YOSEMITE PARK HEADQUARTERS CA US,20091113,-9999,-9999,0
GHCND:USC00049855,YOSEMITE PARK HEADQUARTERS CA US,20091114,-9999,-9999,0
GHCND:USC00049855,YOSEMITE PARK HEADQUARTERS CA US,20091115,-9999,-9999,0
GHCND:USC00049855,YOSEMITE PARK HEADQUARTERS CA US,20091116,-9999,-9999,0
GHCND:USC00049855,YOSEMITE PARK HEADQUARTERS CA US,20091117,-9999,-9999,0
GHCND:USC00049855,YOSEMITE PARK HEADQUARTERS CA US,20091118,-9999,-9999,0
GHCND:USC00049855,YOSEMITE PARK HEADQUARTERS CA US,20091119,-9999,-9999,0
GHCND:USC00049855,YOSEMITE PARK HEADQUARTERS CA US,20091120,-9999,-9999,0
GHCND:USC00049855,YOSEMITE PARK HEADQUARTERS CA US,20091121,-9999,-9999,0
GHCND:USC00049855,YOSEMITE PARK HEADQUARTERS CA US,20091122,-9999,-9999,0
GHCND:USC00049855,YOSEMITE PARK HEADQUARTERS CA US,20091123,-9999,-9999,0
GHCND:USC00049855,YOSEMITE PARK HEADQUARTERS CA US,20091124,-9999,-9999,0
GHCND:USC00049855,YOSEMITE PARK HEADQUARTERS CA US,20091125,-9999,-9999,0
GHCND:USC00049855,YOSEMITE PARK HEADQUARTERS CA US,20091126,-9999,-9999,0
GHCND:USC00049855,YOSEMITE PARK HEADQUARTERS CA US,20091127,-9999,-9999,0
GHCND:USC00049855,YOSEMITE PARK HEADQUARTERS CA US,20091128,-9999,-9999,0
GHCND:USC00049855,YOSEMITE PARK HEADQUARTERS CA US,20091129,-9999,-9999,0
GHCND:USC00049855,YOSEMITE PARK HEADQUARTERS CA US,20091130,-9999,-9999,0
GHCND:USC00049855,YOSEMITE PARK HEADQUARTERS CA US,20100107,-9999,-9999,0
GHCND:USC00049855,YOSEMITE PARK HEADQUARTERS CA US,20100110,-9999,-9999,0.04
GHCND:USC00049855,YOSEMITE PARK HEADQUARTERS CA US,20100112,-9999,-9999,0
GHCND:USC00049855,YOSEMITE PARK HEADQUARTERS CA US,20100113,-9999,-9999,0.78
GHCND:USC00049855,YOSEMITE PARK HEADQUARTERS CA US,20100114,-9999,-9999,0
GHCND:USC00049855,YOSEMITE PARK HEADQUARTERS CA US,20100116,-9999,-9999,0
GHCND:USC00049855,YOSEMITE PARK HEADQUARTERS CA US,20100117,-9999,-9999,0
GHCND:USC00049855,YOSEMITE PARK HEADQUARTERS CA US,20100118,-9999,-9999,2.3
GHCND:USC00049855,YOSEMITE PARK HEADQUARTERS CA US,20100119,-9999,-9999,1.84
GHCND:USC00049855,YOSEMITE PARK HEADQUARTERS CA US,20100120,-9999,-9999,0.52
GHCND:USC00049855,YOSEMITE PARK HEADQUARTERS CA US,20100121,-9999,-9999,1.5
GHCND:USC00049855,YOSEMITE PARK HEADQUARTERS CA US,20100122,-9999,-9999,1.59
GHCND:USC00049855,YOSEMITE PARK HEADQUARTERS CA US,20100123,-9999,-9999,0.3
GHCND:USC00049855,YOSEMITE PARK HEADQUARTERS CA US,20100124,-9999,-9999,0
GHCND:USC00049855,YOSEMITE PARK HEADQUARTERS CA US,20100125,-9999,-9999,0.05
GHCND:USC00049855,YOSEMITE PARK HEADQUARTERS CA US,20100126,-9999,-9999,0.31
GHCND:USC00049855,YOSEMITE PARK HEADQUARTERS CA US,20100127,-9999,-9999,0
GHCND:USC00049855,YOSEMITE PARK HEADQUARTERS CA US,20100128,-9999,-9999,0
GHCND:USC00049855,YOSEMITE PARK HEADQUARTERS CA US,20100130,0.08,-9999,-9999
GHCND:USC00049855,YOSEMITE PARK HEADQUARTERS CA US,20100201,-9999,-9999,0
GHCND:USC00049855,YOSEMITE PARK HEADQUARTERS CA US,20100202,-9999,-9999,0
GHCND:USC00049855,YOSEMITE PARK HEADQUARTERS CA US,20100203,-9999,-9999,0
GHCND:USC00049855,YOSEMITE PARK HEADQUARTERS CA US,20100204,-9999,-9999,0
GHCND:USC00049855,YOSEMITE PARK HEADQUARTERS CA US,20100205,-9999,-9999,0.54
GHCND:USC00049855,YOSEMITE PARK HEADQUARTERS CA US,20100206,-9999,-9999,0.51
GHCND:USC00049855,YOSEMITE PARK HEADQUARTERS CA US,20100207,-9999,-9999,0.42
GHCND:USC00049855,YOSEMITE PARK HEADQUARTERS CA US,20100208,-9999,-9999,0
GHCND:USC00049855,YOSEMITE PARK HEADQUARTERS CA US,20100209,-9999,-9999,0.01
GHCND:USC00049855,YOSEMITE PARK HEADQUARTERS CA US,20100210,-9999,-9999,0.1
GHCND:USC00049855,YOSEMITE PARK HEADQUARTERS CA US,20100211,-9999,-9999,0
GHCND:USC00049855,YOSEMITE PARK HEADQUARTERS CA US,20100212,-9999,-9999,0
GHCND:USC00049855,YOSEMITE PARK HEADQUARTERS CA US,20100213,-9999,-9999,0
GHCND:USC00049855,YOSEMITE PARK HEADQUARTERS CA US,20100214,-9999,-9999,0
GHCND:USC00049855,YOSEMITE PARK HEADQUARTERS CA US,20100215,-9999,-9999,0
GHCND:USC00049855,YOSEMITE PARK HEADQUARTERS CA US,20100216,-9999,-9999,0
GHCND:USC00049855,YOSEMITE PARK HEADQUARTERS CA US,20100217,-9999,-9999,0
GHCND:USC00049855,YOSEMITE PARK HEADQUARTERS CA US,20100218,-9999,-9999,0
GHCND:USC00049855,YOSEMITE PARK HEADQUARTERS CA US,20100221,0.2,-9999,-9999
GHCND:USC00049855,YOSEMITE PARK HEADQUARTERS CA US,20100222,-9999,-9999,0.57
GHCND:USC00049855,YOSEMITE PARK HEADQUARTERS CA US,20100223,-9999,-9999,0
GHCND:USC00049855,YOSEMITE PARK HEADQUARTERS CA US,20100225,0.01,-9999,-9999
GHCND:USC00049855,YOSEMITE PARK HEADQUARTERS CA US,20100227,1.85,-9999,-9999
GHCND:USC00049855,YOSEMITE PARK HEADQUARTERS CA US,20100228,-9999,-9999,0.2
GHCND:USC00049855,YOSEMITE PARK HEADQUARTERS CA US,20100301,-9999,-9999,0
GHCND:USC00049855,YOSEMITE PARK HEADQUARTERS CA US,20100302,-9999,-9999,0
GHCND:USC00049855,YOSEMITE PARK HEADQUARTERS CA US,20100303,-9999,-9999,0.08
GHCND:USC00049855,YOSEMITE PARK HEADQUARTERS CA US,20100304,-9999,-9999,0.86
GHCND:USC00049855,YOSEMITE PARK HEADQUARTERS CA US,20100305,-9999,-9999,0
GHCND:USC00049855,YOSEMITE PARK HEADQUARTERS CA US,20100306,-9999,-9999,0
GHCND:USC00049855,YOSEMITE PARK HEADQUARTERS CA US,20100307,-9999,-9999,0
GHCND:USC00049855,YOSEMITE PARK HEADQUARTERS CA US,20100308,-9999,-9999,0
GHCND:USC00049855,YOSEMITE PARK HEADQUARTERS CA US,20100309,-9999,-9999,0.25
GHCND:USC00049855,YOSEMITE PARK HEADQUARTERS CA US,20100310,-9999,-9999,0
GHCND:USC00049855,YOSEMITE PARK HEADQUARTERS CA US,20100311,-9999,-9999,0
GHCND:USC00049855,YOSEMITE PARK HEADQUARTERS CA US,20100312,-9999,-9999,0
GHCND:USC00049855,YOSEMITE PARK HEADQUARTERS CA US,20100313,-9999,-9999,1.6
GHCND:USC00049855,YOSEMITE PARK HEADQUARTERS CA US,20100314,-9999,-9999,0
GHCND:USC00049855,YOSEMITE PARK HEADQUARTERS CA US,20100315,-9999,-9999,0
GHCND:USC00049855,YOSEMITE PARK HEADQUARTERS CA US,20100316,-9999,-9999,0
GHCND:USC00049855,YOSEMITE PARK HEADQUARTERS CA US,20100317,-9999,-9999,0
GHCND:USC00049855,YOSEMITE PARK HEADQUARTERS CA US,20100318,-9999,-9999,0
GHCND:USC00049855,YOSEMITE PARK HEADQUARTERS CA US,20100319,-9999,-9999,0
GHCND:USC00049855,YOSEMITE PARK HEADQUARTERS CA US,20100320,-9999,-9999,0
GHCND:USC00049855,YOSEMITE PARK HEADQUARTERS CA US,20100321,-9999,-9999,0
GHCND:USC00049855,YOSEMITE PARK HEADQUARTERS CA US,20100322,-9999,-9999,0
GHCND:USC00049855,YOSEMITE PARK HEADQUARTERS CA US,20100323,-9999,-9999,0
GHCND:USC00049855,YOSEMITE PARK HEADQUARTERS CA US,20100324,-9999,-9999,0
GHCND:USC00049855,YOSEMITE PARK HEADQUARTERS CA US,20100325,-9999,-9999,0
GHCND:USC00049855,YOSEMITE PARK HEADQUARTERS CA US,20100326,-9999,-9999,0
GHCND:USC00049855,YOSEMITE PARK HEADQUARTERS CA US,20100327,-9999,-9999,0
GHCND:USC00049855,YOSEMITE PARK HEADQUARTERS CA US,20100328,-9999,-9999,0
GHCND:USC00049855,YOSEMITE PARK HEADQUARTERS CA US,20100329,-9999,-9999,0
GHCND:USC00049855,YOSEMITE PARK HEADQUARTERS CA US,20100330,-9999,-9999,0
GHCND:USC00049855,YOSEMITE PARK HEADQUARTERS CA US,20100331,-9999,-9999,0
GHCND:USC00049855,YOSEMITE PARK HEADQUARTERS CA US,20100402,1,-9999,-9999
GHCND:USC00049855,YOSEMITE PARK HEADQUARTERS CA US,20100403,-9999,-9999,0
GHCND:USC00049855,YOSEMITE PARK HEADQUARTERS CA US,20100404,-9999,-9999,0
GHCND:USC00049855,YOSEMITE PARK HEADQUARTERS CA US,20100405,-9999,-9999,0
GHCND:USC00049855,YOSEMITE PARK HEADQUARTERS CA US,20100406,-9999,-9999,0
GHCND:USC00049855,YOSEMITE PARK HEADQUARTERS CA US,20100407,-9999,-9999,0
GHCND:USC00049855,YOSEMITE PARK HEADQUARTERS CA US,20100408,-9999,-9999,0
GHCND:USC00049855,YOSEMITE PARK HEADQUARTERS CA US,20100409,-9999,-9999,0
GHCND:USC00049855,YOSEMITE PARK HEADQUARTERS CA US,20100410,-9999,-9999,0
GHCND:USC00049855,YOSEMITE PARK HEADQUARTERS CA US,20100411,-9999,-9999,0
GHCND:USC00049855,YOSEMITE PARK HEADQUARTERS CA US,20100412,-9999,-9999,0
GHCND:USC00049855,YOSEMITE PARK HEADQUARTERS CA US,20100413,-9999,-9999,0
GHCND:USC00049855,YOSEMITE PARK HEADQUARTERS CA US,20100414,-9999,-9999,0
GHCND:USC00049855,YOSEMITE PARK HEADQUARTERS CA US,20100415,-9999,-9999,0
GHCND:USC00049855,YOSEMITE PARK HEADQUARTERS CA US,20100416,-9999,-9999,0
GHCND:USC00049855,YOSEMITE PARK HEADQUARTERS CA US,20100417,-9999,-9999,0
GHCND:USC00049855,YOSEMITE PARK HEADQUARTERS CA US,20100418,-9999,-9999,0
GHCND:USC00049855,YOSEMITE PARK HEADQUARTERS CA US,20100419,-9999,-9999,0
GHCND:USC00049855,YOSEMITE PARK HEADQUARTERS CA US,20100420,-9999,-9999,0
GHCND:USC00049855,YOSEMITE PARK HEADQUARTERS CA US,20100421,-9999,-9999,0
GHCND:USC00049855,YOSEMITE PARK HEADQUARTERS CA US,20100422,-9999,-9999,0
GHCND:USC00049855,YOSEMITE PARK HEADQUARTERS CA US,20100423,-9999,-9999,0
GHCND:USC00049855,YOSEMITE PARK HEADQUARTERS CA US,20100424,-9999,-9999,0
GHCND:USC00049855,YOSEMITE PARK HEADQUARTERS CA US,20100425,-9999,-9999,0
GHCND:USC00049855,YOSEMITE PARK HEADQUARTERS CA US,20100426,-9999,-9999,0
GHCND:USC00049855,YOSEMITE PARK HEADQUARTERS CA US,20100427,-9999,-9999,0
GHCND:USC00049855,YOSEMITE PARK HEADQUARTERS CA US,20100428,-9999,-9999,0
GHCND:USC00049855,YOSEMITE PARK HEADQUARTERS CA US,20100429,-9999,-9999,0
GHCND:USC00049855,YOSEMITE PARK HEADQUARTERS CA US,20100430,-9999,-9999,0
GHCND:USC00049855,YOSEMITE PARK HEADQUARTERS CA US,20100501,-9999,-9999,0
GHCND:USC00049855,YOSEMITE PARK HEADQUARTERS CA US,20100502,-9999,-9999,0
GHCND:USC00049855,YOSEMITE PARK HEADQUARTERS CA US,20100503,-9999,-9999,0
GHCND:USC00049855,YOSEMITE PARK HEADQUARTERS CA US,20100504,-9999,-9999,0
GHCND:USC00049855,YOSEMITE PARK HEADQUARTERS CA US,20100505,-9999,-9999,0
GHCND:USC00049855,YOSEMITE PARK HEADQUARTERS CA US,20100506,-9999,-9999,0
GHCND:USC00049855,YOSEMITE PARK HEADQUARTERS CA US,20100507,-9999,-9999,0
GHCND:USC00049855,YOSEMITE PARK HEADQUARTERS CA US,20100508,-9999,-9999,0
GHCND:USC00049855,YOSEMITE PARK HEADQUARTERS CA US,20100509,-9999,-9999,0
GHCND:USC00049855,YOSEMITE PARK HEADQUARTERS CA US,20100510,-9999,-9999,0
GHCND:USC00049855,YOSEMITE PARK HEADQUARTERS CA US,20100511,-9999,-9999,0
GHCND:USC00049855,YOSEMITE PARK HEADQUARTERS CA US,20100512,-9999,-9999,0
GHCND:USC00049855,YOSEMITE PARK HEADQUARTERS CA US,20100513,-9999,-9999,0
GHCND:USC00049855,YOSEMITE PARK HEADQUARTERS CA US,20100514,-9999,-9999,0
GHCND:USC00049855,YOSEMITE PARK HEADQUARTERS CA US,20100515,-9999,-9999,0
GHCND:USC00049855,YOSEMITE PARK HEADQUARTERS CA US,20100516,-9999,-9999,0
GHCND:USC00049855,YOSEMITE PARK HEADQUARTERS CA US,20100517,-9999,-9999,0
GHCND:USC00049855,YOSEMITE PARK HEADQUARTERS CA US,20100518,-9999,-9999,0
GHCND:USC00049855,YOSEMITE PARK HEADQUARTERS CA US,20100519,-9999,-9999,0
GHCND:USC00049855,YOSEMITE PARK HEADQUARTERS CA US,20100520,-9999,-9999,0
GHCND:USC00049855,YOSEMITE PARK HEADQUARTERS CA US,20100521,-9999,-9999,0
GHCND:USC00049855,YOSEMITE PARK HEADQUARTERS CA US,20100522,-9999,-9999,0
GHCND:USC00049855,YOSEMITE PARK HEADQUARTERS CA US,20100523,-9999,-9999,0
GHCND:USC00049855,YOSEMITE PARK HEADQUARTERS CA US,20100524,-9999,-9999,0
GHCND:USC00049855,YOSEMITE PARK HEADQUARTERS CA US,20100525,-9999,-9999,0
GHCND:USC00049855,YOSEMITE PARK HEADQUARTERS CA US,20100526,-9999,-9999,0
GHCND:USC00049855,YOSEMITE PARK HEADQUARTERS CA US,20100527,-9999,-9999,0
GHCND:USC00049855,YOSEMITE PARK HEADQUARTERS CA US,20100528,-9999,-9999,0
GHCND:USC00049855,YOSEMITE PARK HEADQUARTERS CA US,20100529,-9999,-9999,0
GHCND:USC00049855,YOSEMITE PARK HEADQUARTERS CA US,20100530,-9999,-9999,0
GHCND:USC00049855,YOSEMITE PARK HEADQUARTERS CA US,20100531,-9999,-9999,0
GHCND:USC00049855,YOSEMITE PARK HEADQUARTERS CA US,20100601,-9999,-9999,0
GHCND:USC00049855,YOSEMITE PARK HEADQUARTERS CA US,20100602,-9999,-9999,0
GHCND:USC00049855,YOSEMITE PARK HEADQUARTERS CA US,20100603,-9999,-9999,0
GHCND:USC00049855,YOSEMITE PARK HEADQUARTERS CA US,20100604,-9999,-9999,0
GHCND:USC00049855,YOSEMITE PARK HEADQUARTERS CA US,20100605,-9999,-9999,0
GHCND:USC00049855,YOSEMITE PARK HEADQUARTERS CA US,20100606,-9999,-9999,0
GHCND:USC00049855,YOSEMITE PARK HEADQUARTERS CA US,20100607,-9999,-9999,0
GHCND:USC00049855,YOSEMITE PARK HEADQUARTERS CA US,20100608,-9999,-9999,0
GHCND:USC00049855,YOSEMITE PARK HEADQUARTERS CA US,20100609,-9999,-9999,0
GHCND:USC00049855,YOSEMITE PARK HEADQUARTERS CA US,20100610,-9999,-9999,0
GHCND:USC00049855,YOSEMITE PARK HEADQUARTERS CA US,20100611,-9999,-9999,0
GHCND:USC00049855,YOSEMITE PARK HEADQUARTERS CA US,20100612,-9999,-9999,0
GHCND:USC00049855,YOSEMITE PARK HEADQUARTERS CA US,20100613,-9999,-9999,0
GHCND:USC00049855,YOSEMITE PARK HEADQUARTERS CA US,20100614,-9999,-9999,0
GHCND:USC00049855,YOSEMITE PARK HEADQUARTERS CA US,20100615,-9999,-9999,0
GHCND:USC00049855,YOSEMITE PARK HEADQUARTERS CA US,20100616,-9999,-9999,0
GHCND:USC00049855,YOSEMITE PARK HEADQUARTERS CA US,20100617,-9999,-9999,0
GHCND:USC00049855,YOSEMITE PARK HEADQUARTERS CA US,20100618,-9999,-9999,0
GHCND:USC00049855,YOSEMITE PARK HEADQUARTERS CA US,20100619,-9999,-9999,0
GHCND:USC00049855,YOSEMITE PARK HEADQUARTERS CA US,20100620,-9999,-9999,0
GHCND:USC00049855,YOSEMITE PARK HEADQUARTERS CA US,20100621,-9999,-9999,0
GHCND:USC00049855,YOSEMITE PARK HEADQUARTERS CA US,20100622,-9999,-9999,0
GHCND:USC00049855,YOSEMITE PARK HEADQUARTERS CA US,20100623,-9999,-9999,0
GHCND:USC00049855,YOSEMITE PARK HEADQUARTERS CA US,20100624,-9999,-9999,0
GHCND:USC00049855,YOSEMITE PARK HEADQUARTERS CA US,20100625,-9999,-9999,0
GHCND:USC00049855,YOSEMITE PARK HEADQUARTERS CA US,20100626,-9999,-9999,0
GHCND:USC00049855,YOSEMITE PARK HEADQUARTERS CA US,20100627,-9999,-9999,0
GHCND:USC00049855,YOSEMITE PARK HEADQUARTERS CA US,20100628,-9999,-9999,0
GHCND:USC00049855,YOSEMITE PARK HEADQUARTERS CA US,20100629,-9999,-9999,0
GHCND:USC00049855,YOSEMITE PARK HEADQUARTERS CA US,20100630,-9999,-9999,0
GHCND:USC00049855,YOSEMITE PARK HEADQUARTERS CA US,20100701,-9999,-9999,0
GHCND:USC00049855,YOSEMITE PARK HEADQUARTERS CA US,20100702,-9999,-9999,0
GHCND:USC00049855,YOSEMITE PARK HEADQUARTERS CA US,20100703,-9999,-9999,0
GHCND:USC00049855,YOSEMITE PARK HEADQUARTERS CA US,20100704,-9999,-9999,0
GHCND:USC00049855,YOSEMITE PARK HEADQUARTERS CA US,20100705,-9999,-9999,0
GHCND:USC00049855,YOSEMITE PARK HEADQUARTERS CA US,20100706,-9999,-9999,0
GHCND:USC00049855,YOSEMITE PARK HEADQUARTERS CA US,20100707,-9999,-9999,0
GHCND:USC00049855,YOSEMITE PARK HEADQUARTERS CA US,20100708,-9999,-9999,0
GHCND:USC00049855,YOSEMITE PARK HEADQUARTERS CA US,20100709,-9999,-9999,0
GHCND:USC00049855,YOSEMITE PARK HEADQUARTERS CA US,20100710,-9999,-9999,0
GHCND:USC00049855,YOSEMITE PARK HEADQUARTERS CA US,20100711,-9999,-9999,0
GHCND:USC00049855,YOSEMITE PARK HEADQUARTERS CA US,20100712,-9999,-9999,0
GHCND:USC00049855,YOSEMITE PARK HEADQUARTERS CA US,20100713,-9999,-9999,0
GHCND:USC00049855,YOSEMITE PARK HEADQUARTERS CA US,20100714,-9999,-9999,0
GHCND:USC00049855,YOSEMITE PARK HEADQUARTERS CA US,20100715,-9999,-9999,0
GHCND:USC00049855,YOSEMITE PARK HEADQUARTERS CA US,20100716,-9999,-9999,0
GHCND:USC00049855,YOSEMITE PARK HEADQUARTERS CA US,20100717,-9999,-9999,0
GHCND:USC00049855,YOSEMITE PARK HEADQUARTERS CA US,20100718,-9999,-9999,0
GHCND:USC00049855,YOSEMITE PARK HEADQUARTERS CA US,20100719,-9999,-9999,0
GHCND:USC00049855,YOSEMITE PARK HEADQUARTERS CA US,20100720,-9999,-9999,0
GHCND:USC00049855,YOSEMITE PARK HEADQUARTERS CA US,20100721,-9999,-9999,0
GHCND:USC00049855,YOSEMITE PARK HEADQUARTERS CA US,20100722,-9999,-9999,0
GHCND:USC00049855,YOSEMITE PARK HEADQUARTERS CA US,20100723,-9999,-9999,0
GHCND:USC00049855,YOSEMITE PARK HEADQUARTERS CA US,20100724,-9999,-9999,0
GHCND:USC00049855,YOSEMITE PARK HEADQUARTERS CA US,20100725,-9999,-9999,0
GHCND:USC00049855,YOSEMITE PARK HEADQUARTERS CA US,20100726,-9999,-9999,0
GHCND:USC00049855,YOSEMITE PARK HEADQUARTERS CA US,20100727,-9999,-9999,0
GHCND:USC00049855,YOSEMITE PARK HEADQUARTERS CA US,20100728,-9999,-9999,0
GHCND:USC00049855,YOSEMITE PARK HEADQUARTERS CA US,20100729,-9999,-9999,0
GHCND:USC00049855,YOSEMITE PARK HEADQUARTERS CA US,20100730,-9999,-9999,0
GHCND:USC00049855,YOSEMITE PARK HEADQUARTERS CA US,20100731,-9999,-9999,0
GHCND:USC00049855,YOSEMITE PARK HEADQUARTERS CA US,20100801,-9999,-9999,0
GHCND:USC00049855,YOSEMITE PARK HEADQUARTERS CA US,20100802,-9999,-9999,0
GHCND:USC00049855,YOSEMITE PARK HEADQUARTERS CA US,20100803,-9999,-9999,0
GHCND:USC00049855,YOSEMITE PARK HEADQUARTERS CA US,20100804,-9999,-9999,0
GHCND:USC00049855,YOSEMITE PARK HEADQUARTERS CA US,20100805,-9999,-9999,0
GHCND:USC00049855,YOSEMITE PARK HEADQUARTERS CA US,20100806,-9999,-9999,0
GHCND:USC00049855,YOSEMITE PARK HEADQUARTERS CA US,20100807,-9999,-9999,0
GHCND:USC00049855,YOSEMITE PARK HEADQUARTERS CA US,20100808,-9999,-9999,0
GHCND:USC00049855,YOSEMITE PARK HEADQUARTERS CA US,20100809,-9999,-9999,0
GHCND:USC00049855,YOSEMITE PARK HEADQUARTERS CA US,20100810,-9999,-9999,0
GHCND:USC00049855,YOSEMITE PARK HEADQUARTERS CA US,20100811,-9999,-9999,0
GHCND:USC00049855,YOSEMITE PARK HEADQUARTERS CA US,20100812,-9999,-9999,0
GHCND:USC00049855,YOSEMITE PARK HEADQUARTERS CA US,20100813,-9999,-9999,0
GHCND:USC00049855,YOSEMITE PARK HEADQUARTERS CA US,20100814,-9999,-9999,0
GHCND:USC00049855,YOSEMITE PARK HEADQUARTERS CA US,20100815,-9999,-9999,0
GHCND:USC00049855,YOSEMITE PARK HEADQUARTERS CA US,20100816,-9999,-9999,0
GHCND:USC00049855,YOSEMITE PARK HEADQUARTERS CA US,20100817,-9999,-9999,0
GHCND:USC00049855,YOSEMITE PARK HEADQUARTERS CA US,20100818,-9999,-9999,0
GHCND:USC00049855,YOSEMITE PARK HEADQUARTERS CA US,20100819,-9999,-9999,0
GHCND:USC00049855,YOSEMITE PARK HEADQUARTERS CA US,20100820,-9999,-9999,0
GHCND:USC00049855,YOSEMITE PARK HEADQUARTERS CA US,20100821,-9999,-9999,0
GHCND:USC00049855,YOSEMITE PARK HEADQUARTERS CA US,20100822,-9999,-9999,0
GHCND:USC00049855,YOSEMITE PARK HEADQUARTERS CA US,20100823,-9999,-9999,0
GHCND:USC00049855,YOSEMITE PARK HEADQUARTERS CA US,20100824,-9999,-9999,0
GHCND:USC00049855,YOSEMITE PARK HEADQUARTERS CA US,20100825,-9999,-9999,0
GHCND:USC00049855,YOSEMITE PARK HEADQUARTERS CA US,20100826,-9999,-9999,0
GHCND:USC00049855,YOSEMITE PARK HEADQUARTERS CA US,20100827,-9999,-9999,0
GHCND:USC00049855,YOSEMITE PARK HEADQUARTERS CA US,20100828,-9999,-9999,0
GHCND:USC00049855,YOSEMITE PARK HEADQUARTERS CA US,20100829,-9999,-9999,0
GHCND:USC00049855,YOSEMITE PARK HEADQUARTERS CA US,20100830,-9999,-9999,0
GHCND:USC00049855,YOSEMITE PARK HEADQUARTERS CA US,20100831,-9999,-9999,0
GHCND:USC00049855,YOSEMITE PARK HEADQUARTERS CA US,20100901,-9999,-9999,0
GHCND:USC00049855,YOSEMITE PARK HEADQUARTERS CA US,20100902,-9999,-9999,0
GHCND:USC00049855,YOSEMITE PARK HEADQUARTERS CA US,20100903,-9999,-9999,0
GHCND:USC00049855,YOSEMITE PARK HEADQUARTERS CA US,20100904,-9999,-9999,0
GHCND:USC00049855,YOSEMITE PARK HEADQUARTERS CA US,20100905,-9999,-9999,0
GHCND:USC00049855,YOSEMITE PARK HEADQUARTERS CA US,20100906,-9999,-9999,0
GHCND:USC00049855,YOSEMITE PARK HEADQUARTERS CA US,20100907,-9999,-9999,0
GHCND:USC00049855,YOSEMITE PARK HEADQUARTERS CA US,20100908,-9999,-9999,0
GHCND:USC00049855,YOSEMITE PARK HEADQUARTERS CA US,20100909,-9999,-9999,0
GHCND:USC00049855,YOSEMITE PARK HEADQUARTERS CA US,20100910,-9999,-9999,0
GHCND:USC00049855,YOSEMITE PARK HEADQUARTERS CA US,20100911,-9999,-9999,0
GHCND:USC00049855,YOSEMITE PARK HEADQUARTERS CA US,20100912,-9999,-9999,0
GHCND:USC00049855,YOSEMITE PARK HEADQUARTERS CA US,20100913,-9999,-9999,0
GHCND:USC00049855,YOSEMITE PARK HEADQUARTERS CA US,20100914,-9999,-9999,0
GHCND:USC00049855,YOSEMITE PARK HEADQUARTERS CA US,20100915,-9999,-9999,0
GHCND:USC00049855,YOSEMITE PARK HEADQUARTERS CA US,20100916,-9999,-9999,0
GHCND:USC00049855,YOSEMITE PARK HEADQUARTERS CA US,20100917,-9999,-9999,0
GHCND:USC00049855,YOSEMITE PARK HEADQUARTERS CA US,20100918,-9999,-9999,0
GHCND:USC00049855,YOSEMITE PARK HEADQUARTERS CA US,20100919,-9999,-9999,0
GHCND:USC00049855,YOSEMITE PARK HEADQUARTERS CA US,20100920,-9999,-9999,0
GHCND:USC00049855,YOSEMITE PARK HEADQUARTERS CA US,20100921,-9999,-9999,0
GHCND:USC00049855,YOSEMITE PARK HEADQUARTERS CA US,20100922,-9999,-9999,0
GHCND:USC00049855,YOSEMITE PARK HEADQUARTERS CA US,20100923,-9999,-9999,0
GHCND:USC00049855,YOSEMITE PARK HEADQUARTERS CA US,20100924,-9999,-9999,0
GHCND:USC00049855,YOSEMITE PARK HEADQUARTERS CA US,20100925,-9999,-9999,0
GHCND:USC00049855,YOSEMITE PARK HEADQUARTERS CA US,20100926,-9999,-9999,0
GHCND:USC00049855,YOSEMITE PARK HEADQUARTERS CA US,20100927,-9999,-9999,0
GHCND:USC00049855,YOSEMITE PARK HEADQUARTERS CA US,20100928,-9999,-9999,0
GHCND:USC00049855,YOSEMITE PARK HEADQUARTERS CA US,20100929,-9999,-9999,0
GHCND:USC00049855,YOSEMITE PARK HEADQUARTERS CA US,20100930,-9999,-9999,0
GHCND:USC00049855,YOSEMITE PARK HEADQUARTERS CA US,20101001,-9999,-9999,0
GHCND:USC00049855,YOSEMITE PARK HEADQUARTERS CA US,20101002,-9999,-9999,0
GHCND:USC00049855,YOSEMITE PARK HEADQUARTERS CA US,20101003,-9999,-9999,0.29
GHCND:USC00049855,YOSEMITE PARK HEADQUARTERS CA US,20101004,-9999,-9999,1.2
GHCND:USC00049855,YOSEMITE PARK HEADQUARTERS CA US,20101005,-9999,-9999,0
GHCND:USC00049855,YOSEMITE PARK HEADQUARTERS CA US,20101006,-9999,-9999,0.37
GHCND:USC00049855,YOSEMITE PARK HEADQUARTERS CA US,20101007,-9999,-9999,0
GHCND:USC00049855,YOSEMITE PARK HEADQUARTERS CA US,20101008,-9999,-9999,0
GHCND:USC00049855,YOSEMITE PARK HEADQUARTERS CA US,20101009,-9999,-9999,0
GHCND:USC00049855,YOSEMITE PARK HEADQUARTERS CA US,20101010,-9999,-9999,0
GHCND:USC00049855,YOSEMITE PARK HEADQUARTERS CA US,20101011,-9999,-9999,0
GHCND:USC00049855,YOSEMITE PARK HEADQUARTERS CA US,20101012,-9999,-9999,0
GHCND:USC00049855,YOSEMITE PARK HEADQUARTERS CA US,20101013,-9999,-9999,0
GHCND:USC00049855,YOSEMITE PARK HEADQUARTERS CA US,20101014,-9999,-9999,0
GHCND:USC00049855,YOSEMITE PARK HEADQUARTERS CA US,20101015,-9999,-9999,0
GHCND:USC00049855,YOSEMITE PARK HEADQUARTERS CA US,20101016,-9999,-9999,0
GHCND:USC00049855,YOSEMITE PARK HEADQUARTERS CA US,20101017,-9999,-9999,0
GHCND:USC00049855,YOSEMITE PARK HEADQUARTERS CA US,20101018,-9999,-9999,0
GHCND:USC00049855,YOSEMITE PARK HEADQUARTERS CA US,20101019,-9999,-9999,0
GHCND:USC00049855,YOSEMITE PARK HEADQUARTERS CA US,20101020,-9999,-9999,0
GHCND:USC00049855,YOSEMITE PARK HEADQUARTERS CA US,20101021,-9999,-9999,0
GHCND:USC00049855,YOSEMITE PARK HEADQUARTERS CA US,20101022,-9999,-9999,0
GHCND:USC00049855,YOSEMITE PARK HEADQUARTERS CA US,20101023,-9999,-9999,0
GHCND:USC00049855,YOSEMITE PARK HEADQUARTERS CA US,20101024,-9999,-9999,0
GHCND:USC00049855,YOSEMITE PARK HEADQUARTERS CA US,20101025,-9999,-9999,0
GHCND:USC00049855,YOSEMITE PARK HEADQUARTERS CA US,20101026,-9999,-9999,0
GHCND:USC00049855,YOSEMITE PARK HEADQUARTERS CA US,20101027,-9999,-9999,0
GHCND:USC00049855,YOSEMITE PARK HEADQUARTERS CA US,20101028,-9999,-9999,0
GHCND:USC00049855,YOSEMITE PARK HEADQUARTERS CA US,20101029,-9999,-9999,0
GHCND:USC00049855,YOSEMITE PARK HEADQUARTERS CA US,20101030,-9999,-9999,0
GHCND:USC00049855,YOSEMITE PARK HEADQUARTERS CA US,20101031,-9999,-9999,0
GHCND:USC00049855,YOSEMITE PARK HEADQUARTERS CA US,20101201,-9999,-9999,0
GHCND:USC00049855,YOSEMITE PARK HEADQUARTERS CA US,20101202,-9999,-9999,0
GHCND:USC00049855,YOSEMITE PARK HEADQUARTERS CA US,20101203,-9999,-9999,0
GHCND:USC00049855,YOSEMITE PARK HEADQUARTERS CA US,20101204,-9999,-9999,0
GHCND:USC00049855,YOSEMITE PARK HEADQUARTERS CA US,20101205,-9999,-9999,0
GHCND:USC00049855,YOSEMITE PARK HEADQUARTERS CA US,20101206,-9999,-9999,0
GHCND:USC00049855,YOSEMITE PARK HEADQUARTERS CA US,20101207,-9999,-9999,0
GHCND:USC00049855,YOSEMITE PARK HEADQUARTERS CA US,20101208,-9999,-9999,0
GHCND:USC00049855,YOSEMITE PARK HEADQUARTERS CA US,20101209,-9999,-9999,0
GHCND:USC00049855,YOSEMITE PARK HEADQUARTERS CA US,20101210,-9999,-9999,0
GHCND:USC00049855,YOSEMITE PARK HEADQUARTERS CA US,20101211,-9999,-9999,0
GHCND:USC00049855,YOSEMITE PARK HEADQUARTERS CA US,20101212,-9999,-9999,0
GHCND:USC00049855,YOSEMITE PARK HEADQUARTERS CA US,20101213,-9999,-9999,0
GHCND:USC00049855,YOSEMITE PARK HEADQUARTERS CA US,20101215,1.5,-9999,-9999
GHCND:USC00049855,YOSEMITE PARK HEADQUARTERS CA US,20101218,3,-9999,-9999
GHCND:USC00049855,YOSEMITE PARK HEADQUARTERS CA US,20101219,-9999,-9999,2.2
GHCND:USC00049855,YOSEMITE PARK HEADQUARTERS CA US,20101221,2.5,-9999,-9999
GHCND:USC00049855,YOSEMITE PARK HEADQUARTERS CA US,20101226,0.1,-9999,-9999
GHCND:USC00049855,YOSEMITE PARK HEADQUARTERS CA US,20101227,-9999,-9999,0
GHCND:USC00049855,YOSEMITE PARK HEADQUARTERS CA US,20101228,-9999,-9999,0
GHCND:USC00049855,YOSEMITE PARK HEADQUARTERS CA US,20101229,-9999,-9999,0
GHCND:USC00049855,YOSEMITE PARK HEADQUARTERS CA US,20101230,-9999,-9999,0
GHCND:USC00049855,YOSEMITE PARK HEADQUARTERS CA US,20101231,-9999,-9999,0
GHCND:USC00049855,YOSEMITE PARK HEADQUARTERS CA US,20110101,-9999,-9999,0.1
GHCND:USC00049855,YOSEMITE PARK HEADQUARTERS CA US,20110102,1.4,2,-9999
GHCND:USC00049855,YOSEMITE PARK HEADQUARTERS CA US,20110103,-9999,-9999,1.2
GHCND:USC00049855,YOSEMITE PARK HEADQUARTERS CA US,20110104,-9999,-9999,0
GHCND:USC00049855,YOSEMITE PARK HEADQUARTERS CA US,20110105,-9999,-9999,0
GHCND:USC00049855,YOSEMITE PARK HEADQUARTERS CA US,20110106,-9999,-9999,0
GHCND:USC00049855,YOSEMITE PARK HEADQUARTERS CA US,20110107,-9999,-9999,0
GHCND:USC00049855,YOSEMITE PARK HEADQUARTERS CA US,20110108,-9999,-9999,0
GHCND:USC00049855,YOSEMITE PARK HEADQUARTERS CA US,20110109,-9999,-9999,0
GHCND:USC00049855,YOSEMITE PARK HEADQUARTERS CA US,20110110,-9999,-9999,0
GHCND:USC00049855,YOSEMITE PARK HEADQUARTERS CA US,20110111,-9999,-9999,0.01
GHCND:USC00049855,YOSEMITE PARK HEADQUARTERS CA US,20110112,-9999,-9999,0.34
GHCND:USC00049855,YOSEMITE PARK HEADQUARTERS CA US,20110113,-9999,-9999,0
GHCND:USC00049855,YOSEMITE PARK HEADQUARTERS CA US,20110114,-9999,-9999,0
GHCND:USC00049855,YOSEMITE PARK HEADQUARTERS CA US,20110115,-9999,-9999,0
GHCND:USC00049855,YOSEMITE PARK HEADQUARTERS CA US,20110116,-9999,-9999,0
GHCND:USC00049855,YOSEMITE PARK HEADQUARTERS CA US,20110117,-9999,-9999,0
GHCND:USC00049855,YOSEMITE PARK HEADQUARTERS CA US,20110118,-9999,-9999,0
GHCND:USC00049855,YOSEMITE PARK HEADQUARTERS CA US,20110119,-9999,-9999,0
GHCND:USC00049855,YOSEMITE PARK HEADQUARTERS CA US,20110120,-9999,-9999,0
GHCND:USC00049855,YOSEMITE PARK HEADQUARTERS CA US,20110121,-9999,-9999,0
GHCND:USC00049855,YOSEMITE PARK HEADQUARTERS CA US,20110122,-9999,-9999,0
GHCND:USC00049855,YOSEMITE PARK HEADQUARTERS CA US,20110124,-9999,-9999,0
GHCND:USC00049855,YOSEMITE PARK HEADQUARTERS CA US,20110125,-9999,-9999,0
GHCND:USC00049855,YOSEMITE PARK HEADQUARTERS CA US,20110126,-9999,-9999,0
GHCND:USC00049855,YOSEMITE PARK HEADQUARTERS CA US,20110127,-9999,-9999,0
GHCND:USC00049855,YOSEMITE PARK HEADQUARTERS CA US,20110128,-9999,-9999,0
GHCND:USC00049855,YOSEMITE PARK HEADQUARTERS CA US,20110129,-9999,-9999,0
GHCND:USC00049855,YOSEMITE PARK HEADQUARTERS CA US,20110130,-9999,-9999,0.6
GHCND:USC00049855,YOSEMITE PARK HEADQUARTERS CA US,20110131,-9999,-9999,0.2
GHCND:USC00049855,YOSEMITE PARK HEADQUARTERS CA US,20110201,-9999,-9999,0
GHCND:USC00049855,YOSEMITE PARK HEADQUARTERS CA US,20110202,-9999,-9999,0
GHCND:USC00049855,YOSEMITE PARK HEADQUARTERS CA US,20110203,-9999,-9999,0
GHCND:USC00049855,YOSEMITE PARK HEADQUARTERS CA US,20110205,-9999,-9999,0
GHCND:USC00049855,YOSEMITE PARK HEADQUARTERS CA US,20110206,-9999,-9999,0
GHCND:USC00049855,YOSEMITE PARK HEADQUARTERS CA US,20110208,-9999,-9999,0
GHCND:USC00049855,YOSEMITE PARK HEADQUARTERS CA US,20110209,-9999,-9999,0
GHCND:USC00049855,YOSEMITE PARK HEADQUARTERS CA US,20110210,-9999,-9999,0
GHCND:USC00049855,YOSEMITE PARK HEADQUARTERS CA US,20110211,-9999,-9999,0
GHCND:USC00049855,YOSEMITE PARK HEADQUARTERS CA US,20110212,-9999,-9999,0
GHCND:USC00049855,YOSEMITE PARK HEADQUARTERS CA US,20110213,-9999,-9999,0
GHCND:USC00049855,YOSEMITE PARK HEADQUARTERS CA US,20110214,-9999,-9999,0
GHCND:USC00049855,YOSEMITE PARK HEADQUARTERS CA US,20110215,-9999,-9999,0
GHCND:USC00049855,YOSEMITE PARK HEADQUARTERS CA US,20110216,-9999,-9999,2.2
GHCND:USC00049855,YOSEMITE PARK HEADQUARTERS CA US,20110217,-9999,-9999,1
GHCND:USC00049855,YOSEMITE PARK HEADQUARTERS CA US,20110218,-9999,-9999,1.06
GHCND:USC00049855,YOSEMITE PARK HEADQUARTERS CA US,20110219,-9999,-9999,1.6
GHCND:USC00049855,YOSEMITE PARK HEADQUARTERS CA US,20110220,-9999,-9999,0.25
GHCND:USC00049855,YOSEMITE PARK HEADQUARTERS CA US,20110221,-9999,-9999,0
GHCND:USC00049855,YOSEMITE PARK HEADQUARTERS CA US,20110222,-9999,-9999,0
GHCND:USC00049855,YOSEMITE PARK HEADQUARTERS CA US,20110223,-9999,-9999,0
GHCND:USC00049855,YOSEMITE PARK HEADQUARTERS CA US,20110224,-9999,-9999,0
GHCND:USC00049855,YOSEMITE PARK HEADQUARTERS CA US,20110225,-9999,-9999,0.6
GHCND:USC00049855,YOSEMITE PARK HEADQUARTERS CA US,20110226,-9999,-9999,0.9
GHCND:USC00049855,YOSEMITE PARK HEADQUARTERS CA US,20110227,-9999,-9999,0
GHCND:USC00049855,YOSEMITE PARK HEADQUARTERS CA US,20110228,-9999,-9999,0
GHCND:USC00049855,YOSEMITE PARK HEADQUARTERS CA US,20110301,-9999,-9999,0
GHCND:USC00049855,YOSEMITE PARK HEADQUARTERS CA US,20110302,-9999,-9999,0.15
GHCND:USC00049855,YOSEMITE PARK HEADQUARTERS CA US,20110303,-9999,-9999,0.4
GHCND:USC00049855,YOSEMITE PARK HEADQUARTERS CA US,20110304,-9999,-9999,0.06
GHCND:USC00049855,YOSEMITE PARK HEADQUARTERS CA US,20110305,-9999,-9999,0
GHCND:USC00049855,YOSEMITE PARK HEADQUARTERS CA US,20110306,-9999,-9999,0.4
GHCND:USC00049855,YOSEMITE PARK HEADQUARTERS CA US,20110307,-9999,-9999,1.11
GHCND:USC00049855,YOSEMITE PARK HEADQUARTERS CA US,20110308,-9999,-9999,0
GHCND:USC00049855,YOSEMITE PARK HEADQUARTERS CA US,20110309,-9999,-9999,0
GHCND:USC00049855,YOSEMITE PARK HEADQUARTERS CA US,20110310,-9999,-9999,0
GHCND:USC00049855,YOSEMITE PARK HEADQUARTERS CA US,20110311,-9999,-9999,0
GHCND:USC00049855,YOSEMITE PARK HEADQUARTERS CA US,20110312,-9999,-9999,0
GHCND:USC00049855,YOSEMITE PARK HEADQUARTERS CA US,20110313,-9999,-9999,0
GHCND:USC00049855,YOSEMITE PARK HEADQUARTERS CA US,20110314,-9999,-9999,0.01
GHCND:USC00049855,YOSEMITE PARK HEADQUARTERS CA US,20110315,-9999,-9999,0
GHCND:USC00049855,YOSEMITE PARK HEADQUARTERS CA US,20110316,-9999,-9999,1.16
GHCND:USC00049855,YOSEMITE PARK HEADQUARTERS CA US,20110317,-9999,-9999,0.02
GHCND:USC00049855,YOSEMITE PARK HEADQUARTERS CA US,20110318,-9999,-9999,0.87
GHCND:USC00049855,YOSEMITE PARK HEADQUARTERS CA US,20110319,-9999,-9999,0.85
GHCND:USC00049855,YOSEMITE PARK HEADQUARTERS CA US,20110320,-9999,-9999,2.6
GHCND:USC00049855,YOSEMITE PARK HEADQUARTERS CA US,20110321,-9999,-9999,0.2
GHCND:USC00049855,YOSEMITE PARK HEADQUARTERS CA US,20110322,-9999,-9999,0.01
GHCND:USC00049855,YOSEMITE PARK HEADQUARTERS CA US,20110323,-9999,-9999,0.1
GHCND:USC00049855,YOSEMITE PARK HEADQUARTERS CA US,20110324,-9999,-9999,1.4
GHCND:USC00049855,YOSEMITE PARK HEADQUARTERS CA US,20110325,-9999,-9999,1.3
GHCND:USC00049855,YOSEMITE PARK HEADQUARTERS CA US,20110326,-9999,-9999,0.75
GHCND:USC00049855,YOSEMITE PARK HEADQUARTERS CA US,20110327,-9999,-9999,0.35
GHCND:USC00049855,YOSEMITE PARK HEADQUARTERS CA US,20110328,-9999,-9999,0
GHCND:USC00049855,YOSEMITE PARK HEADQUARTERS CA US,20110329,-9999,-9999,0
GHCND:USC00049855,YOSEMITE PARK HEADQUARTERS CA US,20110330,-9999,-9999,0
GHCND:USC00049855,YOSEMITE PARK HEADQUARTERS CA US,20110331,-9999,-9999,0
GHCND:USC00049855,YOSEMITE PARK HEADQUARTERS CA US,20110401,-9999,-9999,0
GHCND:USC00049855,YOSEMITE PARK HEADQUARTERS CA US,20110402,-9999,-9999,0
GHCND:USC00049855,YOSEMITE PARK HEADQUARTERS CA US,20110403,-9999,-9999,0
GHCND:USC00049855,YOSEMITE PARK HEADQUARTERS CA US,20110404,-9999,-9999,0.01
GHCND:USC00049855,YOSEMITE PARK HEADQUARTERS CA US,20110405,-9999,-9999,0
GHCND:USC00049855,YOSEMITE PARK HEADQUARTERS CA US,20110406,-9999,-9999,0
GHCND:USC00049855,YOSEMITE PARK HEADQUARTERS CA US,20110407,-9999,-9999,0.12
GHCND:USC00049855,YOSEMITE PARK HEADQUARTERS CA US,20110408,-9999,-9999,0.25
GHCND:USC00049855,YOSEMITE PARK HEADQUARTERS CA US,20110409,-9999,-9999,0.15
GHCND:USC00049855,YOSEMITE PARK HEADQUARTERS CA US,20110410,-9999,-9999,0.01
GHCND:USC00049855,YOSEMITE PARK HEADQUARTERS CA US,20110411,-9999,-9999,0
GHCND:USC00049855,YOSEMITE PARK HEADQUARTERS CA US,20110412,-9999,-9999,0
GHCND:USC00049855,YOSEMITE PARK HEADQUARTERS CA US,20110413,-9999,-9999,0
GHCND:USC00049855,YOSEMITE PARK HEADQUARTERS CA US,20110414,-9999,-9999,0.01
GHCND:USC00049855,YOSEMITE PARK HEADQUARTERS CA US,20110415,-9999,-9999,0
GHCND:USC00049855,YOSEMITE PARK HEADQUARTERS CA US,20110416,-9999,-9999,0
GHCND:USC00049855,YOSEMITE PARK HEADQUARTERS CA US,20110417,-9999,-9999,0
GHCND:USC00049855,YOSEMITE PARK HEADQUARTERS CA US,20110418,-9999,-9999,0
GHCND:USC00049855,YOSEMITE PARK HEADQUARTERS CA US,20110419,-9999,-9999,0
GHCND:USC00049855,YOSEMITE PARK HEADQUARTERS CA US,20110420,-9999,-9999,0.02
GHCND:USC00049855,YOSEMITE PARK HEADQUARTERS CA US,20110421,-9999,-9999,0.75
GHCND:USC00049855,YOSEMITE PARK HEADQUARTERS CA US,20110422,-9999,-9999,0.04
GHCND:USC00049855,YOSEMITE PARK HEADQUARTERS CA US,20110423,-9999,-9999,0
GHCND:USC00049855,YOSEMITE PARK HEADQUARTERS CA US,20110424,-9999,-9999,0
GHCND:USC00049855,YOSEMITE PARK HEADQUARTERS CA US,20110425,-9999,-9999,0.08
GHCND:USC00049855,YOSEMITE PARK HEADQUARTERS CA US,20110426,-9999,-9999,0
GHCND:USC00049855,YOSEMITE PARK HEADQUARTERS CA US,20110427,-9999,-9999,0
GHCND:USC00049855,YOSEMITE PARK HEADQUARTERS CA US,20110428,-9999,-9999,0
GHCND:USC00049855,YOSEMITE PARK HEADQUARTERS CA US,20110429,-9999,-9999,0
GHCND:USC00049855,YOSEMITE PARK HEADQUARTERS CA US,20110430,-9999,-9999,0
GHCND:USC00049855,YOSEMITE PARK HEADQUARTERS CA US,20110501,-9999,-9999,0
GHCND:USC00049855,YOSEMITE PARK HEADQUARTERS CA US,20110502,-9999,-9999,0
GHCND:USC00049855,YOSEMITE PARK HEADQUARTERS CA US,20110503,-9999,-9999,0
GHCND:USC00049855,YOSEMITE PARK HEADQUARTERS CA US,20110504,-9999,-9999,0
GHCND:USC00049855,YOSEMITE PARK HEADQUARTERS CA US,20110505,-9999,-9999,0
GHCND:USC00049855,YOSEMITE PARK HEADQUARTERS CA US,20110506,-9999,-9999,0
GHCND:USC00049855,YOSEMITE PARK HEADQUARTERS CA US,20110507,-9999,-9999,0
GHCND:USC00049855,YOSEMITE PARK HEADQUARTERS CA US,20110508,-9999,-9999,0.02
GHCND:USC00049855,YOSEMITE PARK HEADQUARTERS CA US,20110509,-9999,-9999,0.01
GHCND:USC00049855,YOSEMITE PARK HEADQUARTERS CA US,20110510,-9999,-9999,0.25
GHCND:USC00049855,YOSEMITE PARK HEADQUARTERS CA US,20110511,-9999,-9999,0
GHCND:USC00049855,YOSEMITE PARK HEADQUARTERS CA US,20110512,-9999,-9999,0
GHCND:USC00049855,YOSEMITE PARK HEADQUARTERS CA US,20110513,-9999,-9999,0
GHCND:USC00049855,YOSEMITE PARK HEADQUARTERS CA US,20110514,-9999,-9999,0
GHCND:USC00049855,YOSEMITE PARK HEADQUARTERS CA US,20110515,-9999,-9999,0.35
GHCND:USC00049855,YOSEMITE PARK HEADQUARTERS CA US,20110516,-9999,-9999,0.16
GHCND:USC00049855,YOSEMITE PARK HEADQUARTERS CA US,20110517,-9999,-9999,0.19
GHCND:USC00049855,YOSEMITE PARK HEADQUARTERS CA US,20110518,-9999,-9999,0.55
GHCND:USC00049855,YOSEMITE PARK HEADQUARTERS CA US,20110519,-9999,-9999,0.1
GHCND:USC00049855,YOSEMITE PARK HEADQUARTERS CA US,20110520,-9999,-9999,0.01
GHCND:USC00049855,YOSEMITE PARK HEADQUARTERS CA US,20110521,-9999,-9999,0
GHCND:USC00049855,YOSEMITE PARK HEADQUARTERS CA US,20110522,-9999,-9999,0
GHCND:USC00049855,YOSEMITE PARK HEADQUARTERS CA US,20110523,-9999,-9999,0
GHCND:USC00049855,YOSEMITE PARK HEADQUARTERS CA US,20110524,-9999,-9999,0
GHCND:USC00049855,YOSEMITE PARK HEADQUARTERS CA US,20110525,-9999,-9999,0
GHCND:USC00049855,YOSEMITE PARK HEADQUARTERS CA US,20110526,-9999,-9999,0
GHCND:USC00049855,YOSEMITE PARK HEADQUARTERS CA US,20110527,-9999,-9999,0
GHCND:USC00049855,YOSEMITE PARK HEADQUARTERS CA US,20110528,-9999,-9999,0
GHCND:USC00049855,YOSEMITE PARK HEADQUARTERS CA US,20110529,-9999,-9999,0.43
GHCND:USC00049855,YOSEMITE PARK HEADQUARTERS CA US,20110530,-9999,-9999,0.1
GHCND:USC00049855,YOSEMITE PARK HEADQUARTERS CA US,20110531,-9999,-9999,0
GHCND:USC00049855,YOSEMITE PARK HEADQUARTERS CA US,20110601,-9999,-9999,0
GHCND:USC00049855,YOSEMITE PARK HEADQUARTERS CA US,20110602,-9999,-9999,0.08
GHCND:USC00049855,YOSEMITE PARK HEADQUARTERS CA US,20110603,-9999,-9999,0
GHCND:USC00049855,YOSEMITE PARK HEADQUARTERS CA US,20110604,-9999,-9999,0
GHCND:USC00049855,YOSEMITE PARK HEADQUARTERS CA US,20110605,-9999,-9999,0.62
GHCND:USC00049855,YOSEMITE PARK HEADQUARTERS CA US,20110606,-9999,-9999,0.44
GHCND:USC00049855,YOSEMITE PARK HEADQUARTERS CA US,20110607,-9999,-9999,0
GHCND:USC00049855,YOSEMITE PARK HEADQUARTERS CA US,20110608,-9999,-9999,0
GHCND:USC00049855,YOSEMITE PARK HEADQUARTERS CA US,20110609,-9999,-9999,0
GHCND:USC00049855,YOSEMITE PARK HEADQUARTERS CA US,20110610,-9999,-9999,0
GHCND:USC00049855,YOSEMITE PARK HEADQUARTERS CA US,20110611,-9999,-9999,0
GHCND:USC00049855,YOSEMITE PARK HEADQUARTERS CA US,20110612,-9999,-9999,0
GHCND:USC00049855,YOSEMITE PARK HEADQUARTERS CA US,20110613,-9999,-9999,0
GHCND:USC00049855,YOSEMITE PARK HEADQUARTERS CA US,20110614,-9999,-9999,0
GHCND:USC00049855,YOSEMITE PARK HEADQUARTERS CA US,20110615,-9999,-9999,0
GHCND:USC00049855,YOSEMITE PARK HEADQUARTERS CA US,20110616,-9999,-9999,0
GHCND:USC00049855,YOSEMITE PARK HEADQUARTERS CA US,20110617,-9999,-9999,0
GHCND:USC00049855,YOSEMITE PARK HEADQUARTERS CA US,20110618,-9999,-9999,0
GHCND:USC00049855,YOSEMITE PARK HEADQUARTERS CA US,20110619,-9999,-9999,0
GHCND:USC00049855,YOSEMITE PARK HEADQUARTERS CA US,20110620,-9999,-9999,0
GHCND:USC00049855,YOSEMITE PARK HEADQUARTERS CA US,20110621,-9999,-9999,0
GHCND:USC00049855,YOSEMITE PARK HEADQUARTERS CA US,20110622,-9999,-9999,0
GHCND:USC00049855,YOSEMITE PARK HEADQUARTERS CA US,20110623,-9999,-9999,0
GHCND:USC00049855,YOSEMITE PARK HEADQUARTERS CA US,20110624,-9999,-9999,0
GHCND:USC00049855,YOSEMITE PARK HEADQUARTERS CA US,20110626,-9999,-9999,0
GHCND:USC00049855,YOSEMITE PARK HEADQUARTERS CA US,20110628,-9999,-9999,0
GHCND:USC00049855,YOSEMITE PARK HEADQUARTERS CA US,20110629,-9999,-9999,0.7
GHCND:USC00049855,YOSEMITE PARK HEADQUARTERS CA US,20110630,-9999,-9999,0.22
GHCND:USC00049855,YOSEMITE PARK HEADQUARTERS CA US,20110701,-9999,-9999,0
GHCND:USC00049855,YOSEMITE PARK HEADQUARTERS CA US,20110702,-9999,-9999,0
GHCND:USC00049855,YOSEMITE PARK HEADQUARTERS CA US,20110703,-9999,-9999,0
GHCND:USC00049855,YOSEMITE PARK HEADQUARTERS CA US,20110704,-9999,-9999,0
GHCND:USC00049855,YOSEMITE PARK HEADQUARTERS CA US,20110705,-9999,-9999,0
GHCND:USC00049855,YOSEMITE PARK HEADQUARTERS CA US,20110706,-9999,-9999,0
GHCND:USC00049855,YOSEMITE PARK HEADQUARTERS CA US,20110707,-9999,-9999,0
GHCND:USC00049855,YOSEMITE PARK HEADQUARTERS CA US,20110708,-9999,-9999,0
GHCND:USC00049855,YOSEMITE PARK HEADQUARTERS CA US,20110709,-9999,-9999,0
GHCND:USC00049855,YOSEMITE PARK HEADQUARTERS CA US,20110710,-9999,-9999,0
GHCND:USC00049855,YOSEMITE PARK HEADQUARTERS CA US,20110711,-9999,-9999,0
GHCND:USC00049855,YOSEMITE PARK HEADQUARTERS CA US,20110713,-9999,-9999,0
GHCND:USC00049855,YOSEMITE PARK HEADQUARTERS CA US,20110714,-9999,-9999,0
GHCND:USC00049855,YOSEMITE PARK HEADQUARTERS CA US,20110715,-9999,-9999,0
GHCND:USC00049855,YOSEMITE PARK HEADQUARTERS CA US,20110716,-9999,-9999,0
GHCND:USC00049855,YOSEMITE PARK HEADQUARTERS CA US,20110717,-9999,-9999,0
GHCND:USC00049855,YOSEMITE PARK HEADQUARTERS CA US,20110718,-9999,-9999,0
GHCND:USC00049855,YOSEMITE PARK HEADQUARTERS CA US,20110719,-9999,-9999,0
GHCND:USC00049855,YOSEMITE PARK HEADQUARTERS CA US,20110720,-9999,-9999,0
GHCND:USC00049855,YOSEMITE PARK HEADQUARTERS CA US,20110721,-9999,-9999,0
GHCND:USC00049855,YOSEMITE PARK HEADQUARTERS CA US,20110722,-9999,-9999,0
GHCND:USC00049855,YOSEMITE PARK HEADQUARTERS CA US,20110723,-9999,-9999,0
GHCND:USC00049855,YOSEMITE PARK HEADQUARTERS CA US,20110724,-9999,-9999,0
GHCND:USC00049855,YOSEMITE PARK HEADQUARTERS CA US,20110725,-9999,-9999,0
GHCND:USC00049855,YOSEMITE PARK HEADQUARTERS CA US,20110726,-9999,-9999,0
GHCND:USC00049855,YOSEMITE PARK HEADQUARTERS CA US,20110727,-9999,-9999,0
GHCND:USC00049855,YOSEMITE PARK HEADQUARTERS CA US,20110728,-9999,-9999,0
GHCND:USC00049855,YOSEMITE PARK HEADQUARTERS CA US,20110729,-9999,-9999,0
GHCND:USC00049855,YOSEMITE PARK HEADQUARTERS CA US,20110730,-9999,-9999,0
GHCND:USC00049855,YOSEMITE PARK HEADQUARTERS CA US,20110731,-9999,-9999,0
GHCND:USC00049855,YOSEMITE PARK HEADQUARTERS CA US,20110801,-9999,-9999,0.15
GHCND:USC00049855,YOSEMITE PARK HEADQUARTERS CA US,20110802,-9999,-9999,0
GHCND:USC00049855,YOSEMITE PARK HEADQUARTERS CA US,20110803,-9999,-9999,0
GHCND:USC00049855,YOSEMITE PARK HEADQUARTERS CA US,20110806,-9999,-9999,0
GHCND:USC00049855,YOSEMITE PARK HEADQUARTERS CA US,20110808,-9999,-9999,0
GHCND:USC00049855,YOSEMITE PARK HEADQUARTERS CA US,20110809,-9999,-9999,0
GHCND:USC00049855,YOSEMITE PARK HEADQUARTERS CA US,20110810,-9999,-9999,0
GHCND:USC00049855,YOSEMITE PARK HEADQUARTERS CA US,20110813,-9999,-9999,0
GHCND:USC00049855,YOSEMITE PARK HEADQUARTERS CA US,20110814,-9999,-9999,0
GHCND:USC00049855,YOSEMITE PARK HEADQUARTERS CA US,20110815,-9999,-9999,0
GHCND:USC00049855,YOSEMITE PARK HEADQUARTERS CA US,20110816,-9999,-9999,0
GHCND:USC00049855,YOSEMITE PARK HEADQUARTERS CA US,20110817,-9999,-9999,0
GHCND:USC00049855,YOSEMITE PARK HEADQUARTERS CA US,20110820,-9999,-9999,0
GHCND:USC00049855,YOSEMITE PARK HEADQUARTERS CA US,20110821,-9999,-9999,0
GHCND:USC00049855,YOSEMITE PARK HEADQUARTERS CA US,20110822,-9999,-9999,0
GHCND:USC00049855,YOSEMITE PARK HEADQUARTERS CA US,20110823,-9999,-9999,0
GHCND:USC00049855,YOSEMITE PARK HEADQUARTERS CA US,20110827,-9999,-9999,0
GHCND:USC00049855,YOSEMITE PARK HEADQUARTERS CA US,20110828,-9999,-9999,0
GHCND:USC00049855,YOSEMITE PARK HEADQUARTERS CA US,20110829,-9999,-9999,0
GHCND:USC00049855,YOSEMITE PARK HEADQUARTERS CA US,20110830,-9999,-9999,0
GHCND:USC00049855,YOSEMITE PARK HEADQUARTERS CA US,20110901,-9999,-9999,0
GHCND:USC00049855,YOSEMITE PARK HEADQUARTERS CA US,20110902,-9999,-9999,0
GHCND:USC00049855,YOSEMITE PARK HEADQUARTERS CA US,20110903,-9999,-9999,0
GHCND:USC00049855,YOSEMITE PARK HEADQUARTERS CA US,20110904,-9999,-9999,0
GHCND:USC00049855,YOSEMITE PARK HEADQUARTERS CA US,20110905,-9999,-9999,0
GHCND:USC00049855,YOSEMITE PARK HEADQUARTERS CA US,20110906,-9999,-9999,0
GHCND:USC00049855,YOSEMITE PARK HEADQUARTERS CA US,20110907,-9999,-9999,0
GHCND:USC00049855,YOSEMITE PARK HEADQUARTERS CA US,20110908,-9999,-9999,0
GHCND:USC00049855,YOSEMITE PARK HEADQUARTERS CA US,20110909,-9999,-9999,0
GHCND:USC00049855,YOSEMITE PARK HEADQUARTERS CA US,20110910,-9999,-9999,0.22
GHCND:USC00049855,YOSEMITE PARK HEADQUARTERS CA US,20110911,-9999,-9999,0.12
GHCND:USC00049855,YOSEMITE PARK HEADQUARTERS CA US,20110912,-9999,-9999,0.69
GHCND:USC00049855,YOSEMITE PARK HEADQUARTERS CA US,20110913,-9999,-9999,0
GHCND:USC00049855,YOSEMITE PARK HEADQUARTERS CA US,20110914,-9999,-9999,1.01
GHCND:USC00049855,YOSEMITE PARK HEADQUARTERS CA US,20110915,-9999,-9999,0
GHCND:USC00049855,YOSEMITE PARK HEADQUARTERS CA US,20110916,-9999,-9999,0
GHCND:USC00049855,YOSEMITE PARK HEADQUARTERS CA US,20110917,-9999,-9999,0
GHCND:USC00049855,YOSEMITE PARK HEADQUARTERS CA US,20110918,-9999,-9999,0
GHCND:USC00049855,YOSEMITE PARK HEADQUARTERS CA US,20110919,-9999,-9999,0
GHCND:USC00049855,YOSEMITE PARK HEADQUARTERS CA US,20110920,-9999,-9999,0
GHCND:USC00049855,YOSEMITE PARK HEADQUARTERS CA US,20110921,-9999,-9999,0
GHCND:USC00049855,YOSEMITE PARK HEADQUARTERS CA US,20110922,-9999,-9999,0.5
GHCND:USC00049855,YOSEMITE PARK HEADQUARTERS CA US,20110923,-9999,-9999,0
GHCND:USC00049855,YOSEMITE PARK HEADQUARTERS CA US,20110924,-9999,-9999,0
GHCND:USC00049855,YOSEMITE PARK HEADQUARTERS CA US,20110925,-9999,-9999,0.87
GHCND:USC00049855,YOSEMITE PARK HEADQUARTERS CA US,20110926,-9999,-9999,0.01
GHCND:USC00049855,YOSEMITE PARK HEADQUARTERS CA US,20110927,-9999,-9999,0
GHCND:USC00049855,YOSEMITE PARK HEADQUARTERS CA US,20110928,-9999,-9999,0
GHCND:USC00049855,YOSEMITE PARK HEADQUARTERS CA US,20110929,-9999,-9999,0
GHCND:USC00049855,YOSEMITE PARK HEADQUARTERS CA US,20110930,-9999,-9999,0
GHCND:USC00049855,YOSEMITE PARK HEADQUARTERS CA US,20111001,-9999,-9999,0
GHCND:USC00049855,YOSEMITE PARK HEADQUARTERS CA US,20111002,-9999,-9999,0
GHCND:USC00049855,YOSEMITE PARK HEADQUARTERS CA US,20111003,-9999,-9999,0
GHCND:USC00049855,YOSEMITE PARK HEADQUARTERS CA US,20111004,-9999,-9999,0
GHCND:USC00049855,YOSEMITE PARK HEADQUARTERS CA US,20111005,-9999,-9999,1.5
GHCND:USC00049855,YOSEMITE PARK HEADQUARTERS CA US,20111006,-9999,-9999,0.9
GHCND:USC00049855,YOSEMITE PARK HEADQUARTERS CA US,20111007,-9999,-9999,0.15
GHCND:USC00049855,YOSEMITE PARK HEADQUARTERS CA US,20111008,-9999,-9999,0
GHCND:USC00049855,YOSEMITE PARK HEADQUARTERS CA US,20111009,-9999,-9999,0
GHCND:USC00049855,YOSEMITE PARK HEADQUARTERS CA US,20111010,-9999,-9999,0
GHCND:USC00049855,YOSEMITE PARK HEADQUARTERS CA US,20111011,-9999,-9999,0.25
GHCND:USC00049855,YOSEMITE PARK HEADQUARTERS CA US,20111012,-9999,-9999,0
GHCND:USC00049855,YOSEMITE PARK HEADQUARTERS CA US,20111013,-9999,-9999,0
GHCND:USC00049855,YOSEMITE PARK HEADQUARTERS CA US,20111014,-9999,-9999,0
GHCND:USC00049855,YOSEMITE PARK HEADQUARTERS CA US,20111015,-9999,-9999,0
GHCND:USC00049855,YOSEMITE PARK HEADQUARTERS CA US,20111016,-9999,-9999,0
GHCND:USC00049855,YOSEMITE PARK HEADQUARTERS CA US,20111017,-9999,-9999,0
GHCND:USC00049855,YOSEMITE PARK HEADQUARTERS CA US,20111018,-9999,-9999,0
GHCND:USC00049855,YOSEMITE PARK HEADQUARTERS CA US,20111019,-9999,-9999,0
GHCND:USC00049855,YOSEMITE PARK HEADQUARTERS CA US,20111020,-9999,-9999,0
GHCND:USC00049855,YOSEMITE PARK HEADQUARTERS CA US,20111021,-9999,-9999,0
GHCND:USC00049855,YOSEMITE PARK HEADQUARTERS CA US,20111022,-9999,-9999,0
GHCND:USC00049855,YOSEMITE PARK HEADQUARTERS CA US,20111023,-9999,-9999,0
GHCND:USC00049855,YOSEMITE PARK HEADQUARTERS CA US,20111024,-9999,-9999,0
GHCND:USC00049855,YOSEMITE PARK HEADQUARTERS CA US,20111025,-9999,-9999,0
GHCND:USC00049855,YOSEMITE PARK HEADQUARTERS CA US,20111026,-9999,-9999,0
GHCND:USC00049855,YOSEMITE PARK HEADQUARTERS CA US,20111027,-9999,-9999,0
GHCND:USC00049855,YOSEMITE PARK HEADQUARTERS CA US,20111028,-9999,-9999,0
GHCND:USC00049855,YOSEMITE PARK HEADQUARTERS CA US,20111101,-9999,-9999,0
GHCND:USC00049855,YOSEMITE PARK HEADQUARTERS CA US,20111102,-9999,-9999,0
GHCND:USC00049855,YOSEMITE PARK HEADQUARTERS CA US,20111103,-9999,-9999,0
GHCND:USC00049855,YOSEMITE PARK HEADQUARTERS CA US,20111104,-9999,-9999,0.35
GHCND:USC00049855,YOSEMITE PARK HEADQUARTERS CA US,20111105,-9999,-9999,0
GHCND:USC00049855,YOSEMITE PARK HEADQUARTERS CA US,20111106,-9999,-9999,0.41
GHCND:USC00049855,YOSEMITE PARK HEADQUARTERS CA US,20111107,-9999,-9999,0.01
GHCND:USC00049855,YOSEMITE PARK HEADQUARTERS CA US,20111108,-9999,-9999,0
GHCND:USC00049855,YOSEMITE PARK HEADQUARTERS CA US,20111109,-9999,-9999,0
GHCND:USC00049855,YOSEMITE PARK HEADQUARTERS CA US,20111110,-9999,-9999,0
GHCND:USC00049855,YOSEMITE PARK HEADQUARTERS CA US,20111111,-9999,-9999,0
GHCND:USC00049855,YOSEMITE PARK HEADQUARTERS CA US,20111112,-9999,-9999,0.15
GHCND:USC00049855,YOSEMITE PARK HEADQUARTERS CA US,20111113,-9999,-9999,0
GHCND:USC00049855,YOSEMITE PARK HEADQUARTERS CA US,20111114,-9999,-9999,0
GHCND:USC00049855,YOSEMITE PARK HEADQUARTERS CA US,20111115,-9999,-9999,0
GHCND:USC00049855,YOSEMITE PARK HEADQUARTERS CA US,20111116,-9999,-9999,0
GHCND:USC00049855,YOSEMITE PARK HEADQUARTERS CA US,20111117,-9999,-9999,0
GHCND:USC00049855,YOSEMITE PARK HEADQUARTERS CA US,20111118,-9999,-9999,0
GHCND:USC00049855,YOSEMITE PARK HEADQUARTERS CA US,20111119,-9999,-9999,0
GHCND:USC00049855,YOSEMITE PARK HEADQUARTERS CA US,20111120,-9999,-9999,0
GHCND:USC00049855,YOSEMITE PARK HEADQUARTERS CA US,20111121,-9999,-9999,0.15
GHCND:USC00049855,YOSEMITE PARK HEADQUARTERS CA US,20111122,-9999,-9999,0
GHCND:USC00049855,YOSEMITE PARK HEADQUARTERS CA US,20111123,-9999,-9999,0
GHCND:USC00049855,YOSEMITE PARK HEADQUARTERS CA US,20111124,-9999,-9999,0
GHCND:USC00049855,YOSEMITE PARK HEADQUARTERS CA US,20111125,-9999,-9999,0
GHCND:USC00049855,YOSEMITE PARK HEADQUARTERS CA US,20111126,-9999,-9999,0
GHCND:USC00049855,YOSEMITE PARK HEADQUARTERS CA US,20111127,-9999,-9999,0
GHCND:USC00049855,YOSEMITE PARK HEADQUARTERS CA US,20111128,-9999,-9999,0
GHCND:USC00049855,YOSEMITE PARK HEADQUARTERS CA US,20111129,-9999,-9999,0
GHCND:USC00049855,YOSEMITE PARK HEADQUARTERS CA US,20111130,-9999,-9999,0
GHCND:USC00049855,YOSEMITE PARK HEADQUARTERS CA US,20111201,-9999,-9999,0
GHCND:USC00049855,YOSEMITE PARK HEADQUARTERS CA US,20111202,-9999,-9999,0
GHCND:USC00049855,YOSEMITE PARK HEADQUARTERS CA US,20111203,-9999,-9999,0
GHCND:USC00049855,YOSEMITE PARK HEADQUARTERS CA US,20111204,-9999,-9999,0
GHCND:USC00049855,YOSEMITE PARK HEADQUARTERS CA US,20111205,-9999,-9999,0
GHCND:USC00049855,YOSEMITE PARK HEADQUARTERS CA US,20111206,-9999,-9999,0
GHCND:USC00049855,YOSEMITE PARK HEADQUARTERS CA US,20111207,-9999,-9999,0
GHCND:USC00049855,YOSEMITE PARK HEADQUARTERS CA US,20111208,-9999,-9999,0
GHCND:USC00049855,YOSEMITE PARK HEADQUARTERS CA US,20111209,-9999,-9999,0
GHCND:USC00049855,YOSEMITE PARK HEADQUARTERS CA US,20111210,-9999,-9999,0
GHCND:USC00049855,YOSEMITE PARK HEADQUARTERS CA US,20111211,-9999,-9999,0
GHCND:USC00049855,YOSEMITE PARK HEADQUARTERS CA US,20111212,-9999,-9999,0
GHCND:USC00049855,YOSEMITE PARK HEADQUARTERS CA US,20111213,-9999,-9999,0
GHCND:USC00049855,YOSEMITE PARK HEADQUARTERS CA US,20111214,-9999,-9999,0
GHCND:USC00049855,YOSEMITE PARK HEADQUARTERS CA US,20111215,-9999,-9999,0
GHCND:USC00049855,YOSEMITE PARK HEADQUARTERS CA US,20111216,-9999,-9999,0
GHCND:USC00049855,YOSEMITE PARK HEADQUARTERS CA US,20111217,-9999,-9999,0
GHCND:USC00049855,YOSEMITE PARK HEADQUARTERS CA US,20111218,-9999,-9999,0
GHCND:USC00049855,YOSEMITE PARK HEADQUARTERS CA US,20111219,-9999,-9999,0
GHCND:USC00049855,YOSEMITE PARK HEADQUARTERS CA US,20111220,-9999,-9999,0
GHCND:USC00049855,YOSEMITE PARK HEADQUARTERS CA US,20111221,-9999,-9999,0
GHCND:USC00049855,YOSEMITE PARK HEADQUARTERS CA US,20111222,-9999,-9999,0
GHCND:USC00049855,YOSEMITE PARK HEADQUARTERS CA US,20111223,-9999,-9999,0
GHCND:USC00049855,YOSEMITE PARK HEADQUARTERS CA US,20111224,-9999,-9999,0
GHCND:USC00049855,YOSEMITE PARK HEADQUARTERS CA US,20111225,-9999,-9999,0
GHCND:USC00049855,YOSEMITE PARK HEADQUARTERS CA US,20111226,-9999,-9999,0
GHCND:USC00049855,YOSEMITE PARK HEADQUARTERS CA US,20111227,-9999,-9999,0
GHCND:USC00049855,YOSEMITE PARK HEADQUARTERS CA US,20111228,-9999,-9999,0
GHCND:USC00049855,YOSEMITE PARK HEADQUARTERS CA US,20111229,-9999,-9999,0
GHCND:USC00049855,YOSEMITE PARK HEADQUARTERS CA US,20111230,-9999,-9999,0
GHCND:USC00049855,YOSEMITE PARK HEADQUARTERS CA US,20111231,-9999,-9999,0
GHCND:USC00049855,YOSEMITE PARK HEADQUARTERS CA US,20120101,-9999,-9999,0
GHCND:USC00049855,YOSEMITE PARK HEADQUARTERS CA US,20120102,-9999,-9999,0
GHCND:USC00049855,YOSEMITE PARK HEADQUARTERS CA US,20120103,-9999,-9999,0
GHCND:USC00049855,YOSEMITE PARK HEADQUARTERS CA US,20120104,-9999,-9999,0
GHCND:USC00049855,YOSEMITE PARK HEADQUARTERS CA US,20120105,-9999,-9999,0
GHCND:USC00049855,YOSEMITE PARK HEADQUARTERS CA US,20120106,-9999,-9999,0
GHCND:USC00049855,YOSEMITE PARK HEADQUARTERS CA US,20120107,-9999,-9999,0
GHCND:USC00049855,YOSEMITE PARK HEADQUARTERS CA US,20120108,-9999,-9999,0
GHCND:USC00049855,YOSEMITE PARK HEADQUARTERS CA US,20120109,-9999,-9999,0
GHCND:USC00049855,YOSEMITE PARK HEADQUARTERS CA US,20120110,-9999,-9999,0
GHCND:USC00049855,YOSEMITE PARK HEADQUARTERS CA US,20120111,-9999,-9999,0
GHCND:USC00049855,YOSEMITE PARK HEADQUARTERS CA US,20120112,-9999,-9999,0
GHCND:USC00049855,YOSEMITE PARK HEADQUARTERS CA US,20120114,-9999,-9999,0
GHCND:USC00049855,YOSEMITE PARK HEADQUARTERS CA US,20120115,-9999,-9999,0
GHCND:USC00049855,YOSEMITE PARK HEADQUARTERS CA US,20120116,-9999,-9999,0
GHCND:USC00049855,YOSEMITE PARK HEADQUARTERS CA US,20120117,-9999,-9999,0
GHCND:USC00049855,YOSEMITE PARK HEADQUARTERS CA US,20120118,-9999,-9999,0
GHCND:USC00049855,YOSEMITE PARK HEADQUARTERS CA US,20120119,-9999,-9999,0
GHCND:USC00049855,YOSEMITE PARK HEADQUARTERS CA US,20120120,-9999,-9999,0.1
GHCND:USC00049855,YOSEMITE PARK HEADQUARTERS CA US,20120121,-9999,-9999,2.95
GHCND:USC00049855,YOSEMITE PARK HEADQUARTERS CA US,20120122,-9999,-9999,0.25
GHCND:USC00049855,YOSEMITE PARK HEADQUARTERS CA US,20120123,-9999,-9999,1.2
GHCND:USC00049855,YOSEMITE PARK HEADQUARTERS CA US,20120124,-9999,-9999,0.48
GHCND:USC00049855,YOSEMITE PARK HEADQUARTERS CA US,20120125,-9999,-9999,0
GHCND:USC00049855,YOSEMITE PARK HEADQUARTERS CA US,20120126,-9999,-9999,0
GHCND:USC00049855,YOSEMITE PARK HEADQUARTERS CA US,20120127,-9999,-9999,0
GHCND:USC00049855,YOSEMITE PARK HEADQUARTERS CA US,20120128,-9999,-9999,0
GHCND:USC00049855,YOSEMITE PARK HEADQUARTERS CA US,20120129,-9999,-9999,0
GHCND:USC00049855,YOSEMITE PARK HEADQUARTERS CA US,20120130,-9999,-9999,0
GHCND:USC00049855,YOSEMITE PARK HEADQUARTERS CA US,20120131,-9999,-9999,0
GHCND:USC00049855,YOSEMITE PARK HEADQUARTERS CA US,20120201,-9999,-9999,0
GHCND:USC00049855,YOSEMITE PARK HEADQUARTERS CA US,20120202,-9999,-9999,0
GHCND:USC00049855,YOSEMITE PARK HEADQUARTERS CA US,20120203,-9999,-9999,0
GHCND:USC00049855,YOSEMITE PARK HEADQUARTERS CA US,20120204,-9999,-9999,0
GHCND:USC00049855,YOSEMITE PARK HEADQUARTERS CA US,20120205,-9999,-9999,0
GHCND:USC00049855,YOSEMITE PARK HEADQUARTERS CA US,20120206,-9999,-9999,0
GHCND:USC00049855,YOSEMITE PARK HEADQUARTERS CA US,20120207,-9999,-9999,0
GHCND:USC00049855,YOSEMITE PARK HEADQUARTERS CA US,20120208,-9999,-9999,0.05
GHCND:USC00049855,YOSEMITE PARK HEADQUARTERS CA US,20120209,-9999,-9999,0
GHCND:USC00049855,YOSEMITE PARK HEADQUARTERS CA US,20120210,-9999,-9999,0
GHCND:USC00049855,YOSEMITE PARK HEADQUARTERS CA US,20120211,-9999,-9999,0
GHCND:USC00049855,YOSEMITE PARK HEADQUARTERS CA US,20120212,-9999,-9999,0
GHCND:USC00049855,YOSEMITE PARK HEADQUARTERS CA US,20120213,-9999,-9999,0.4
GHCND:USC00049855,YOSEMITE PARK HEADQUARTERS CA US,20120214,-9999,-9999,0
GHCND:USC00049855,YOSEMITE PARK HEADQUARTERS CA US,20120215,-9999,-9999,0.4
GHCND:USC00049855,YOSEMITE PARK HEADQUARTERS CA US,20120216,-9999,-9999,0
GHCND:USC00049855,YOSEMITE PARK HEADQUARTERS CA US,20120217,-9999,-9999,0
GHCND:USC00049855,YOSEMITE PARK HEADQUARTERS CA US,20120219,-9999,-9999,0
GHCND:USC00049855,YOSEMITE PARK HEADQUARTERS CA US,20120220,-9999,-9999,0
GHCND:USC00049855,YOSEMITE PARK HEADQUARTERS CA US,20120221,-9999,-9999,0
GHCND:USC00049855,YOSEMITE PARK HEADQUARTERS CA US,20120222,-9999,-9999,0
GHCND:USC00049855,YOSEMITE PARK HEADQUARTERS CA US,20120223,-9999,-9999,0
GHCND:USC00049855,YOSEMITE PARK HEADQUARTERS CA US,20120224,-9999,-9999,0
GHCND:USC00049855,YOSEMITE PARK HEADQUARTERS CA US,20120225,-9999,-9999,0
GHCND:USC00049855,YOSEMITE PARK HEADQUARTERS CA US,20120226,-9999,-9999,0
GHCND:USC00049855,YOSEMITE PARK HEADQUARTERS CA US,20120227,-9999,-9999,0
GHCND:USC00049855,YOSEMITE PARK HEADQUARTERS CA US,20120228,-9999,-9999,0
GHCND:USC00049855,YOSEMITE PARK HEADQUARTERS CA US,20120229,-9999,-9999,0.05
GHCND:USC00049855,YOSEMITE PARK HEADQUARTERS CA US,20120301,-9999,-9999,0.6
GHCND:USC00049855,YOSEMITE PARK HEADQUARTERS CA US,20120302,-9999,-9999,0
GHCND:USC00049855,YOSEMITE PARK HEADQUARTERS CA US,20120303,-9999,-9999,0
GHCND:USC00049855,YOSEMITE PARK HEADQUARTERS CA US,20120304,-9999,-9999,0
GHCND:USC00049855,YOSEMITE PARK HEADQUARTERS CA US,20120305,-9999,-9999,0
GHCND:USC00049855,YOSEMITE PARK HEADQUARTERS CA US,20120306,-9999,-9999,0.01
GHCND:USC00049855,YOSEMITE PARK HEADQUARTERS CA US,20120307,-9999,-9999,0.15
GHCND:USC00049855,YOSEMITE PARK HEADQUARTERS CA US,20120308,-9999,-9999,0
GHCND:USC00049855,YOSEMITE PARK HEADQUARTERS CA US,20120309,-9999,-9999,0
GHCND:USC00049855,YOSEMITE PARK HEADQUARTERS CA US,20120310,-9999,-9999,0
GHCND:USC00049855,YOSEMITE PARK HEADQUARTERS CA US,20120311,-9999,-9999,0
GHCND:USC00049855,YOSEMITE PARK HEADQUARTERS CA US,20120312,-9999,-9999,0
GHCND:USC00049855,YOSEMITE PARK HEADQUARTERS CA US,20120313,-9999,-9999,0
GHCND:USC00049855,YOSEMITE PARK HEADQUARTERS CA US,20120314,-9999,-9999,0.08
GHCND:USC00049855,YOSEMITE PARK HEADQUARTERS CA US,20120315,-9999,-9999,0.12
GHCND:USC00049855,YOSEMITE PARK HEADQUARTERS CA US,20120316,-9999,-9999,0.23
GHCND:USC00049855,YOSEMITE PARK HEADQUARTERS CA US,20120317,-9999,-9999,2.36
GHCND:USC00049855,YOSEMITE PARK HEADQUARTERS CA US,20120318,-9999,-9999,0.75
GHCND:USC00049855,YOSEMITE PARK HEADQUARTERS CA US,20120319,-9999,-9999,0.6
GHCND:USC00049855,YOSEMITE PARK HEADQUARTERS CA US,20120320,-9999,-9999,0
GHCND:USC00049855,YOSEMITE PARK HEADQUARTERS CA US,20120321,-9999,-9999,0
GHCND:USC00049855,YOSEMITE PARK HEADQUARTERS CA US,20120322,-9999,-9999,0
GHCND:USC00049855,YOSEMITE PARK HEADQUARTERS CA US,20120323,-9999,-9999,0.13
GHCND:USC00049855,YOSEMITE PARK HEADQUARTERS CA US,20120326,-9999,-9999,0.63
GHCND:USC00049855,YOSEMITE PARK HEADQUARTERS CA US,20120327,-9999,-9999,0
GHCND:USC00049855,YOSEMITE PARK HEADQUARTERS CA US,20120328,-9999,-9999,0.1
GHCND:USC00049855,YOSEMITE PARK HEADQUARTERS CA US,20120329,-9999,-9999,0
GHCND:USC00049855,YOSEMITE PARK HEADQUARTERS CA US,20120330,-9999,-9999,0
GHCND:USC00049855,YOSEMITE PARK HEADQUARTERS CA US,20120331,-9999,-9999,0
GHCND:USC00049855,YOSEMITE PARK HEADQUARTERS CA US,20120401,-9999,-9999,1.13
GHCND:USC00049855,YOSEMITE PARK HEADQUARTERS CA US,20120402,-9999,-9999,0
GHCND:USC00049855,YOSEMITE PARK HEADQUARTERS CA US,20120403,-9999,-9999,0
GHCND:USC00049855,YOSEMITE PARK HEADQUARTERS CA US,20120404,-9999,-9999,0
GHCND:USC00049855,YOSEMITE PARK HEADQUARTERS CA US,20120405,-9999,-9999,0
GHCND:USC00049855,YOSEMITE PARK HEADQUARTERS CA US,20120406,-9999,-9999,0
GHCND:USC00049855,YOSEMITE PARK HEADQUARTERS CA US,20120407,-9999,-9999,0
GHCND:USC00049855,YOSEMITE PARK HEADQUARTERS CA US,20120408,-9999,-9999,0
GHCND:USC00049855,YOSEMITE PARK HEADQUARTERS CA US,20120409,-9999,-9999,0
GHCND:USC00049855,YOSEMITE PARK HEADQUARTERS CA US,20120410,-9999,-9999,0
GHCND:USC00049855,YOSEMITE PARK HEADQUARTERS CA US,20120411,-9999,-9999,0.25
GHCND:USC00049855,YOSEMITE PARK HEADQUARTERS CA US,20120412,-9999,-9999,0.55
GHCND:USC00049855,YOSEMITE PARK HEADQUARTERS CA US,20120413,-9999,-9999,0.85
GHCND:USC00049855,YOSEMITE PARK HEADQUARTERS CA US,20120414,-9999,-9999,0.61
GHCND:USC00049855,YOSEMITE PARK HEADQUARTERS CA US,20120415,-9999,-9999,0
GHCND:USC00049855,YOSEMITE PARK HEADQUARTERS CA US,20120416,-9999,-9999,0
GHCND:USC00049855,YOSEMITE PARK HEADQUARTERS CA US,20120417,-9999,-9999,0
GHCND:USC00049855,YOSEMITE PARK HEADQUARTERS CA US,20120418,-9999,-9999,0
GHCND:USC00049855,YOSEMITE PARK HEADQUARTERS CA US,20120419,-9999,-9999,0
GHCND:USC00049855,YOSEMITE PARK HEADQUARTERS CA US,20120420,-9999,-9999,0
GHCND:USC00049855,YOSEMITE PARK HEADQUARTERS CA US,20120421,-9999,-9999,0
GHCND:USC00049855,YOSEMITE PARK HEADQUARTERS CA US,20120422,-9999,-9999,0
GHCND:USC00049855,YOSEMITE PARK HEADQUARTERS CA US,20120423,-9999,-9999,0
GHCND:USC00049855,YOSEMITE PARK HEADQUARTERS CA US,20120424,-9999,-9999,0
GHCND:USC00049855,YOSEMITE PARK HEADQUARTERS CA US,20120425,-9999,-9999,0
GHCND:USC00049855,YOSEMITE PARK HEADQUARTERS CA US,20120426,-9999,-9999,0.79
GHCND:USC00049855,YOSEMITE PARK HEADQUARTERS CA US,20120427,-9999,-9999,0.27
GHCND:USC00049855,YOSEMITE PARK HEADQUARTERS CA US,20120428,-9999,-9999,0
GHCND:USC00049855,YOSEMITE PARK HEADQUARTERS CA US,20120429,-9999,-9999,0
GHCND:USC00049855,YOSEMITE PARK HEADQUARTERS CA US,20120430,-9999,-9999,0
GHCND:USC00049855,YOSEMITE PARK HEADQUARTERS CA US,20120501,-9999,-9999,0
GHCND:USC00049855,YOSEMITE PARK HEADQUARTERS CA US,20120502,-9999,-9999,0
GHCND:USC00049855,YOSEMITE PARK HEADQUARTERS CA US,20120503,-9999,-9999,0
GHCND:USC00049855,YOSEMITE PARK HEADQUARTERS CA US,20120504,-9999,-9999,0
GHCND:USC00049855,YOSEMITE PARK HEADQUARTERS CA US,20120505,-9999,-9999,0
GHCND:USC00049855,YOSEMITE PARK HEADQUARTERS CA US,20120506,-9999,-9999,0
GHCND:USC00049855,YOSEMITE PARK HEADQUARTERS CA US,20120507,-9999,-9999,0
GHCND:USC00049855,YOSEMITE PARK HEADQUARTERS CA US,20120508,-9999,-9999,0
GHCND:USC00049855,YOSEMITE PARK HEADQUARTERS CA US,20120509,-9999,-9999,0
GHCND:USC00049855,YOSEMITE PARK HEADQUARTERS CA US,20120510,-9999,-9999,0
GHCND:USC00049855,YOSEMITE PARK HEADQUARTERS CA US,20120511,-9999,-9999,0
GHCND:USC00049855,YOSEMITE PARK HEADQUARTERS CA US,20120512,-9999,-9999,0
GHCND:USC00049855,YOSEMITE PARK HEADQUARTERS CA US,20120513,-9999,-9999,0
GHCND:USC00049855,YOSEMITE PARK HEADQUARTERS CA US,20120514,-9999,-9999,0
GHCND:USC00049855,YOSEMITE PARK HEADQUARTERS CA US,20120515,-9999,-9999,0
GHCND:USC00049855,YOSEMITE PARK HEADQUARTERS CA US,20120516,-9999,-9999,0
GHCND:USC00049855,YOSEMITE PARK HEADQUARTERS CA US,20120517,-9999,-9999,0
GHCND:USC00049855,YOSEMITE PARK HEADQUARTERS CA US,20120518,-9999,-9999,0
GHCND:USC00049855,YOSEMITE PARK HEADQUARTERS CA US,20120519,-9999,-9999,0
GHCND:USC00049855,YOSEMITE PARK HEADQUARTERS CA US,20120520,-9999,-9999,0
GHCND:USC00049855,YOSEMITE PARK HEADQUARTERS CA US,20120521,-9999,-9999,0
GHCND:USC00049855,YOSEMITE PARK HEADQUARTERS CA US,20120522,-9999,-9999,0
GHCND:USC00049855,YOSEMITE PARK HEADQUARTERS CA US,20120523,-9999,-9999,0
GHCND:USC00049855,YOSEMITE PARK HEADQUARTERS CA US,20120524,-9999,-9999,0
GHCND:USC00049855,YOSEMITE PARK HEADQUARTERS CA US,20120525,-9999,-9999,0
GHCND:USC00049855,YOSEMITE PARK HEADQUARTERS CA US,20120526,-9999,-9999,0.2
GHCND:USC00049855,YOSEMITE PARK HEADQUARTERS CA US,20120527,-9999,-9999,0.13
GHCND:USC00049855,YOSEMITE PARK HEADQUARTERS CA US,20120528,-9999,-9999,0
GHCND:USC00049855,YOSEMITE PARK HEADQUARTERS CA US,20120529,-9999,-9999,0
GHCND:USC00049855,YOSEMITE PARK HEADQUARTERS CA US,20120530,-9999,-9999,0
GHCND:USC00049855,YOSEMITE PARK HEADQUARTERS CA US,20120531,-9999,-9999,0
GHCND:USC00049855,YOSEMITE PARK HEADQUARTERS CA US,20120601,-9999,-9999,0
GHCND:USC00049855,YOSEMITE PARK HEADQUARTERS CA US,20120602,-9999,-9999,0
GHCND:USC00049855,YOSEMITE PARK HEADQUARTERS CA US,20120603,-9999,-9999,0
GHCND:USC00049855,YOSEMITE PARK HEADQUARTERS CA US,20120604,-9999,-9999,0
GHCND:USC00049855,YOSEMITE PARK HEADQUARTERS CA US,20120605,-9999,-9999,0.61
GHCND:USC00049855,YOSEMITE PARK HEADQUARTERS CA US,20120606,-9999,-9999,0
GHCND:USC00049855,YOSEMITE PARK HEADQUARTERS CA US,20120607,-9999,-9999,0
GHCND:USC00049855,YOSEMITE PARK HEADQUARTERS CA US,20120608,-9999,-9999,0
GHCND:USC00049855,YOSEMITE PARK HEADQUARTERS CA US,20120610,-9999,-9999,0
GHCND:USC00049855,YOSEMITE PARK HEADQUARTERS CA US,20120611,-9999,-9999,0
GHCND:USC00049855,YOSEMITE PARK HEADQUARTERS CA US,20120612,-9999,-9999,0
GHCND:USC00049855,YOSEMITE PARK HEADQUARTERS CA US,20120613,-9999,-9999,0
GHCND:USC00049855,YOSEMITE PARK HEADQUARTERS CA US,20120614,-9999,-9999,0
GHCND:USC00049855,YOSEMITE PARK HEADQUARTERS CA US,20120615,-9999,-9999,0
GHCND:USC00049855,YOSEMITE PARK HEADQUARTERS CA US,20120616,-9999,-9999,0.06
GHCND:USC00049855,YOSEMITE PARK HEADQUARTERS CA US,20120617,-9999,-9999,0
GHCND:USC00049855,YOSEMITE PARK HEADQUARTERS CA US,20120618,-9999,-9999,0
GHCND:USC00049855,YOSEMITE PARK HEADQUARTERS CA US,20120620,-9999,-9999,0
GHCND:USC00049855,YOSEMITE PARK HEADQUARTERS CA US,20120621,-9999,-9999,0
GHCND:USC00049855,YOSEMITE PARK HEADQUARTERS CA US,20120622,-9999,-9999,0
GHCND:USC00049855,YOSEMITE PARK HEADQUARTERS CA US,20120623,-9999,-9999,0
GHCND:USC00049855,YOSEMITE PARK HEADQUARTERS CA US,20120624,-9999,-9999,0
GHCND:USC00049855,YOSEMITE PARK HEADQUARTERS CA US,20120625,-9999,-9999,0
GHCND:USC00049855,YOSEMITE PARK HEADQUARTERS CA US,20120626,-9999,-9999,0
GHCND:USC00049855,YOSEMITE PARK HEADQUARTERS CA US,20120627,-9999,-9999,0
GHCND:USC00049855,YOSEMITE PARK HEADQUARTERS CA US,20120628,-9999,-9999,0
GHCND:USC00049855,YOSEMITE PARK HEADQUARTERS CA US,20120629,-9999,-9999,0
GHCND:USC00049855,YOSEMITE PARK HEADQUARTERS CA US,20120630,-9999,-9999,0
GHCND:USC00049855,YOSEMITE PARK HEADQUARTERS CA US,20120701,-9999,-9999,0
GHCND:USC00049855,YOSEMITE PARK HEADQUARTERS CA US,20120702,-9999,-9999,0
GHCND:USC00049855,YOSEMITE PARK HEADQUARTERS CA US,20120703,-9999,-9999,0
GHCND:USC00049855,YOSEMITE PARK HEADQUARTERS CA US,20120704,-9999,-9999,0
GHCND:USC00049855,YOSEMITE PARK HEADQUARTERS CA US,20120705,-9999,-9999,0
GHCND:USC00049855,YOSEMITE PARK HEADQUARTERS CA US,20120706,-9999,-9999,0
GHCND:USC00049855,YOSEMITE PARK HEADQUARTERS CA US,20120707,-9999,-9999,0
GHCND:USC00049855,YOSEMITE PARK HEADQUARTERS CA US,20120708,-9999,-9999,0
GHCND:USC00049855,YOSEMITE PARK HEADQUARTERS CA US,20120709,-9999,-9999,0
GHCND:USC00049855,YOSEMITE PARK HEADQUARTERS CA US,20120710,-9999,-9999,0
GHCND:USC00049855,YOSEMITE PARK HEADQUARTERS CA US,20120711,-9999,-9999,0
GHCND:USC00049855,YOSEMITE PARK HEADQUARTERS CA US,20120712,-9999,-9999,0
GHCND:USC00049855,YOSEMITE PARK HEADQUARTERS CA US,20120713,-9999,-9999,0
GHCND:USC00049855,YOSEMITE PARK HEADQUARTERS CA US,20120714,-9999,-9999,0
GHCND:USC00049855,YOSEMITE PARK HEADQUARTERS CA US,20120715,-9999,-9999,0
GHCND:USC00049855,YOSEMITE PARK HEADQUARTERS CA US,20120716,-9999,-9999,0
GHCND:USC00049855,YOSEMITE PARK HEADQUARTERS CA US,20120717,-9999,-9999,0
GHCND:USC00049855,YOSEMITE PARK HEADQUARTERS CA US,20120718,-9999,-9999,0
GHCND:USC00049855,YOSEMITE PARK HEADQUARTERS CA US,20120719,-9999,-9999,0
GHCND:USC00049855,YOSEMITE PARK HEADQUARTERS CA US,20120720,-9999,-9999,0.01
GHCND:USC00049855,YOSEMITE PARK HEADQUARTERS CA US,20120721,-9999,-9999,0
GHCND:USC00049855,YOSEMITE PARK HEADQUARTERS CA US,20120722,-9999,-9999,0
GHCND:USC00049855,YOSEMITE PARK HEADQUARTERS CA US,20120723,-9999,-9999,0
GHCND:USC00049855,YOSEMITE PARK HEADQUARTERS CA US,20120724,-9999,-9999,0
GHCND:USC00049855,YOSEMITE PARK HEADQUARTERS CA US,20120725,-9999,-9999,0
GHCND:USC00049855,YOSEMITE PARK HEADQUARTERS CA US,20120727,-9999,-9999,0
GHCND:USC00049855,YOSEMITE PARK HEADQUARTERS CA US,20120728,-9999,-9999,0
GHCND:USC00049855,YOSEMITE PARK HEADQUARTERS CA US,20120729,-9999,-9999,0
GHCND:USC00049855,YOSEMITE PARK HEADQUARTERS CA US,20120730,-9999,-9999,0
GHCND:USC00049855,YOSEMITE PARK HEADQUARTERS CA US,20120731,-9999,-9999,0
GHCND:USC00049855,YOSEMITE PARK HEADQUARTERS CA US,20120801,-9999,-9999,0
GHCND:USC00049855,YOSEMITE PARK HEADQUARTERS CA US,20120802,-9999,-9999,0
GHCND:USC00049855,YOSEMITE PARK HEADQUARTERS CA US,20120803,-9999,-9999,0
GHCND:USC00049855,YOSEMITE PARK HEADQUARTERS CA US,20120804,-9999,-9999,0
GHCND:USC00049855,YOSEMITE PARK HEADQUARTERS CA US,20120805,-9999,-9999,0.03
GHCND:USC00049855,YOSEMITE PARK HEADQUARTERS CA US,20120806,-9999,-9999,0
GHCND:USC00049855,YOSEMITE PARK HEADQUARTERS CA US,20120807,-9999,-9999,0
GHCND:USC00049855,YOSEMITE PARK HEADQUARTERS CA US,20120808,-9999,-9999,0
GHCND:USC00049855,YOSEMITE PARK HEADQUARTERS CA US,20120809,-9999,-9999,0
GHCND:USC00049855,YOSEMITE PARK HEADQUARTERS CA US,20120811,-9999,-9999,0
GHCND:USC00049855,YOSEMITE PARK HEADQUARTERS CA US,20120812,-9999,-9999,0
GHCND:USC00049855,YOSEMITE PARK HEADQUARTERS CA US,20120813,-9999,-9999,0
GHCND:USC00049855,YOSEMITE PARK HEADQUARTERS CA US,20120814,-9999,-9999,0
GHCND:USC00049855,YOSEMITE PARK HEADQUARTERS CA US,20120815,-9999,-9999,0
GHCND:USC00049855,YOSEMITE PARK HEADQUARTERS CA US,20120817,-9999,-9999,0
GHCND:USC00049855,YOSEMITE PARK HEADQUARTERS CA US,20120818,-9999,-9999,0.02
GHCND:USC00049855,YOSEMITE PARK HEADQUARTERS CA US,20120819,-9999,-9999,0.01
GHCND:USC00049855,YOSEMITE PARK HEADQUARTERS CA US,20120820,-9999,-9999,0
GHCND:USC00049855,YOSEMITE PARK HEADQUARTERS CA US,20120821,-9999,-9999,0
GHCND:USC00049855,YOSEMITE PARK HEADQUARTERS CA US,20120822,-9999,-9999,0
GHCND:USC00049855,YOSEMITE PARK HEADQUARTERS CA US,20120823,-9999,-9999,0
GHCND:USC00049855,YOSEMITE PARK HEADQUARTERS CA US,20120824,-9999,-9999,0
GHCND:USC00049855,YOSEMITE PARK HEADQUARTERS CA US,20120825,-9999,-9999,0
GHCND:USC00049855,YOSEMITE PARK HEADQUARTERS CA US,20120826,-9999,-9999,0
GHCND:USC00049855,YOSEMITE PARK HEADQUARTERS CA US,20120827,-9999,-9999,0
GHCND:USC00049855,YOSEMITE PARK HEADQUARTERS CA US,20120828,-9999,-9999,0
GHCND:USC00049855,YOSEMITE PARK HEADQUARTERS CA US,20120829,-9999,-9999,0
GHCND:USC00049855,YOSEMITE PARK HEADQUARTERS CA US,20120830,-9999,-9999,0
GHCND:USC00049855,YOSEMITE PARK HEADQUARTERS CA US,20120831,-9999,-9999,0
GHCND:USC00049855,YOSEMITE PARK HEADQUARTERS CA US,20120901,-9999,-9999,0
GHCND:USC00049855,YOSEMITE PARK HEADQUARTERS CA US,20120902,-9999,-9999,0
GHCND:USC00049855,YOSEMITE PARK HEADQUARTERS CA US,20120903,-9999,-9999,0
GHCND:USC00049855,YOSEMITE PARK HEADQUARTERS CA US,20120904,-9999,-9999,0
GHCND:USC00049855,YOSEMITE PARK HEADQUARTERS CA US,20120905,-9999,-9999,0
GHCND:USC00049855,YOSEMITE PARK HEADQUARTERS CA US,20120906,-9999,-9999,0
GHCND:USC00049855,YOSEMITE PARK HEADQUARTERS CA US,20120907,-9999,-9999,0
GHCND:USC00049855,YOSEMITE PARK HEADQUARTERS CA US,20120908,-9999,-9999,0
GHCND:USC00049855,YOSEMITE PARK HEADQUARTERS CA US,20120909,-9999,-9999,0
GHCND:USC00049855,YOSEMITE PARK HEADQUARTERS CA US,20120910,-9999,-9999,0
GHCND:USC00049855,YOSEMITE PARK HEADQUARTERS CA US,20120911,-9999,-9999,0
GHCND:USC00049855,YOSEMITE PARK HEADQUARTERS CA US,20120912,-9999,-9999,0
GHCND:USC00049855,YOSEMITE PARK HEADQUARTERS CA US,20120913,-9999,-9999,0
GHCND:USC00049855,YOSEMITE PARK HEADQUARTERS CA US,20120914,-9999,-9999,0
GHCND:USC00049855,YOSEMITE PARK HEADQUARTERS CA US,20120915,-9999,-9999,0
GHCND:USC00049855,YOSEMITE PARK HEADQUARTERS CA US,20120916,-9999,-9999,0
GHCND:USC00049855,YOSEMITE PARK HEADQUARTERS CA US,20120917,-9999,-9999,0
GHCND:USC00049855,YOSEMITE PARK HEADQUARTERS CA US,20120918,-9999,-9999,0
GHCND:USC00049855,YOSEMITE PARK HEADQUARTERS CA US,20120919,-9999,-9999,0
GHCND:USC00049855,YOSEMITE PARK HEADQUARTERS CA US,20120920,-9999,-9999,0
GHCND:USC00049855,YOSEMITE PARK HEADQUARTERS CA US,20120921,-9999,-9999,0
GHCND:USC00049855,YOSEMITE PARK HEADQUARTERS CA US,20120922,-9999,-9999,0
GHCND:USC00049855,YOSEMITE PARK HEADQUARTERS CA US,20120923,-9999,-9999,0
GHCND:USC00049855,YOSEMITE PARK HEADQUARTERS CA US,20120924,-9999,-9999,0
GHCND:USC00049855,YOSEMITE PARK HEADQUARTERS CA US,20120925,-9999,-9999,0
GHCND:USC00049855,YOSEMITE PARK HEADQUARTERS CA US,20120926,-9999,-9999,0
GHCND:USC00049855,YOSEMITE PARK HEADQUARTERS CA US,20120927,-9999,-9999,0
GHCND:USC00049855,YOSEMITE PARK HEADQUARTERS CA US,20120928,-9999,-9999,0
GHCND:USC00049855,YOSEMITE PARK HEADQUARTERS CA US,20120930,-9999,-9999,0
GHCND:USC00049855,YOSEMITE PARK HEADQUARTERS CA US,20121001,-9999,-9999,0
GHCND:USC00049855,YOSEMITE PARK HEADQUARTERS CA US,20121002,-9999,-9999,0
GHCND:USC00049855,YOSEMITE PARK HEADQUARTERS CA US,20121003,-9999,-9999,0
GHCND:USC00049855,YOSEMITE PARK HEADQUARTERS CA US,20121004,-9999,-9999,0
GHCND:USC00049855,YOSEMITE PARK HEADQUARTERS CA US,20121005,-9999,-9999,0
GHCND:USC00049855,YOSEMITE PARK HEADQUARTERS CA US,20121006,-9999,-9999,0
GHCND:USC00049855,YOSEMITE PARK HEADQUARTERS CA US,20121007,-9999,-9999,0
GHCND:USC00049855,YOSEMITE PARK HEADQUARTERS CA US,20121008,-9999,-9999,0
GHCND:USC00049855,YOSEMITE PARK HEADQUARTERS CA US,20121009,-9999,-9999,0
GHCND:USC00049855,YOSEMITE PARK HEADQUARTERS CA US,20121010,-9999,-9999,0
GHCND:USC00049855,YOSEMITE PARK HEADQUARTERS CA US,20121011,-9999,-9999,0
GHCND:USC00049855,YOSEMITE PARK HEADQUARTERS CA US,20121012,-9999,-9999,0.5
GHCND:USC00049855,YOSEMITE PARK HEADQUARTERS CA US,20121013,-9999,-9999,0.01
GHCND:USC00049855,YOSEMITE PARK HEADQUARTERS CA US,20121015,-9999,-9999,0
GHCND:USC00049855,YOSEMITE PARK HEADQUARTERS CA US,20121016,-9999,-9999,0
GHCND:USC00049855,YOSEMITE PARK HEADQUARTERS CA US,20121018,-9999,-9999,0
GHCND:USC00049855,YOSEMITE PARK HEADQUARTERS CA US,20121019,-9999,-9999,0
GHCND:USC00049855,YOSEMITE PARK HEADQUARTERS CA US,20121020,-9999,-9999,0
GHCND:USC00049855,YOSEMITE PARK HEADQUARTERS CA US,20121022,-9999,-9999,0.38
GHCND:USC00049855,YOSEMITE PARK HEADQUARTERS CA US,20121023,-9999,-9999,0.57
GHCND:USC00049855,YOSEMITE PARK HEADQUARTERS CA US,20121024,-9999,-9999,0.01
GHCND:USC00049855,YOSEMITE PARK HEADQUARTERS CA US,20121025,-9999,-9999,0
GHCND:USC00049855,YOSEMITE PARK HEADQUARTERS CA US,20121026,-9999,-9999,0
GHCND:USC00049855,YOSEMITE PARK HEADQUARTERS CA US,20121027,-9999,-9999,0
GHCND:USC00049855,YOSEMITE PARK HEADQUARTERS CA US,20121028,-9999,-9999,0
GHCND:USC00049855,YOSEMITE PARK HEADQUARTERS CA US,20121029,-9999,-9999,0
GHCND:USC00049855,YOSEMITE PARK HEADQUARTERS CA US,20121030,-9999,-9999,0
GHCND:USC00049855,YOSEMITE PARK HEADQUARTERS CA US,20121031,-9999,-9999,0
GHCND:USC00049855,YOSEMITE PARK HEADQUARTERS CA US,20121102,-9999,-9999,0
GHCND:USC00049855,YOSEMITE PARK HEADQUARTERS CA US,20121103,-9999,-9999,0
GHCND:USC00049855,YOSEMITE PARK HEADQUARTERS CA US,20121104,-9999,-9999,0
GHCND:USC00049855,YOSEMITE PARK HEADQUARTERS CA US,20121105,-9999,-9999,0
GHCND:USC00049855,YOSEMITE PARK HEADQUARTERS CA US,20121107,-9999,-9999,0
GHCND:USC00049855,YOSEMITE PARK HEADQUARTERS CA US,20121108,-9999,-9999,0
GHCND:USC00049855,YOSEMITE PARK HEADQUARTERS CA US,20121109,-9999,-9999,0.15
GHCND:USC00049855,YOSEMITE PARK HEADQUARTERS CA US,20121110,-9999,-9999,0.31
GHCND:USC00049855,YOSEMITE PARK HEADQUARTERS CA US,20121111,-9999,-9999,0
GHCND:USC00049855,YOSEMITE PARK HEADQUARTERS CA US,20121112,-9999,-9999,0
GHCND:USC00049855,YOSEMITE PARK HEADQUARTERS CA US,20121113,-9999,-9999,0
GHCND:USC00049855,YOSEMITE PARK HEADQUARTERS CA US,20121114,-9999,-9999,0
GHCND:USC00049855,YOSEMITE PARK HEADQUARTERS CA US,20121115,-9999,-9999,0
GHCND:USC00049855,YOSEMITE PARK HEADQUARTERS CA US,20121116,-9999,-9999,0.03
GHCND:USC00049855,YOSEMITE PARK HEADQUARTERS CA US,20121117,-9999,-9999,0.78
GHCND:USC00049855,YOSEMITE PARK HEADQUARTERS CA US,20121118,-9999,-9999,1.12
GHCND:USC00049855,YOSEMITE PARK HEADQUARTERS CA US,20121119,-9999,-9999,0.03
GHCND:USC00049855,YOSEMITE PARK HEADQUARTERS CA US,20121120,-9999,-9999,0
GHCND:USC00049855,YOSEMITE PARK HEADQUARTERS CA US,20121121,-9999,-9999,0.06
GHCND:USC00049855,YOSEMITE PARK HEADQUARTERS CA US,20121122,-9999,-9999,0.2
GHCND:USC00049855,YOSEMITE PARK HEADQUARTERS CA US,20121123,-9999,-9999,0
GHCND:USC00049855,YOSEMITE PARK HEADQUARTERS CA US,20121124,-9999,-9999,0
GHCND:USC00049855,YOSEMITE PARK HEADQUARTERS CA US,20121125,-9999,-9999,0
GHCND:USC00049855,YOSEMITE PARK HEADQUARTERS CA US,20121126,-9999,-9999,0
GHCND:USC00049855,YOSEMITE PARK HEADQUARTERS CA US,20121127,-9999,-9999,0
GHCND:USC00049855,YOSEMITE PARK HEADQUARTERS CA US,20121128,-9999,-9999,0
GHCND:USC00049855,YOSEMITE PARK HEADQUARTERS CA US,20121129,-9999,-9999,0.8
GHCND:USC00049855,YOSEMITE PARK HEADQUARTERS CA US,20121130,-9999,-9999,1.58
GHCND:USC00049855,YOSEMITE PARK HEADQUARTERS CA US,20121201,-9999,-9999,1.87
GHCND:USC00049855,YOSEMITE PARK HEADQUARTERS CA US,20121202,-9999,-9999,0.8
GHCND:USC00049855,YOSEMITE PARK HEADQUARTERS CA US,20121203,-9999,-9999,1.7
GHCND:USC00049855,YOSEMITE PARK HEADQUARTERS CA US,20121204,-9999,-9999,0
GHCND:USC00049855,YOSEMITE PARK HEADQUARTERS CA US,20121205,-9999,-9999,0.03
GHCND:USC00049855,YOSEMITE PARK HEADQUARTERS CA US,20121206,-9999,-9999,0.56
GHCND:USC00049855,YOSEMITE PARK HEADQUARTERS CA US,20121207,-9999,-9999,0
GHCND:USC00049855,YOSEMITE PARK HEADQUARTERS CA US,20121209,-9999,-9999,0
GHCND:USC00049855,YOSEMITE PARK HEADQUARTERS CA US,20121210,-9999,-9999,0
GHCND:USC00049855,YOSEMITE PARK HEADQUARTERS CA US,20121211,-9999,-9999,0
GHCND:USC00049855,YOSEMITE PARK HEADQUARTERS CA US,20121212,-9999,-9999,0.06
GHCND:USC00049855,YOSEMITE PARK HEADQUARTERS CA US,20121213,-9999,-9999,0.55
GHCND:USC00049855,YOSEMITE PARK HEADQUARTERS CA US,20121214,-9999,-9999,0
GHCND:USC00049855,YOSEMITE PARK HEADQUARTERS CA US,20121216,-9999,-9999,0
GHCND:USC00049855,YOSEMITE PARK HEADQUARTERS CA US,20121217,-9999,-9999,0.13
GHCND:USC00049855,YOSEMITE PARK HEADQUARTERS CA US,20121218,-9999,-9999,0.96
GHCND:USC00049855,YOSEMITE PARK HEADQUARTERS CA US,20121219,-9999,-9999,0.01
GHCND:USC00049855,YOSEMITE PARK HEADQUARTERS CA US,20121220,-9999,-9999,0
GHCND:USC00049855,YOSEMITE PARK HEADQUARTERS CA US,20121221,-9999,-9999,0
GHCND:USC00049855,YOSEMITE PARK HEADQUARTERS CA US,20121222,-9999,-9999,0.65
GHCND:USC00049855,YOSEMITE PARK HEADQUARTERS CA US,20121223,-9999,-9999,0.96
GHCND:USC00049855,YOSEMITE PARK HEADQUARTERS CA US,20121224,-9999,-9999,2.3
GHCND:USC00049855,YOSEMITE PARK HEADQUARTERS CA US,20121225,-9999,-9999,0
GHCND:USC00049855,YOSEMITE PARK HEADQUARTERS CA US,20121226,-9999,-9999,1.23
GHCND:USC00049855,YOSEMITE PARK HEADQUARTERS CA US,20121227,-9999,-9999,0.1
GHCND:USC00049855,YOSEMITE PARK HEADQUARTERS CA US,20121228,-9999,-9999,0
GHCND:USC00049855,YOSEMITE PARK HEADQUARTERS CA US,20121229,-9999,-9999,0
GHCND:USC00049855,YOSEMITE PARK HEADQUARTERS CA US,20121230,-9999,-9999,0
GHCND:USC00049855,YOSEMITE PARK HEADQUARTERS CA US,20130102,-9999,-9999,0
GHCND:USC00049855,YOSEMITE PARK HEADQUARTERS CA US,20130103,-9999,-9999,0
GHCND:USC00049855,YOSEMITE PARK HEADQUARTERS CA US,20130104,-9999,-9999,0
GHCND:USC00049855,YOSEMITE PARK HEADQUARTERS CA US,20130105,-9999,-9999,0
GHCND:USC00049855,YOSEMITE PARK HEADQUARTERS CA US,20130106,-9999,-9999,0.01
GHCND:USC00049855,YOSEMITE PARK HEADQUARTERS CA US,20130107,-9999,-9999,0
GHCND:USC00049855,YOSEMITE PARK HEADQUARTERS CA US,20130108,-9999,-9999,0
GHCND:USC00049855,YOSEMITE PARK HEADQUARTERS CA US,20130109,-9999,-9999,0
GHCND:USC00049855,YOSEMITE PARK HEADQUARTERS CA US,20130110,-9999,-9999,0.24
GHCND:USC00049855,YOSEMITE PARK HEADQUARTERS CA US,20130111,-9999,-9999,0
GHCND:USC00049855,YOSEMITE PARK HEADQUARTERS CA US,20130112,-9999,-9999,0
GHCND:USC00049855,YOSEMITE PARK HEADQUARTERS CA US,20130113,-9999,-9999,0
GHCND:USC00049855,YOSEMITE PARK HEADQUARTERS CA US,20130114,-9999,-9999,0
GHCND:USC00049855,YOSEMITE PARK HEADQUARTERS CA US,20130115,-9999,-9999,0
GHCND:USC00049855,YOSEMITE PARK HEADQUARTERS CA US,20130116,-9999,-9999,0
GHCND:USC00049855,YOSEMITE PARK HEADQUARTERS CA US,20130117,-9999,-9999,0
GHCND:USC00049855,YOSEMITE PARK HEADQUARTERS CA US,20130118,-9999,-9999,0
GHCND:USC00049855,YOSEMITE PARK HEADQUARTERS CA US,20130119,-9999,-9999,0
GHCND:USC00049855,YOSEMITE PARK HEADQUARTERS CA US,20130120,-9999,-9999,0
GHCND:USC00049855,YOSEMITE PARK HEADQUARTERS CA US,20130121,-9999,-9999,0
GHCND:USC00049855,YOSEMITE PARK HEADQUARTERS CA US,20130122,-9999,-9999,0
GHCND:USC00049855,YOSEMITE PARK HEADQUARTERS CA US,20130123,-9999,-9999,0
GHCND:USC00049855,YOSEMITE PARK HEADQUARTERS CA US,20130124,-9999,-9999,0.48
GHCND:USC00049855,YOSEMITE PARK HEADQUARTERS CA US,20130125,-9999,-9999,0.18
GHCND:USC00049855,YOSEMITE PARK HEADQUARTERS CA US,20130128,-9999,-9999,0
GHCND:USC00049855,YOSEMITE PARK HEADQUARTERS CA US,20130129,-9999,-9999,0
GHCND:USC00049855,YOSEMITE PARK HEADQUARTERS CA US,20130130,-9999,-9999,0
GHCND:USC00049855,YOSEMITE PARK HEADQUARTERS CA US,20130131,-9999,-9999,0
GHCND:USC00049855,YOSEMITE PARK HEADQUARTERS CA US,20130201,-9999,-9999,0
GHCND:USC00049855,YOSEMITE PARK HEADQUARTERS CA US,20130204,-9999,-9999,0
GHCND:USC00049855,YOSEMITE PARK HEADQUARTERS CA US,20130205,-9999,-9999,0
GHCND:USC00049855,YOSEMITE PARK HEADQUARTERS CA US,20130206,-9999,-9999,0
GHCND:USC00049855,YOSEMITE PARK HEADQUARTERS CA US,20130207,-9999,-9999,0
GHCND:USC00049855,YOSEMITE PARK HEADQUARTERS CA US,20130208,-9999,-9999,0.25
GHCND:USC00049855,YOSEMITE PARK HEADQUARTERS CA US,20130209,-9999,-9999,0.02
GHCND:USC00049855,YOSEMITE PARK HEADQUARTERS CA US,20130211,-9999,-9999,0
GHCND:USC00049855,YOSEMITE PARK HEADQUARTERS CA US,20130212,-9999,-9999,0
GHCND:USC00049855,YOSEMITE PARK HEADQUARTERS CA US,20130213,-9999,-9999,0
GHCND:USC00049855,YOSEMITE PARK HEADQUARTERS CA US,20130214,-9999,-9999,0
GHCND:USC00049855,YOSEMITE PARK HEADQUARTERS CA US,20130215,-9999,-9999,0
GHCND:USC00049855,YOSEMITE PARK HEADQUARTERS CA US,20130219,-9999,-9999,0.05
GHCND:USC00049855,YOSEMITE PARK HEADQUARTERS CA US,20130220,-9999,-9999,0.18
GHCND:USC00049855,YOSEMITE PARK HEADQUARTERS CA US,20130221,-9999,-9999,0
GHCND:USC00049855,YOSEMITE PARK HEADQUARTERS CA US,20130222,-9999,-9999,0
GHCND:USC00049855,YOSEMITE PARK HEADQUARTERS CA US,20130224,-9999,-9999,0
GHCND:USC00049855,YOSEMITE PARK HEADQUARTERS CA US,20130225,-9999,-9999,0
GHCND:USC00049855,YOSEMITE PARK HEADQUARTERS CA US,20130226,-9999,-9999,0
GHCND:USC00049855,YOSEMITE PARK HEADQUARTERS CA US,20130227,-9999,-9999,0
GHCND:USC00049855,YOSEMITE PARK HEADQUARTERS CA US,20130228,-9999,-9999,0
GHCND:USC00049855,YOSEMITE PARK HEADQUARTERS CA US,20130301,-9999,-9999,0
GHCND:USC00049855,YOSEMITE PARK HEADQUARTERS CA US,20130303,-9999,-9999,0.1
GHCND:USC00049855,YOSEMITE PARK HEADQUARTERS CA US,20130304,-9999,-9999,0.13
GHCND:USC00049855,YOSEMITE PARK HEADQUARTERS CA US,20130305,-9999,-9999,0
GHCND:USC00049855,YOSEMITE PARK HEADQUARTERS CA US,20130306,-9999,-9999,0.25
GHCND:USC00049855,YOSEMITE PARK HEADQUARTERS CA US,20130308,0.85,2,-9999
GHCND:USC00049855,YOSEMITE PARK HEADQUARTERS CA US,20130309,-9999,-9999,0.13
GHCND:USC00049855,YOSEMITE PARK HEADQUARTERS CA US,20130310,-9999,-9999,0
GHCND:USC00049855,YOSEMITE PARK HEADQUARTERS CA US,20130311,-9999,-9999,0
GHCND:USC00049855,YOSEMITE PARK HEADQUARTERS CA US,20130312,-9999,-9999,0
GHCND:USC00049855,YOSEMITE PARK HEADQUARTERS CA US,20130313,-9999,-9999,0
GHCND:USC00049855,YOSEMITE PARK HEADQUARTERS CA US,20130316,-9999,-9999,0
GHCND:USC00049855,YOSEMITE PARK HEADQUARTERS CA US,20130317,-9999,-9999,0
GHCND:USC00049855,YOSEMITE PARK HEADQUARTERS CA US,20130318,-9999,-9999,0
GHCND:USC00049855,YOSEMITE PARK HEADQUARTERS CA US,20130319,-9999,-9999,0
GHCND:USC00049855,YOSEMITE PARK HEADQUARTERS CA US,20130320,-9999,-9999,0.3
GHCND:USC00049855,YOSEMITE PARK HEADQUARTERS CA US,20130321,-9999,-9999,0.16
GHCND:USC00049855,YOSEMITE PARK HEADQUARTERS CA US,20130322,-9999,-9999,0
GHCND:USC00049855,YOSEMITE PARK HEADQUARTERS CA US,20130323,-9999,-9999,0
GHCND:USC00049855,YOSEMITE PARK HEADQUARTERS CA US,20130324,-9999,-9999,0
GHCND:USC00049855,YOSEMITE PARK HEADQUARTERS CA US,20130325,-9999,-9999,0
GHCND:USC00049855,YOSEMITE PARK HEADQUARTERS CA US,20130326,-9999,-9999,0
GHCND:USC00049855,YOSEMITE PARK HEADQUARTERS CA US,20130327,-9999,-9999,0
GHCND:USC00049855,YOSEMITE PARK HEADQUARTERS CA US,20130328,-9999,-9999,0.02
GHCND:USC00049855,YOSEMITE PARK HEADQUARTERS CA US,20130329,-9999,-9999,0.07
GHCND:USC00049855,YOSEMITE PARK HEADQUARTERS CA US,20130330,-9999,-9999,0
GHCND:USC00049855,YOSEMITE PARK HEADQUARTERS CA US,20130331,-9999,-9999,0.98
GHCND:USC00049855,YOSEMITE PARK HEADQUARTERS CA US,20130401,-9999,-9999,0.55
GHCND:USC00049855,YOSEMITE PARK HEADQUARTERS CA US,20130402,-9999,-9999,0.1
GHCND:USC00049855,YOSEMITE PARK HEADQUARTERS CA US,20130403,-9999,-9999,0
GHCND:USC00049855,YOSEMITE PARK HEADQUARTERS CA US,20130404,-9999,-9999,0
GHCND:USC00049855,YOSEMITE PARK HEADQUARTERS CA US,20130405,-9999,-9999,0.12
GHCND:USC00049855,YOSEMITE PARK HEADQUARTERS CA US,20130406,-9999,-9999,0
GHCND:USC00049855,YOSEMITE PARK HEADQUARTERS CA US,20130407,-9999,-9999,0
GHCND:USC00049855,YOSEMITE PARK HEADQUARTERS CA US,20130408,-9999,-9999,0.7
GHCND:USC00049855,YOSEMITE PARK HEADQUARTERS CA US,20130409,-9999,-9999,0
GHCND:USC00049855,YOSEMITE PARK HEADQUARTERS CA US,20130410,-9999,-9999,0
GHCND:USC00049855,YOSEMITE PARK HEADQUARTERS CA US,20130411,-9999,-9999,0
GHCND:USC00049855,YOSEMITE PARK HEADQUARTERS CA US,20130412,-9999,-9999,0
GHCND:USC00049855,YOSEMITE PARK HEADQUARTERS CA US,20130413,-9999,-9999,0
GHCND:USC00049855,YOSEMITE PARK HEADQUARTERS CA US,20130414,-9999,-9999,0
GHCND:USC00049855,YOSEMITE PARK HEADQUARTERS CA US,20130415,-9999,-9999,0
GHCND:USC00049855,YOSEMITE PARK HEADQUARTERS CA US,20130416,-9999,-9999,0.17
GHCND:USC00049855,YOSEMITE PARK HEADQUARTERS CA US,20130417,-9999,-9999,0
GHCND:USC00049855,YOSEMITE PARK HEADQUARTERS CA US,20130418,-9999,-9999,0
GHCND:USC00049855,YOSEMITE PARK HEADQUARTERS CA US,20130419,-9999,-9999,0
GHCND:USC00049855,YOSEMITE PARK HEADQUARTERS CA US,20130420,-9999,-9999,0
GHCND:USC00049855,YOSEMITE PARK HEADQUARTERS CA US,20130421,-9999,-9999,0
GHCND:USC00049855,YOSEMITE PARK HEADQUARTERS CA US,20130422,-9999,-9999,0
GHCND:USC00049855,YOSEMITE PARK HEADQUARTERS CA US,20130424,-9999,-9999,0
GHCND:USC00049855,YOSEMITE PARK HEADQUARTERS CA US,20130425,-9999,-9999,0
GHCND:USC00049855,YOSEMITE PARK HEADQUARTERS CA US,20130426,-9999,-9999,0
GHCND:USC00049855,YOSEMITE PARK HEADQUARTERS CA US,20130427,-9999,-9999,0
GHCND:USC00049855,YOSEMITE PARK HEADQUARTERS CA US,20130428,-9999,-9999,0
GHCND:USC00049855,YOSEMITE PARK HEADQUARTERS CA US,20130429,-9999,-9999,0
GHCND:USC00049855,YOSEMITE PARK HEADQUARTERS CA US,20130430,-9999,-9999,0
GHCND:USC00049855,YOSEMITE PARK HEADQUARTERS CA US,20130502,-9999,-9999,0
GHCND:USC00049855,YOSEMITE PARK HEADQUARTERS CA US,20130503,-9999,-9999,0
GHCND:USC00049855,YOSEMITE PARK HEADQUARTERS CA US,20130504,-9999,-9999,0
GHCND:USC00049855,YOSEMITE PARK HEADQUARTERS CA US,20130505,-9999,-9999,0
GHCND:USC00049855,YOSEMITE PARK HEADQUARTERS CA US,20130506,-9999,-9999,0
GHCND:USC00049855,YOSEMITE PARK HEADQUARTERS CA US,20130507,-9999,-9999,0.32
GHCND:USC00049855,YOSEMITE PARK HEADQUARTERS CA US,20130508,-9999,-9999,0.04
GHCND:USC00049855,YOSEMITE PARK HEADQUARTERS CA US,20130509,-9999,-9999,0.07
GHCND:USC00049855,YOSEMITE PARK HEADQUARTERS CA US,20130510,-9999,-9999,1.9
GHCND:USC00049855,YOSEMITE PARK HEADQUARTERS CA US,20130511,-9999,-9999,0.06
GHCND:USC00049855,YOSEMITE PARK HEADQUARTERS CA US,20130512,-9999,-9999,0
GHCND:USC00049855,YOSEMITE PARK HEADQUARTERS CA US,20130513,-9999,-9999,0
GHCND:USC00049855,YOSEMITE PARK HEADQUARTERS CA US,20130514,-9999,-9999,0
GHCND:USC00049855,YOSEMITE PARK HEADQUARTERS CA US,20130515,-9999,-9999,0.55
GHCND:USC00049855,YOSEMITE PARK HEADQUARTERS CA US,20130516,-9999,-9999,0
GHCND:USC00049855,YOSEMITE PARK HEADQUARTERS CA US,20130517,-9999,-9999,0.02
GHCND:USC00049855,YOSEMITE PARK HEADQUARTERS CA US,20130518,-9999,-9999,0
GHCND:USC00049855,YOSEMITE PARK HEADQUARTERS CA US,20130519,-9999,-9999,0
GHCND:USC00049855,YOSEMITE PARK HEADQUARTERS CA US,20130520,-9999,-9999,0
GHCND:USC00049855,YOSEMITE PARK HEADQUARTERS CA US,20130521,-9999,-9999,0
GHCND:USC00049855,YOSEMITE PARK HEADQUARTERS CA US,20130525,-9999,-9999,0
GHCND:USC00049855,YOSEMITE PARK HEADQUARTERS CA US,20130531,-9999,-9999,0
GHCND:USC00049855,YOSEMITE PARK HEADQUARTERS CA US,20130601,-9999,-9999,0
GHCND:USC00049855,YOSEMITE PARK HEADQUARTERS CA US,20130602,-9999,-9999,0
GHCND:USC00049855,YOSEMITE PARK HEADQUARTERS CA US,20130603,-9999,-9999,0
GHCND:USC00049855,YOSEMITE PARK HEADQUARTERS CA US,20130604,-9999,-9999,0
GHCND:USC00049855,YOSEMITE PARK HEADQUARTERS CA US,20130605,-9999,-9999,0
GHCND:USC00049855,YOSEMITE PARK HEADQUARTERS CA US,20130606,-9999,-9999,0
GHCND:USC00049855,YOSEMITE PARK HEADQUARTERS CA US,20130607,-9999,-9999,0
GHCND:USC00049855,YOSEMITE PARK HEADQUARTERS CA US,20130608,-9999,-9999,0
GHCND:USC00049855,YOSEMITE PARK HEADQUARTERS CA US,20130609,-9999,-9999,0
GHCND:USC00049855,YOSEMITE PARK HEADQUARTERS CA US,20130610,-9999,-9999,0
GHCND:USC00049855,YOSEMITE PARK HEADQUARTERS CA US,20130611,-9999,-9999,0
GHCND:USC00049855,YOSEMITE PARK HEADQUARTERS CA US,20130612,-9999,-9999,0
GHCND:USC00049855,YOSEMITE PARK HEADQUARTERS CA US,20130613,-9999,-9999,0
GHCND:USC00049855,YOSEMITE PARK HEADQUARTERS CA US,20130614,-9999,-9999,0
GHCND:USC00049855,YOSEMITE PARK HEADQUARTERS CA US,20130615,-9999,-9999,0
GHCND:USC00049855,YOSEMITE PARK HEADQUARTERS CA US,20130616,-9999,-9999,0
GHCND:USC00049855,YOSEMITE PARK HEADQUARTERS CA US,20130617,-9999,-9999,0
GHCND:USC00049855,YOSEMITE PARK HEADQUARTERS CA US,20130618,-9999,-9999,0
GHCND:USC00049855,YOSEMITE PARK HEADQUARTERS CA US,20130619,-9999,-9999,0
GHCND:USC00049855,YOSEMITE PARK HEADQUARTERS CA US,20130620,-9999,-9999,0
GHCND:USC00049855,YOSEMITE PARK HEADQUARTERS CA US,20130621,-9999,-9999,0
GHCND:USC00049855,YOSEMITE PARK HEADQUARTERS CA US,20130622,-9999,-9999,0
GHCND:USC00049855,YOSEMITE PARK HEADQUARTERS CA US,20130623,-9999,-9999,0
GHCND:USC00049855,YOSEMITE PARK HEADQUARTERS CA US,20130624,-9999,-9999,0
GHCND:USC00049855,YOSEMITE PARK HEADQUARTERS CA US,20130625,-9999,-9999,0.16
GHCND:USC00049855,YOSEMITE PARK HEADQUARTERS CA US,20130626,-9999,-9999,0
GHCND:USC00049855,YOSEMITE PARK HEADQUARTERS CA US,20130627,-9999,-9999,0
GHCND:USC00049855,YOSEMITE PARK HEADQUARTERS CA US,20130628,-9999,-9999,0
GHCND:USC00049855,YOSEMITE PARK HEADQUARTERS CA US,20130629,-9999,-9999,0
GHCND:USC00049855,YOSEMITE PARK HEADQUARTERS CA US,20130630,-9999,-9999,0
GHCND:USC00049855,YOSEMITE PARK HEADQUARTERS CA US,20130701,-9999,-9999,0
GHCND:USC00049855,YOSEMITE PARK HEADQUARTERS CA US,20130702,-9999,-9999,0
GHCND:USC00049855,YOSEMITE PARK HEADQUARTERS CA US,20130703,-9999,-9999,0
GHCND:USC00049855,YOSEMITE PARK HEADQUARTERS CA US,20130704,-9999,-9999,0
GHCND:USC00049855,YOSEMITE PARK HEADQUARTERS CA US,20130705,-9999,-9999,0
GHCND:USC00049855,YOSEMITE PARK HEADQUARTERS CA US,20130706,-9999,-9999,0
GHCND:USC00049855,YOSEMITE PARK HEADQUARTERS CA US,20130708,-9999,-9999,0
GHCND:USC00049855,YOSEMITE PARK HEADQUARTERS CA US,20130709,-9999,-9999,0
GHCND:USC00049855,YOSEMITE PARK HEADQUARTERS CA US,20130710,-9999,-9999,0
GHCND:USC00049855,YOSEMITE PARK HEADQUARTERS CA US,20130711,-9999,-9999,0
GHCND:USC00049855,YOSEMITE PARK HEADQUARTERS CA US,20130712,-9999,-9999,0
GHCND:USC00049855,YOSEMITE PARK HEADQUARTERS CA US,20130713,-9999,-9999,0
GHCND:USC00049855,YOSEMITE PARK HEADQUARTERS CA US,20130715,-9999,-9999,0
GHCND:USC00049855,YOSEMITE PARK HEADQUARTERS CA US,20130716,-9999,-9999,0
GHCND:USC00049855,YOSEMITE PARK HEADQUARTERS CA US,20130717,-9999,-9999,0
GHCND:USC00049855,YOSEMITE PARK HEADQUARTERS CA US,20130719,-9999,-9999,0
GHCND:USC00049855,YOSEMITE PARK HEADQUARTERS CA US,20130720,-9999,-9999,0
GHCND:USC00049855,YOSEMITE PARK HEADQUARTERS CA US,20130721,-9999,-9999,0
GHCND:USC00049855,YOSEMITE PARK HEADQUARTERS CA US,20130722,-9999,-9999,0
GHCND:USC00049855,YOSEMITE PARK HEADQUARTERS CA US,20130724,-9999,-9999,0
GHCND:USC00049855,YOSEMITE PARK HEADQUARTERS CA US,20130725,-9999,-9999,0
GHCND:USC00049855,YOSEMITE PARK HEADQUARTERS CA US,20130726,-9999,-9999,0
GHCND:USC00049855,YOSEMITE PARK HEADQUARTERS CA US,20130727,-9999,-9999,0
GHCND:USC00049855,YOSEMITE PARK HEADQUARTERS CA US,20130728,-9999,-9999,0.02
GHCND:USC00049855,YOSEMITE PARK HEADQUARTERS CA US,20130729,-9999,-9999,0
GHCND:USC00049855,YOSEMITE PARK HEADQUARTERS CA US,20130731,-9999,-9999,0
GHCND:USC00049855,YOSEMITE PARK HEADQUARTERS CA US,20130801,-9999,-9999,0
GHCND:USC00049855,YOSEMITE PARK HEADQUARTERS CA US,20130802,-9999,-9999,0
GHCND:USC00049855,YOSEMITE PARK HEADQUARTERS CA US,20130803,-9999,-9999,0
GHCND:USC00049855,YOSEMITE PARK HEADQUARTERS CA US,20130806,-9999,-9999,0
GHCND:USC00049855,YOSEMITE PARK HEADQUARTERS CA US,20130807,-9999,-9999,0
GHCND:USC00049855,YOSEMITE PARK HEADQUARTERS CA US,20130808,-9999,-9999,0
GHCND:USC00049855,YOSEMITE PARK HEADQUARTERS CA US,20130809,-9999,-9999,0
GHCND:USC00049855,YOSEMITE PARK HEADQUARTERS CA US,20130810,-9999,-9999,0
GHCND:USC00049855,YOSEMITE PARK HEADQUARTERS CA US,20130811,-9999,-9999,0
GHCND:USC00049855,YOSEMITE PARK HEADQUARTERS CA US,20130812,-9999,-9999,0
GHCND:USC00049855,YOSEMITE PARK HEADQUARTERS CA US,20130813,-9999,-9999,0
GHCND:USC00049855,YOSEMITE PARK HEADQUARTERS CA US,20130814,-9999,-9999,0
GHCND:USC00049855,YOSEMITE PARK HEADQUARTERS CA US,20130815,-9999,-9999,0
GHCND:USC00049855,YOSEMITE PARK HEADQUARTERS CA US,20130816,-9999,-9999,0
GHCND:USC00049855,YOSEMITE PARK HEADQUARTERS CA US,20130817,-9999,-9999,0
GHCND:USC00049855,YOSEMITE PARK HEADQUARTERS CA US,20130818,-9999,-9999,0
GHCND:USC00049855,YOSEMITE PARK HEADQUARTERS CA US,20130819,-9999,-9999,0
GHCND:USC00049855,YOSEMITE PARK HEADQUARTERS CA US,20130820,-9999,-9999,0
GHCND:USC00049855,YOSEMITE PARK HEADQUARTERS CA US,20130821,-9999,-9999,0
GHCND:USC00049855,YOSEMITE PARK HEADQUARTERS CA US,20130822,-9999,-9999,0
GHCND:USC00049855,YOSEMITE PARK HEADQUARTERS CA US,20130823,-9999,-9999,0
GHCND:USC00049855,YOSEMITE PARK HEADQUARTERS CA US,20130825,-9999,-9999,0
GHCND:USC00049855,YOSEMITE PARK HEADQUARTERS CA US,20130826,-9999,-9999,0
GHCND:USC00049855,YOSEMITE PARK HEADQUARTERS CA US,20130827,-9999,-9999,0
GHCND:USC00049855,YOSEMITE PARK HEADQUARTERS CA US,20130828,-9999,-9999,0
GHCND:USC00049855,YOSEMITE PARK HEADQUARTERS CA US,20130829,-9999,-9999,0
GHCND:USC00049855,YOSEMITE PARK HEADQUARTERS CA US,20130830,-9999,-9999,0
GHCND:USC00049855,YOSEMITE PARK HEADQUARTERS CA US,20130831,-9999,-9999,0
GHCND:USC00049855,YOSEMITE PARK HEADQUARTERS CA US,20130901,-9999,-9999,0
GHCND:USC00049855,YOSEMITE PARK HEADQUARTERS CA US,20130902,-9999,-9999,0
GHCND:USC00049855,YOSEMITE PARK HEADQUARTERS CA US,20130904,-9999,-9999,0
GHCND:USC00049855,YOSEMITE PARK HEADQUARTERS CA US,20130905,-9999,-9999,0
GHCND:USC00049855,YOSEMITE PARK HEADQUARTERS CA US,20130906,-9999,-9999,0
GHCND:USC00049855,YOSEMITE PARK HEADQUARTERS CA US,20130907,-9999,-9999,0
GHCND:USC00049855,YOSEMITE PARK HEADQUARTERS CA US,20130908,-9999,-9999,0
GHCND:USC00049855,YOSEMITE PARK HEADQUARTERS CA US,20130909,-9999,-9999,0
GHCND:USC00049855,YOSEMITE PARK HEADQUARTERS CA US,20130910,-9999,-9999,0
GHCND:USC00049855,YOSEMITE PARK HEADQUARTERS CA US,20130911,-9999,-9999,0.02
GHCND:USC00049855,YOSEMITE PARK HEADQUARTERS CA US,20130912,-9999,-9999,0
GHCND:USC00049855,YOSEMITE PARK HEADQUARTERS CA US,20130913,-9999,-9999,0
GHCND:USC00049855,YOSEMITE PARK HEADQUARTERS CA US,20130914,-9999,-9999,0
GHCND:USC00049855,YOSEMITE PARK HEADQUARTERS CA US,20130915,-9999,-9999,0
GHCND:USC00049855,YOSEMITE PARK HEADQUARTERS CA US,20130916,-9999,-9999,0
GHCND:USC00049855,YOSEMITE PARK HEADQUARTERS CA US,20130917,-9999,-9999,0
GHCND:USC00049855,YOSEMITE PARK HEADQUARTERS CA US,20130918,-9999,-9999,0
GHCND:USC00049855,YOSEMITE PARK HEADQUARTERS CA US,20130919,-9999,-9999,0
GHCND:USC00049855,YOSEMITE PARK HEADQUARTERS CA US,20130920,-9999,-9999,0
GHCND:USC00049855,YOSEMITE PARK HEADQUARTERS CA US,20130922,-9999,-9999,0.9
GHCND:USC00049855,YOSEMITE PARK HEADQUARTERS CA US,20130923,-9999,-9999,0
GHCND:USC00049855,YOSEMITE PARK HEADQUARTERS CA US,20130924,-9999,-9999,0
GHCND:USC00049855,YOSEMITE PARK HEADQUARTERS CA US,20130926,-9999,-9999,0
GHCND:USC00049855,YOSEMITE PARK HEADQUARTERS CA US,20130927,-9999,-9999,0
GHCND:USC00049855,YOSEMITE PARK HEADQUARTERS CA US,20130928,-9999,-9999,0
GHCND:USC00049855,YOSEMITE PARK HEADQUARTERS CA US,20130929,-9999,-9999,0
GHCND:USC00049855,YOSEMITE PARK HEADQUARTERS CA US,20130930,-9999,-9999,0
GHCND:USC00049855,YOSEMITE PARK HEADQUARTERS CA US,20131001,-9999,-9999,0
GHCND:USC00049855,YOSEMITE PARK HEADQUARTERS CA US,20131018,-9999,-9999,0
GHCND:USC00049855,YOSEMITE PARK HEADQUARTERS CA US,20131019,-9999,-9999,0
GHCND:USC00049855,YOSEMITE PARK HEADQUARTERS CA US,20131020,-9999,-9999,0
GHCND:USC00049855,YOSEMITE PARK HEADQUARTERS CA US,20131021,-9999,-9999,0
GHCND:USC00049855,YOSEMITE PARK HEADQUARTERS CA US,20131022,-9999,-9999,0
GHCND:USC00049855,YOSEMITE PARK HEADQUARTERS CA US,20131023,-9999,-9999,0
GHCND:USC00049855,YOSEMITE PARK HEADQUARTERS CA US,20131024,-9999,-9999,0
GHCND:USC00049855,YOSEMITE PARK HEADQUARTERS CA US,20131028,-9999,-9999,0.35
GHCND:USC00049855,YOSEMITE PARK HEADQUARTERS CA US,20131029,-9999,-9999,0.58
GHCND:USC00049855,YOSEMITE PARK HEADQUARTERS CA US,20131030,-9999,-9999,0.01
GHCND:USC00049855,YOSEMITE PARK HEADQUARTERS CA US,20131031,-9999,-9999,0
GHCND:USC00049855,YOSEMITE PARK HEADQUARTERS CA US,20131101,-9999,-9999,0
GHCND:USC00049855,YOSEMITE PARK HEADQUARTERS CA US,20131103,-9999,-9999,0
GHCND:USC00049855,YOSEMITE PARK HEADQUARTERS CA US,20131105,-9999,-9999,0
GHCND:USC00049855,YOSEMITE PARK HEADQUARTERS CA US,20131106,-9999,-9999,0
GHCND:USC00049855,YOSEMITE PARK HEADQUARTERS CA US,20131107,-9999,-9999,0
GHCND:USC00049855,YOSEMITE PARK HEADQUARTERS CA US,20131110,-9999,-9999,0
GHCND:USC00049855,YOSEMITE PARK HEADQUARTERS CA US,20131111,-9999,-9999,0
GHCND:USC00049855,YOSEMITE PARK HEADQUARTERS CA US,20131113,-9999,-9999,0
GHCND:USC00049855,YOSEMITE PARK HEADQUARTERS CA US,20131115,-9999,-9999,0
GHCND:USC00049855,YOSEMITE PARK HEADQUARTERS CA US,20131116,-9999,-9999,0
GHCND:USC00049855,YOSEMITE PARK HEADQUARTERS CA US,20131117,-9999,-9999,0
GHCND:USC00049855,YOSEMITE PARK HEADQUARTERS CA US,20131119,-9999,-9999,0
GHCND:USC00049855,YOSEMITE PARK HEADQUARTERS CA US,20131120,-9999,-9999,0.33
GHCND:USC00049855,YOSEMITE PARK HEADQUARTERS CA US,20131121,-9999,-9999,0.4
GHCND:USC00049855,YOSEMITE PARK HEADQUARTERS CA US,20131123,-9999,-9999,0
GHCND:USC00049855,YOSEMITE PARK HEADQUARTERS CA US,20131126,-9999,-9999,0
GHCND:USC00049855,YOSEMITE PARK HEADQUARTERS CA US,20131127,-9999,-9999,0
GHCND:USC00049855,YOSEMITE PARK HEADQUARTERS CA US,20131128,-9999,-9999,0
GHCND:USC00049855,YOSEMITE PARK HEADQUARTERS CA US,20131129,-9999,-9999,0
GHCND:USC00049855,YOSEMITE PARK HEADQUARTERS CA US,20131205,-9999,-9999,0.93
GHCND:USC00049855,YOSEMITE PARK HEADQUARTERS CA US,20131208,-9999,-9999,0.6
GHCND:USC00049855,YOSEMITE PARK HEADQUARTERS CA US,20131209,-9999,-9999,0
GHCND:USC00049855,YOSEMITE PARK HEADQUARTERS CA US,20131210,-9999,-9999,0
GHCND:USC00049855,YOSEMITE PARK HEADQUARTERS CA US,20131211,-9999,-9999,0
GHCND:USC00049855,YOSEMITE PARK HEADQUARTERS CA US,20131212,-9999,-9999,0
GHCND:USC00049855,YOSEMITE PARK HEADQUARTERS CA US,20131213,-9999,-9999,0
GHCND:USC00049855,YOSEMITE PARK HEADQUARTERS CA US,20131214,-9999,-9999,0
GHCND:USC00049855,YOSEMITE PARK HEADQUARTERS CA US,20131216,-9999,-9999,0
GHCND:USC00049855,YOSEMITE PARK HEADQUARTERS CA US,20131217,-9999,-9999,0
GHCND:USC00049855,YOSEMITE PARK HEADQUARTERS CA US,20131218,-9999,-9999,0
GHCND:USC00049855,YOSEMITE PARK HEADQUARTERS CA US,20131219,-9999,-9999,0
GHCND:USC00049855,YOSEMITE PARK HEADQUARTERS CA US,20131220,-9999,-9999,0
GHCND:USC00049855,YOSEMITE PARK HEADQUARTERS CA US,20131221,-9999,-9999,0
GHCND:USC00049855,YOSEMITE PARK HEADQUARTERS CA US,20131222,-9999,-9999,0
GHCND:USC00049855,YOSEMITE PARK HEADQUARTERS CA US,20131226,-9999,-9999,0
GHCND:USC00049855,YOSEMITE PARK HEADQUARTERS CA US,20131227,-9999,-9999,0
GHCND:USC00049855,YOSEMITE PARK HEADQUARTERS CA US,20131228,-9999,-9999,0
GHCND:USC00049855,YOSEMITE PARK HEADQUARTERS CA US,20131229,-9999,-9999,0
GHCND:USC00049855,YOSEMITE PARK HEADQUARTERS CA US,20131230,-9999,-9999,0
GHCND:USC00049855,YOSEMITE PARK HEADQUARTERS CA US,20131231,-9999,-9999,0
GHCND:USC00049855,YOSEMITE PARK HEADQUARTERS CA US,20140101,-9999,-9999,0
GHCND:USC00049855,YOSEMITE PARK HEADQUARTERS CA US,20140102,-9999,-9999,0
GHCND:USC00049855,YOSEMITE PARK HEADQUARTERS CA US,20140103,-9999,-9999,0
GHCND:USC00049855,YOSEMITE PARK HEADQUARTERS CA US,20140104,-9999,-9999,0
GHCND:USC00049855,YOSEMITE PARK HEADQUARTERS CA US,20140105,-9999,-9999,0
GHCND:USC00049855,YOSEMITE PARK HEADQUARTERS CA US,20140106,-9999,-9999,0
GHCND:USC00049855,YOSEMITE PARK HEADQUARTERS CA US,20140107,-9999,-9999,0
GHCND:USC00049855,YOSEMITE PARK HEADQUARTERS CA US,20140108,-9999,-9999,0
GHCND:USC00049855,YOSEMITE PARK HEADQUARTERS CA US,20140109,-9999,-9999,0
GHCND:USC00049855,YOSEMITE PARK HEADQUARTERS CA US,20140110,-9999,-9999,0
GHCND:USC00049855,YOSEMITE PARK HEADQUARTERS CA US,20140111,-9999,-9999,0
GHCND:USC00049855,YOSEMITE PARK HEADQUARTERS CA US,20140112,-9999,-9999,0
GHCND:USC00049855,YOSEMITE PARK HEADQUARTERS CA US,20140113,-9999,-9999,0
GHCND:USC00049855,YOSEMITE PARK HEADQUARTERS CA US,20140114,-9999,-9999,0
GHCND:USC00049855,YOSEMITE PARK HEADQUARTERS CA US,20140115,-9999,-9999,0
GHCND:USC00049855,YOSEMITE PARK HEADQUARTERS CA US,20140116,-9999,-9999,0
GHCND:USC00049855,YOSEMITE PARK HEADQUARTERS CA US,20140117,-9999,-9999,0
GHCND:USC00049855,YOSEMITE PARK HEADQUARTERS CA US,20140118,-9999,-9999,0
GHCND:USC00049855,YOSEMITE PARK HEADQUARTERS CA US,20140119,-9999,-9999,0
GHCND:USC00049855,YOSEMITE PARK HEADQUARTERS CA US,20140120,-9999,-9999,0
GHCND:USC00049855,YOSEMITE PARK HEADQUARTERS CA US,20140121,-9999,-9999,0
GHCND:USC00049855,YOSEMITE PARK HEADQUARTERS CA US,20140122,-9999,-9999,0
GHCND:USC00049855,YOSEMITE PARK HEADQUARTERS CA US,20140123,-9999,-9999,0
GHCND:USC00049855,YOSEMITE PARK HEADQUARTERS CA US,20140124,-9999,-9999,0
GHCND:USC00049855,YOSEMITE PARK HEADQUARTERS CA US,20140125,-9999,-9999,0
GHCND:USC00049855,YOSEMITE PARK HEADQUARTERS CA US,20140126,-9999,-9999,0
GHCND:USC00049855,YOSEMITE PARK HEADQUARTERS CA US,20140127,-9999,-9999,0
GHCND:USC00049855,YOSEMITE PARK HEADQUARTERS CA US,20140128,-9999,-9999,0
GHCND:USC00049855,YOSEMITE PARK HEADQUARTERS CA US,20140129,-9999,-9999,0
GHCND:USC00049855,YOSEMITE PARK HEADQUARTERS CA US,20140130,-9999,-9999,0.77
GHCND:USC00049855,YOSEMITE PARK HEADQUARTERS CA US,20140131,-9999,-9999,0.24
GHCND:USC00049855,YOSEMITE PARK HEADQUARTERS CA US,20140201,-9999,-9999,0.04
GHCND:USC00049855,YOSEMITE PARK HEADQUARTERS CA US,20140202,-9999,-9999,0
GHCND:USC00049855,YOSEMITE PARK HEADQUARTERS CA US,20140203,-9999,-9999,0.1
GHCND:USC00049855,YOSEMITE PARK HEADQUARTERS CA US,20140204,-9999,-9999,0
GHCND:USC00049855,YOSEMITE PARK HEADQUARTERS CA US,20140205,-9999,-9999,0
GHCND:USC00049855,YOSEMITE PARK HEADQUARTERS CA US,20140206,-9999,-9999,0.16
GHCND:USC00049855,YOSEMITE PARK HEADQUARTERS CA US,20140207,-9999,-9999,0.04
GHCND:USC00049855,YOSEMITE PARK HEADQUARTERS CA US,20140208,-9999,-9999,1
GHCND:USC00049855,YOSEMITE PARK HEADQUARTERS CA US,20140209,-9999,-9999,1.05
GHCND:USC00049855,YOSEMITE PARK HEADQUARTERS CA US,20140210,-9999,-9999,0.71
GHCND:USC00049855,YOSEMITE PARK HEADQUARTERS CA US,20140211,-9999,-9999,0
GHCND:USC00049855,YOSEMITE PARK HEADQUARTERS CA US,20140212,-9999,-9999,0
GHCND:USC00049855,YOSEMITE PARK HEADQUARTERS CA US,20140213,-9999,-9999,0
GHCND:USC00049855,YOSEMITE PARK HEADQUARTERS CA US,20140214,-9999,-9999,0
GHCND:USC00049855,YOSEMITE PARK HEADQUARTERS CA US,20140215,-9999,-9999,0
GHCND:USC00049855,YOSEMITE PARK HEADQUARTERS CA US,20140216,-9999,-9999,0.2
GHCND:USC00049855,YOSEMITE PARK HEADQUARTERS CA US,20140217,-9999,-9999,0
GHCND:USC00049855,YOSEMITE PARK HEADQUARTERS CA US,20140218,-9999,-9999,0
GHCND:USC00049855,YOSEMITE PARK HEADQUARTERS CA US,20140219,-9999,-9999,0
GHCND:USC00049855,YOSEMITE PARK HEADQUARTERS CA US,20140220,-9999,-9999,0
GHCND:USC00049855,YOSEMITE PARK HEADQUARTERS CA US,20140221,-9999,-9999,0
GHCND:USC00049855,YOSEMITE PARK HEADQUARTERS CA US,20140222,-9999,-9999,0
GHCND:USC00049855,YOSEMITE PARK HEADQUARTERS CA US,20140223,-9999,-9999,0
GHCND:USC00049855,YOSEMITE PARK HEADQUARTERS CA US,20140224,-9999,-9999,0
GHCND:USC00049855,YOSEMITE PARK HEADQUARTERS CA US,20140225,-9999,-9999,0
GHCND:USC00049855,YOSEMITE PARK HEADQUARTERS CA US,20140226,-9999,-9999,0
GHCND:USC00049855,YOSEMITE PARK HEADQUARTERS CA US,20140227,-9999,-9999,1.56
GHCND:USC00049855,YOSEMITE PARK HEADQUARTERS CA US,20140228,-9999,-9999,0.61
GHCND:USC00049855,YOSEMITE PARK HEADQUARTERS CA US,20140301,-9999,-9999,1.41
GHCND:USC00049855,YOSEMITE PARK HEADQUARTERS CA US,20140302,-9999,-9999,0
GHCND:USC00049855,YOSEMITE PARK HEADQUARTERS CA US,20140303,-9999,-9999,0
GHCND:USC00049855,YOSEMITE PARK HEADQUARTERS CA US,20140304,-9999,-9999,0.35
GHCND:USC00049855,YOSEMITE PARK HEADQUARTERS CA US,20140305,-9999,-9999,0
GHCND:USC00049855,YOSEMITE PARK HEADQUARTERS CA US,20140306,-9999,-9999,0.26
GHCND:USC00049855,YOSEMITE PARK HEADQUARTERS CA US,20140307,-9999,-9999,0.02
GHCND:USC00049855,YOSEMITE PARK HEADQUARTERS CA US,20140308,-9999,-9999,0
GHCND:USC00049855,YOSEMITE PARK HEADQUARTERS CA US,20140309,-9999,-9999,0
GHCND:USC00049855,YOSEMITE PARK HEADQUARTERS CA US,20140310,-9999,-9999,0
GHCND:USC00049855,YOSEMITE PARK HEADQUARTERS CA US,20140312,-9999,-9999,0
GHCND:USC00049855,YOSEMITE PARK HEADQUARTERS CA US,20140314,-9999,-9999,0
GHCND:USC00049855,YOSEMITE PARK HEADQUARTERS CA US,20140315,-9999,-9999,0
GHCND:USC00049855,YOSEMITE PARK HEADQUARTERS CA US,20140316,-9999,-9999,0
GHCND:USC00049855,YOSEMITE PARK HEADQUARTERS CA US,20140317,-9999,-9999,0
GHCND:USC00049855,YOSEMITE PARK HEADQUARTERS CA US,20140319,-9999,-9999,0
GHCND:USC00049855,YOSEMITE PARK HEADQUARTERS CA US,20140320,-9999,-9999,0
GHCND:USC00049855,YOSEMITE PARK HEADQUARTERS CA US,20140321,-9999,-9999,0
GHCND:USC00049855,YOSEMITE PARK HEADQUARTERS CA US,20140322,-9999,-9999,0
GHCND:USC00049855,YOSEMITE PARK HEADQUARTERS CA US,20140323,-9999,-9999,0
GHCND:USC00049855,YOSEMITE PARK HEADQUARTERS CA US,20140324,-9999,-9999,0
GHCND:USC00049855,YOSEMITE PARK HEADQUARTERS CA US,20140326,-9999,-9999,0.65
GHCND:USC00049855,YOSEMITE PARK HEADQUARTERS CA US,20140327,-9999,-9999,0.43
GHCND:USC00049855,YOSEMITE PARK HEADQUARTERS CA US,20140328,-9999,-9999,0
GHCND:USC00049855,YOSEMITE PARK HEADQUARTERS CA US,20140329,-9999,-9999,0
GHCND:USC00049855,YOSEMITE PARK HEADQUARTERS CA US,20140330,-9999,-9999,0.75
GHCND:USC00049855,YOSEMITE PARK HEADQUARTERS CA US,20140331,-9999,-9999,0.02
GHCND:USC00049855,YOSEMITE PARK HEADQUARTERS CA US,20140401,-9999,-9999,0.8
GHCND:USC00049855,YOSEMITE PARK HEADQUARTERS CA US,20140402,-9999,-9999,0.34
GHCND:USC00049855,YOSEMITE PARK HEADQUARTERS CA US,20140403,-9999,-9999,0
GHCND:USC00049855,YOSEMITE PARK HEADQUARTERS CA US,20140407,-9999,-9999,0
GHCND:USC00049855,YOSEMITE PARK HEADQUARTERS CA US,20140412,-9999,-9999,0
GHCND:USC00049855,YOSEMITE PARK HEADQUARTERS CA US,20140413,-9999,-9999,0
GHCND:USC00049855,YOSEMITE PARK HEADQUARTERS CA US,20140414,-9999,-9999,0
GHCND:USC00049855,YOSEMITE PARK HEADQUARTERS CA US,20140415,-9999,-9999,0
GHCND:USC00049855,YOSEMITE PARK HEADQUARTERS CA US,20140417,-9999,-9999,0
GHCND:USC00049855,YOSEMITE PARK HEADQUARTERS CA US,20140418,-9999,-9999,0
GHCND:USC00049855,YOSEMITE PARK HEADQUARTERS CA US,20140419,-9999,-9999,0
GHCND:USC00049855,YOSEMITE PARK HEADQUARTERS CA US,20140420,-9999,-9999,0
GHCND:USC00049855,YOSEMITE PARK HEADQUARTERS CA US,20140423,-9999,-9999,0
GHCND:USC00049855,YOSEMITE PARK HEADQUARTERS CA US,20140425,-9999,-9999,0.3
GHCND:USC00049855,YOSEMITE PARK HEADQUARTERS CA US,20140428,1.37,3,-9999
GHCND:USC00049855,YOSEMITE PARK HEADQUARTERS CA US,20140429,-9999,-9999,0
GHCND:USC00049855,YOSEMITE PARK HEADQUARTERS CA US,20140508,-9999,-9999,0
GHCND:USC00049855,YOSEMITE PARK HEADQUARTERS CA US,20140509,-9999,-9999,0
GHCND:USC00049855,YOSEMITE PARK HEADQUARTERS CA US,20140510,-9999,-9999,0
GHCND:USC00049855,YOSEMITE PARK HEADQUARTERS CA US,20140512,-9999,-9999,0
GHCND:USC00049855,YOSEMITE PARK HEADQUARTERS CA US,20140513,-9999,-9999,0
GHCND:USC00049855,YOSEMITE PARK HEADQUARTERS CA US,20140514,-9999,-9999,0
GHCND:USC00049855,YOSEMITE PARK HEADQUARTERS CA US,20140515,-9999,-9999,0
GHCND:USC00049855,YOSEMITE PARK HEADQUARTERS CA US,20140516,-9999,-9999,0
GHCND:USC00049855,YOSEMITE PARK HEADQUARTERS CA US,20140518,-9999,-9999,0
GHCND:USC00049855,YOSEMITE PARK HEADQUARTERS CA US,20140519,-9999,-9999,0
GHCND:USC00049855,YOSEMITE PARK HEADQUARTERS CA US,20140520,-9999,-9999,0.54
GHCND:USC00049855,YOSEMITE PARK HEADQUARTERS CA US,20140521,-9999,-9999,0.15
GHCND:USC00049855,YOSEMITE PARK HEADQUARTERS CA US,20140522,-9999,-9999,0.04
GHCND:USC00049855,YOSEMITE PARK HEADQUARTERS CA US,20140524,-9999,-9999,0
GHCND:USC00049855,YOSEMITE PARK HEADQUARTERS CA US,20140525,-9999,-9999,0
GHCND:USC00049855,YOSEMITE PARK HEADQUARTERS CA US,20140527,-9999,-9999,0
GHCND:USC00049855,YOSEMITE PARK HEADQUARTERS CA US,20140528,-9999,-9999,0
GHCND:USC00049855,YOSEMITE PARK HEADQUARTERS CA US,20140529,-9999,-9999,0
GHCND:USC00049855,YOSEMITE PARK HEADQUARTERS CA US,20140601,-9999,-9999,0
GHCND:USC00049855,YOSEMITE PARK HEADQUARTERS CA US,20140602,-9999,-9999,0
GHCND:USC00049855,YOSEMITE PARK HEADQUARTERS CA US,20140603,-9999,-9999,0
GHCND:USC00049855,YOSEMITE PARK HEADQUARTERS CA US,20140604,-9999,-9999,0
GHCND:USC00049855,YOSEMITE PARK HEADQUARTERS CA US,20140607,-9999,-9999,0
GHCND:USC00049855,YOSEMITE PARK HEADQUARTERS CA US,20140608,-9999,-9999,0
GHCND:USC00049855,YOSEMITE PARK HEADQUARTERS CA US,20140610,-9999,-9999,0
GHCND:USC00049855,YOSEMITE PARK HEADQUARTERS CA US,20140614,-9999,-9999,0
GHCND:USC00049855,YOSEMITE PARK HEADQUARTERS CA US,20140615,-9999,-9999,0
GHCND:USC00049855,YOSEMITE PARK HEADQUARTERS CA US,20140616,-9999,-9999,0
GHCND:USC00049855,YOSEMITE PARK HEADQUARTERS CA US,20140617,-9999,-9999,0
GHCND:USC00049855,YOSEMITE PARK HEADQUARTERS CA US,20140620,-9999,-9999,0
GHCND:USC00049855,YOSEMITE PARK HEADQUARTERS CA US,20140621,-9999,-9999,0
GHCND:USC00049855,YOSEMITE PARK HEADQUARTERS CA US,20140622,-9999,-9999,0
GHCND:USC00049855,YOSEMITE PARK HEADQUARTERS CA US,20140623,-9999,-9999,0
GHCND:USC00049855,YOSEMITE PARK HEADQUARTERS CA US,20140627,-9999,-9999,0.2
GHCND:USC00049855,YOSEMITE PARK HEADQUARTERS CA US,20140629,-9999,-9999,0
GHCND:USC00049855,YOSEMITE PARK HEADQUARTERS CA US,20140630,-9999,-9999,0
GHCND:USC00049855,YOSEMITE PARK HEADQUARTERS CA US,20140706,-9999,-9999,0
GHCND:USC00049855,YOSEMITE PARK HEADQUARTERS CA US,20140708,-9999,-9999,0
GHCND:USC00049855,YOSEMITE PARK HEADQUARTERS CA US,20140712,-9999,-9999,0
GHCND:USC00049855,YOSEMITE PARK HEADQUARTERS CA US,20140713,-9999,-9999,0
GHCND:USC00049855,YOSEMITE PARK HEADQUARTERS CA US,20140715,-9999,-9999,0
GHCND:USC00049855,YOSEMITE PARK HEADQUARTERS CA US,20140718,-9999,-9999,0
GHCND:USC00049855,YOSEMITE PARK HEADQUARTERS CA US,20140720,-9999,-9999,0.07
GHCND:USC00049855,YOSEMITE PARK HEADQUARTERS CA US,20140721,-9999,-9999,0.21
GHCND:USC00049855,YOSEMITE PARK HEADQUARTERS CA US,20140725,-9999,-9999,0
GHCND:USC00049855,YOSEMITE PARK HEADQUARTERS CA US,20140726,-9999,-9999,0
GHCND:USC00049855,YOSEMITE PARK HEADQUARTERS CA US,20140727,-9999,-9999,0
GHCND:USC00049855,YOSEMITE PARK HEADQUARTERS CA US,20140728,-9999,-9999,0
GHCND:USC00049855,YOSEMITE PARK HEADQUARTERS CA US,20140729,-9999,-9999,0
GHCND:USC00049855,YOSEMITE PARK HEADQUARTERS CA US,20140730,-9999,-9999,0
GHCND:USC00049855,YOSEMITE PARK HEADQUARTERS CA US,20140731,-9999,-9999,0
GHCND:USC00049855,YOSEMITE PARK HEADQUARTERS CA US,20140802,-9999,-9999,0
GHCND:USC00049855,YOSEMITE PARK HEADQUARTERS CA US,20140804,-9999,-9999,0.15
GHCND:USC00049855,YOSEMITE PARK HEADQUARTERS CA US,20140805,-9999,-9999,0
GHCND:USC00049855,YOSEMITE PARK HEADQUARTERS CA US,20140808,-9999,-9999,0
GHCND:USC00049855,YOSEMITE PARK HEADQUARTERS CA US,20140809,-9999,-9999,0
GHCND:USC00049855,YOSEMITE PARK HEADQUARTERS CA US,20140811,-9999,-9999,0
GHCND:USC00049855,YOSEMITE PARK HEADQUARTERS CA US,20140813,-9999,-9999,0
GHCND:USC00049855,YOSEMITE PARK HEADQUARTERS CA US,20140815,-9999,-9999,0
GHCND:USC00049855,YOSEMITE PARK HEADQUARTERS CA US,20140817,-9999,-9999,0
GHCND:USC00049855,YOSEMITE PARK HEADQUARTERS CA US,20140818,-9999,-9999,0
GHCND:USC00049855,YOSEMITE PARK HEADQUARTERS CA US,20140819,-9999,-9999,0
GHCND:USC00049855,YOSEMITE PARK HEADQUARTERS CA US,20140820,-9999,-9999,0
GHCND:USC00049855,YOSEMITE PARK HEADQUARTERS CA US,20140822,-9999,-9999,0
GHCND:USC00049855,YOSEMITE PARK HEADQUARTERS CA US,20140823,-9999,-9999,0
GHCND:USC00049855,YOSEMITE PARK HEADQUARTERS CA US,20140824,-9999,-9999,0
GHCND:USC00049855,YOSEMITE PARK HEADQUARTERS CA US,20140825,-9999,-9999,0
GHCND:USC00049855,YOSEMITE PARK HEADQUARTERS CA US,20140826,-9999,-9999,0
GHCND:USC00049855,YOSEMITE PARK HEADQUARTERS CA US,20140828,-9999,-9999,0
GHCND:USC00049855,YOSEMITE PARK HEADQUARTERS CA US,20140830,-9999,-9999,0
GHCND:USC00049855,YOSEMITE PARK HEADQUARTERS CA US,20140831,-9999,-9999,0
GHCND:USC00049855,YOSEMITE PARK HEADQUARTERS CA US,20140901,-9999,-9999,0
GHCND:USC00049855,YOSEMITE PARK HEADQUARTERS CA US,20140902,-9999,-9999,0
GHCND:USC00049855,YOSEMITE PARK HEADQUARTERS CA US,20140903,-9999,-9999,0
GHCND:USC00049855,YOSEMITE PARK HEADQUARTERS CA US,20140904,-9999,-9999,0
GHCND:USC00049855,YOSEMITE PARK HEADQUARTERS CA US,20140905,-9999,-9999,0
GHCND:USC00049855,YOSEMITE PARK HEADQUARTERS CA US,20140906,-9999,-9999,0
GHCND:USC00049855,YOSEMITE PARK HEADQUARTERS CA US,20140908,-9999,-9999,0
GHCND:USC00049855,YOSEMITE PARK HEADQUARTERS CA US,20140910,-9999,-9999,0
GHCND:USC00049855,YOSEMITE PARK HEADQUARTERS CA US,20140912,-9999,-9999,0
GHCND:USC00049855,YOSEMITE PARK HEADQUARTERS CA US,20140913,-9999,-9999,0
GHCND:USC00049855,YOSEMITE PARK HEADQUARTERS CA US,20140914,-9999,-9999,0
GHCND:USC00049855,YOSEMITE PARK HEADQUARTERS CA US,20140915,-9999,-9999,0
GHCND:USC00049855,YOSEMITE PARK HEADQUARTERS CA US,20140916,-9999,-9999,0
GHCND:USC00049855,YOSEMITE PARK HEADQUARTERS CA US,20140917,-9999,-9999,0
GHCND:USC00049855,YOSEMITE PARK HEADQUARTERS CA US,20140918,-9999,-9999,0
GHCND:USC00049855,YOSEMITE PARK HEADQUARTERS CA US,20140920,-9999,-9999,0
GHCND:USC00049855,YOSEMITE PARK HEADQUARTERS CA US,20140921,-9999,-9999,0.16
GHCND:USC00049855,YOSEMITE PARK HEADQUARTERS CA US,20140922,-9999,-9999,0
GHCND:USC00049855,YOSEMITE PARK HEADQUARTERS CA US,20140923,-9999,-9999,0
GHCND:USC00049855,YOSEMITE PARK HEADQUARTERS CA US,20140924,-9999,-9999,0
GHCND:USC00049855,YOSEMITE PARK HEADQUARTERS CA US,20140925,-9999,-9999,0
GHCND:USC00049855,YOSEMITE PARK HEADQUARTERS CA US,20140926,-9999,-9999,0
GHCND:USC00049855,YOSEMITE PARK HEADQUARTERS CA US,20140927,-9999,-9999,0
GHCND:USC00049855,YOSEMITE PARK HEADQUARTERS CA US,20140928,-9999,-9999,0.32
GHCND:USC00049855,YOSEMITE PARK HEADQUARTERS CA US,20140929,-9999,-9999,0.06
GHCND:USC00049855,YOSEMITE PARK HEADQUARTERS CA US,20140930,-9999,-9999,0
GHCND:USC00049855,YOSEMITE PARK HEADQUARTERS CA US,20141001,-9999,-9999,0
GHCND:USC00049855,YOSEMITE PARK HEADQUARTERS CA US,20141002,-9999,-9999,0
GHCND:USC00049855,YOSEMITE PARK HEADQUARTERS CA US,20141003,-9999,-9999,0
GHCND:USC00049855,YOSEMITE PARK HEADQUARTERS CA US,20141004,-9999,-9999,0
GHCND:USC00049855,YOSEMITE PARK HEADQUARTERS CA US,20141006,-9999,-9999,0
GHCND:USC00049855,YOSEMITE PARK HEADQUARTERS CA US,20141007,-9999,-9999,0
GHCND:USC00049855,YOSEMITE PARK HEADQUARTERS CA US,20141008,-9999,-9999,0
GHCND:USC00049855,YOSEMITE PARK HEADQUARTERS CA US,20141009,-9999,-9999,0
GHCND:USC00049855,YOSEMITE PARK HEADQUARTERS CA US,20141010,-9999,-9999,0
GHCND:USC00049855,YOSEMITE PARK HEADQUARTERS CA US,20141011,-9999,-9999,0
GHCND:USC00049855,YOSEMITE PARK HEADQUARTERS CA US,20141012,-9999,-9999,0
GHCND:USC00049855,YOSEMITE PARK HEADQUARTERS CA US,20141013,-9999,-9999,0
GHCND:USC00049855,YOSEMITE PARK HEADQUARTERS CA US,20141014,-9999,-9999,0
GHCND:USC00049855,YOSEMITE PARK HEADQUARTERS CA US,20141015,-9999,-9999,0
GHCND:USC00049855,YOSEMITE PARK HEADQUARTERS CA US,20141016,-9999,-9999,0
GHCND:USC00049855,YOSEMITE PARK HEADQUARTERS CA US,20141017,-9999,-9999,0
GHCND:USC00049855,YOSEMITE PARK HEADQUARTERS CA US,20141018,-9999,-9999,0
GHCND:USC00049855,YOSEMITE PARK HEADQUARTERS CA US,20141020,-9999,-9999,0
GHCND:USC00049855,YOSEMITE PARK HEADQUARTERS CA US,20141021,-9999,-9999,0
GHCND:USC00049855,YOSEMITE PARK HEADQUARTERS CA US,20141022,-9999,-9999,0
GHCND:USC00049855,YOSEMITE PARK HEADQUARTERS CA US,20141023,-9999,-9999,0
GHCND:USC00049855,YOSEMITE PARK HEADQUARTERS CA US,20141024,-9999,-9999,0
GHCND:USC00049855,YOSEMITE PARK HEADQUARTERS CA US,20141026,-9999,-9999,0
GHCND:USC00049855,YOSEMITE PARK HEADQUARTERS CA US,20141027,-9999,-9999,0
GHCND:USC00049855,YOSEMITE PARK HEADQUARTERS CA US,20141028,-9999,-9999,0
GHCND:USC00049855,YOSEMITE PARK HEADQUARTERS CA US,20141029,-9999,-9999,0
GHCND:USC00049855,YOSEMITE PARK HEADQUARTERS CA US,20141030,-9999,-9999,0
GHCND:USC00049855,YOSEMITE PARK HEADQUARTERS CA US,20141031,-9999,-9999,0
GHCND:USC00049855,YOSEMITE PARK HEADQUARTERS CA US,20141101,-9999,-9999,1.12
GHCND:USC00049855,YOSEMITE PARK HEADQUARTERS CA US,20141102,-9999,-9999,0
GHCND:USC00049855,YOSEMITE PARK HEADQUARTERS CA US,20141103,-9999,-9999,0
GHCND:USC00049855,YOSEMITE PARK HEADQUARTERS CA US,20141104,-9999,-9999,0.08
GHCND:USC00049855,YOSEMITE PARK HEADQUARTERS CA US,20141105,-9999,-9999,0
GHCND:USC00049855,YOSEMITE PARK HEADQUARTERS CA US,20141106,-9999,-9999,0
GHCND:USC00049855,YOSEMITE PARK HEADQUARTERS CA US,20141107,-9999,-9999,0
GHCND:USC00049855,YOSEMITE PARK HEADQUARTERS CA US,20141108,-9999,-9999,0
GHCND:USC00049855,YOSEMITE PARK HEADQUARTERS CA US,20141109,-9999,-9999,0
GHCND:USC00049855,YOSEMITE PARK HEADQUARTERS CA US,20141110,-9999,-9999,0
GHCND:USC00049855,YOSEMITE PARK HEADQUARTERS CA US,20141111,-9999,-9999,0
GHCND:USC00049855,YOSEMITE PARK HEADQUARTERS CA US,20141112,-9999,-9999,0
GHCND:USC00049855,YOSEMITE PARK HEADQUARTERS CA US,20141113,-9999,-9999,0.64
GHCND:USC00049855,YOSEMITE PARK HEADQUARTERS CA US,20141114,-9999,-9999,0.08
GHCND:USC00049855,YOSEMITE PARK HEADQUARTERS CA US,20141115,-9999,-9999,0
GHCND:USC00049855,YOSEMITE PARK HEADQUARTERS CA US,20141116,-9999,-9999,0
GHCND:USC00049855,YOSEMITE PARK HEADQUARTERS CA US,20141117,-9999,-9999,0
GHCND:USC00049855,YOSEMITE PARK HEADQUARTERS CA US,20141118,-9999,-9999,0
GHCND:USC00049855,YOSEMITE PARK HEADQUARTERS CA US,20141119,-9999,-9999,0
GHCND:USC00049855,YOSEMITE PARK HEADQUARTERS CA US,20141120,-9999,-9999,0
GHCND:USC00049855,YOSEMITE PARK HEADQUARTERS CA US,20141121,-9999,-9999,0.25
GHCND:USC00049855,YOSEMITE PARK HEADQUARTERS CA US,20141122,-9999,-9999,0.01
GHCND:USC00049855,YOSEMITE PARK HEADQUARTERS CA US,20141123,-9999,-9999,0.77
GHCND:USC00049855,YOSEMITE PARK HEADQUARTERS CA US,20141124,-9999,-9999,0
GHCND:USC00049855,YOSEMITE PARK HEADQUARTERS CA US,20141125,-9999,-9999,0
GHCND:USC00049855,YOSEMITE PARK HEADQUARTERS CA US,20141126,-9999,-9999,0
GHCND:USC00049855,YOSEMITE PARK HEADQUARTERS CA US,20141127,-9999,-9999,0
GHCND:USC00049855,YOSEMITE PARK HEADQUARTERS CA US,20141128,-9999,-9999,0
GHCND:USC00049855,YOSEMITE PARK HEADQUARTERS CA US,20141129,-9999,-9999,0
GHCND:USC00049855,YOSEMITE PARK HEADQUARTERS CA US,20141130,-9999,-9999,0.03
GHCND:USC00049855,YOSEMITE PARK HEADQUARTERS CA US,20141201,-9999,-9999,0.13
GHCND:USC00049855,YOSEMITE PARK HEADQUARTERS CA US,20141202,-9999,-9999,0.23
GHCND:USC00049855,YOSEMITE PARK HEADQUARTERS CA US,20141203,-9999,-9999,1.02
GHCND:USC00049855,YOSEMITE PARK HEADQUARTERS CA US,20141204,-9999,-9999,0.26
GHCND:USC00049855,YOSEMITE PARK HEADQUARTERS CA US,20141205,-9999,-9999,0
GHCND:USC00049855,YOSEMITE PARK HEADQUARTERS CA US,20141206,-9999,-9999,0
GHCND:USC00049855,YOSEMITE PARK HEADQUARTERS CA US,20141207,-9999,-9999,0
GHCND:USC00049855,YOSEMITE PARK HEADQUARTERS CA US,20141208,-9999,-9999,0
GHCND:USC00049855,YOSEMITE PARK HEADQUARTERS CA US,20141209,-9999,-9999,0
GHCND:USC00049855,YOSEMITE PARK HEADQUARTERS CA US,20141210,-9999,-9999,0
GHCND:USC00049855,YOSEMITE PARK HEADQUARTERS CA US,20141211,-9999,-9999,0
GHCND:USC00049855,YOSEMITE PARK HEADQUARTERS CA US,20141212,-9999,-9999,1.3
GHCND:USC00049855,YOSEMITE PARK HEADQUARTERS CA US,20141213,-9999,-9999,0.48
GHCND:USC00049855,YOSEMITE PARK HEADQUARTERS CA US,20141214,-9999,-9999,0
GHCND:USC00049855,YOSEMITE PARK HEADQUARTERS CA US,20141215,-9999,-9999,0
GHCND:USC00049855,YOSEMITE PARK HEADQUARTERS CA US,20141216,-9999,-9999,0.51
GHCND:USC00049855,YOSEMITE PARK HEADQUARTERS CA US,20141217,-9999,-9999,0.05
GHCND:USC00049855,YOSEMITE PARK HEADQUARTERS CA US,20141218,-9999,-9999,0.03
GHCND:USC00049855,YOSEMITE PARK HEADQUARTERS CA US,20141219,-9999,-9999,0
GHCND:USC00049855,YOSEMITE PARK HEADQUARTERS CA US,20141220,-9999,-9999,0.33
GHCND:USC00049855,YOSEMITE PARK HEADQUARTERS CA US,20141221,-9999,-9999,0.1
GHCND:USC00049855,YOSEMITE PARK HEADQUARTERS CA US,20141222,-9999,-9999,0
GHCND:USC00049855,YOSEMITE PARK HEADQUARTERS CA US,20141223,-9999,-9999,0
GHCND:USC00049855,YOSEMITE PARK HEADQUARTERS CA US,20141224,-9999,-9999,0
GHCND:USC00049855,YOSEMITE PARK HEADQUARTERS CA US,20141225,-9999,-9999,0.27
GHCND:USC00049855,YOSEMITE PARK HEADQUARTERS CA US,20141226,-9999,-9999,0
GHCND:USC00049855,YOSEMITE PARK HEADQUARTERS CA US,20141227,-9999,-9999,0
GHCND:USC00049855,YOSEMITE PARK HEADQUARTERS CA US,20141231,-9999,-9999,0
GHCND:USC00049855,YOSEMITE PARK HEADQUARTERS CA US,20150101,-9999,-9999,0
GHCND:USC00049855,YOSEMITE PARK HEADQUARTERS CA US,20150102,-9999,-9999,0
GHCND:USC00049855,YOSEMITE PARK HEADQUARTERS CA US,20150103,-9999,-9999,0
GHCND:USC00049855,YOSEMITE PARK HEADQUARTERS CA US,20150107,-9999,-9999,0
GHCND:USC00049855,YOSEMITE PARK HEADQUARTERS CA US,20150108,-9999,-9999,0
GHCND:USC00049855,YOSEMITE PARK HEADQUARTERS CA US,20150109,-9999,-9999,0
GHCND:USC00049855,YOSEMITE PARK HEADQUARTERS CA US,20150110,-9999,-9999,0
GHCND:USC00049855,YOSEMITE PARK HEADQUARTERS CA US,20150111,-9999,-9999,0
GHCND:USC00049855,YOSEMITE PARK HEADQUARTERS CA US,20150112,-9999,-9999,0
GHCND:USC00049855,YOSEMITE PARK HEADQUARTERS CA US,20150113,-9999,-9999,0
GHCND:USC00049855,YOSEMITE PARK HEADQUARTERS CA US,20150114,-9999,-9999,0
GHCND:USC00049855,YOSEMITE PARK HEADQUARTERS CA US,20150115,-9999,-9999,0
GHCND:USC00049855,YOSEMITE PARK HEADQUARTERS CA US,20150116,-9999,-9999,0
GHCND:USC00049855,YOSEMITE PARK HEADQUARTERS CA US,20150117,-9999,-9999,0
GHCND:USC00049855,YOSEMITE PARK HEADQUARTERS CA US,20150118,-9999,-9999,0
GHCND:USC00049855,YOSEMITE PARK HEADQUARTERS CA US,20150119,-9999,-9999,0
GHCND:USC00049855,YOSEMITE PARK HEADQUARTERS CA US,20150120,-9999,-9999,0
GHCND:USC00049855,YOSEMITE PARK HEADQUARTERS CA US,20150121,-9999,-9999,0
GHCND:USC00049855,YOSEMITE PARK HEADQUARTERS CA US,20150122,-9999,-9999,0
GHCND:USC00049855,YOSEMITE PARK HEADQUARTERS CA US,20150123,-9999,-9999,0
GHCND:USC00049855,YOSEMITE PARK HEADQUARTERS CA US,20150124,-9999,-9999,0
GHCND:USC00049855,YOSEMITE PARK HEADQUARTERS CA US,20150125,-9999,-9999,0
GHCND:USC00049855,YOSEMITE PARK HEADQUARTERS CA US,20150126,-9999,-9999,0
GHCND:USC00049855,YOSEMITE PARK HEADQUARTERS CA US,20150127,-9999,-9999,0.1
GHCND:USC00049855,YOSEMITE PARK HEADQUARTERS CA US,20150128,-9999,-9999,0
GHCND:USC00049855,YOSEMITE PARK HEADQUARTERS CA US,20150129,-9999,-9999,0
GHCND:USC00049855,YOSEMITE PARK HEADQUARTERS CA US,20150130,-9999,-9999,0
GHCND:USC00049855,YOSEMITE PARK HEADQUARTERS CA US,20150131,-9999,-9999,0
GHCND:USC00049855,YOSEMITE PARK HEADQUARTERS CA US,20150201,-9999,-9999,0
GHCND:USC00049855,YOSEMITE PARK HEADQUARTERS CA US,20150202,-9999,-9999,0
GHCND:USC00049855,YOSEMITE PARK HEADQUARTERS CA US,20150203,-9999,-9999,0
GHCND:USC00049855,YOSEMITE PARK HEADQUARTERS CA US,20150204,-9999,-9999,0
GHCND:USC00049855,YOSEMITE PARK HEADQUARTERS CA US,20150205,-9999,-9999,0
GHCND:USC00049855,YOSEMITE PARK HEADQUARTERS CA US,20150206,-9999,-9999,0
GHCND:USC00049855,YOSEMITE PARK HEADQUARTERS CA US,20150207,-9999,-9999,1.2
GHCND:USC00049855,YOSEMITE PARK HEADQUARTERS CA US,20150208,-9999,-9999,0.24
GHCND:USC00049855,YOSEMITE PARK HEADQUARTERS CA US,20150210,-9999,-9999,0
GHCND:USC00049855,YOSEMITE PARK HEADQUARTERS CA US,20150211,-9999,-9999,0
GHCND:USC00049855,YOSEMITE PARK HEADQUARTERS CA US,20150215,-9999,-9999,0
GHCND:USC00049855,YOSEMITE PARK HEADQUARTERS CA US,20150216,-9999,-9999,0
GHCND:USC00049855,YOSEMITE PARK HEADQUARTERS CA US,20150217,-9999,-9999,0
GHCND:USC00049855,YOSEMITE PARK HEADQUARTERS CA US,20150218,-9999,-9999,0
GHCND:USC00049855,YOSEMITE PARK HEADQUARTERS CA US,20150219,-9999,-9999,0
GHCND:USC00049855,YOSEMITE PARK HEADQUARTERS CA US,20150220,-9999,-9999,0
GHCND:USC00049855,YOSEMITE PARK HEADQUARTERS CA US,20150221,-9999,-9999,0
GHCND:USC00049855,YOSEMITE PARK HEADQUARTERS CA US,20150222,-9999,-9999,0
GHCND:USC00049855,YOSEMITE PARK HEADQUARTERS CA US,20150224,-9999,-9999,0
GHCND:USC00049855,YOSEMITE PARK HEADQUARTERS CA US,20150225,-9999,-9999,0
GHCND:USC00049855,YOSEMITE PARK HEADQUARTERS CA US,20150226,-9999,-9999,0
GHCND:USC00049855,YOSEMITE PARK HEADQUARTERS CA US,20150227,-9999,-9999,0.02
GHCND:USC00049855,YOSEMITE PARK HEADQUARTERS CA US,20150228,-9999,-9999,0.17
GHCND:USC00049855,YOSEMITE PARK HEADQUARTERS CA US,20150301,-9999,-9999,0
GHCND:USC00049855,YOSEMITE PARK HEADQUARTERS CA US,20150302,-9999,-9999,0.01
GHCND:USC00049855,YOSEMITE PARK HEADQUARTERS CA US,20150303,-9999,-9999,0.02
GHCND:USC00049855,YOSEMITE PARK HEADQUARTERS CA US,20150304,-9999,-9999,0
GHCND:USC00049855,YOSEMITE PARK HEADQUARTERS CA US,20150305,-9999,-9999,0
GHCND:USC00049855,YOSEMITE PARK HEADQUARTERS CA US,20150306,-9999,-9999,0
GHCND:USC00049855,YOSEMITE PARK HEADQUARTERS CA US,20150307,-9999,-9999,0
GHCND:USC00049855,YOSEMITE PARK HEADQUARTERS CA US,20150308,-9999,-9999,0
GHCND:USC00049855,YOSEMITE PARK HEADQUARTERS CA US,20150309,-9999,-9999,0
GHCND:USC00049855,YOSEMITE PARK HEADQUARTERS CA US,20150313,-9999,-9999,0
GHCND:USC00049855,YOSEMITE PARK HEADQUARTERS CA US,20150314,-9999,-9999,0
GHCND:USC00049855,YOSEMITE PARK HEADQUARTERS CA US,20150315,-9999,-9999,0
GHCND:USC00049855,YOSEMITE PARK HEADQUARTERS CA US,20150316,-9999,-9999,0
GHCND:USC00049855,YOSEMITE PARK HEADQUARTERS CA US,20150317,-9999,-9999,0
GHCND:USC00049855,YOSEMITE PARK HEADQUARTERS CA US,20150318,-9999,-9999,0
GHCND:USC00049855,YOSEMITE PARK HEADQUARTERS CA US,20150320,-9999,-9999,0
GHCND:USC00049855,YOSEMITE PARK HEADQUARTERS CA US,20150321,-9999,-9999,0
GHCND:USC00049855,YOSEMITE PARK HEADQUARTERS CA US,20150322,-9999,-9999,0
GHCND:USC00049855,YOSEMITE PARK HEADQUARTERS CA US,20150323,-9999,-9999,0.4
GHCND:USC00049855,YOSEMITE PARK HEADQUARTERS CA US,20150325,-9999,-9999,0
GHCND:USC00049855,YOSEMITE PARK HEADQUARTERS CA US,20150328,-9999,-9999,0
GHCND:USC00049855,YOSEMITE PARK HEADQUARTERS CA US,20150329,-9999,-9999,0
GHCND:USC00049855,YOSEMITE PARK HEADQUARTERS CA US,20150330,-9999,-9999,0
GHCND:USC00049855,YOSEMITE PARK HEADQUARTERS CA US,20150331,-9999,-9999,0
GHCND:USC00049855,YOSEMITE PARK HEADQUARTERS CA US,20150401,-9999,-9999,0
GHCND:USC00049855,YOSEMITE PARK HEADQUARTERS CA US,20150402,-9999,-9999,0
GHCND:USC00049855,YOSEMITE PARK HEADQUARTERS CA US,20150403,-9999,-9999,0
GHCND:USC00049855,YOSEMITE PARK HEADQUARTERS CA US,20150404,-9999,-9999,0
GHCND:USC00049855,YOSEMITE PARK HEADQUARTERS CA US,20150405,-9999,-9999,0
GHCND:USC00049855,YOSEMITE PARK HEADQUARTERS CA US,20150406,-9999,-9999,0.29
GHCND:USC00049855,YOSEMITE PARK HEADQUARTERS CA US,20150407,-9999,-9999,0
GHCND:USC00049855,YOSEMITE PARK HEADQUARTERS CA US,20150408,-9999,-9999,0.9
GHCND:USC00049855,YOSEMITE PARK HEADQUARTERS CA US,20150409,-9999,-9999,0
GHCND:USC00049855,YOSEMITE PARK HEADQUARTERS CA US,20150410,-9999,-9999,0
GHCND:USC00049855,YOSEMITE PARK HEADQUARTERS CA US,20150411,-9999,-9999,0
GHCND:USC00049855,YOSEMITE PARK HEADQUARTERS CA US,20150412,-9999,-9999,0
GHCND:USC00049855,YOSEMITE PARK HEADQUARTERS CA US,20150413,-9999,-9999,0
GHCND:USC00049855,YOSEMITE PARK HEADQUARTERS CA US,20150415,-9999,-9999,0
GHCND:USC00049855,YOSEMITE PARK HEADQUARTERS CA US,20150416,-9999,-9999,0
GHCND:USC00049855,YOSEMITE PARK HEADQUARTERS CA US,20150417,-9999,-9999,0
GHCND:USC00049855,YOSEMITE PARK HEADQUARTERS CA US,20150418,-9999,-9999,0
GHCND:USC00049855,YOSEMITE PARK HEADQUARTERS CA US,20150419,-9999,-9999,0
GHCND:USC00049855,YOSEMITE PARK HEADQUARTERS CA US,20150421,-9999,-9999,0
GHCND:USC00049855,YOSEMITE PARK HEADQUARTERS CA US,20150422,-9999,-9999,0.03
GHCND:USC00049855,YOSEMITE PARK HEADQUARTERS CA US,20150423,-9999,-9999,0.17
GHCND:USC00049855,YOSEMITE PARK HEADQUARTERS CA US,20150424,-9999,-9999,0.39
GHCND:USC00049855,YOSEMITE PARK HEADQUARTERS CA US,20150425,-9999,-9999,1.23
GHCND:USC00049855,YOSEMITE PARK HEADQUARTERS CA US,20150426,-9999,-9999,0.14
GHCND:USC00049855,YOSEMITE PARK HEADQUARTERS CA US,20150429,-9999,-9999,0
GHCND:USC00049855,YOSEMITE PARK HEADQUARTERS CA US,20150430,-9999,-9999,0
GHCND:USC00049855,YOSEMITE PARK HEADQUARTERS CA US,20150501,-9999,-9999,0
GHCND:USC00049855,YOSEMITE PARK HEADQUARTERS CA US,20150502,-9999,-9999,0
GHCND:USC00049855,YOSEMITE PARK HEADQUARTERS CA US,20150503,-9999,-9999,0
GHCND:USC00049855,YOSEMITE PARK HEADQUARTERS CA US,20150504,-9999,-9999,0
GHCND:USC00049855,YOSEMITE PARK HEADQUARTERS CA US,20150505,-9999,-9999,0
GHCND:USC00049855,YOSEMITE PARK HEADQUARTERS CA US,20150506,-9999,-9999,0
GHCND:USC00049855,YOSEMITE PARK HEADQUARTERS CA US,20150507,-9999,-9999,0.1
GHCND:USC00049855,YOSEMITE PARK HEADQUARTERS CA US,20150508,-9999,-9999,0.7
GHCND:USC00049855,YOSEMITE PARK HEADQUARTERS CA US,20150509,-9999,-9999,0.02
GHCND:USC00049855,YOSEMITE PARK HEADQUARTERS CA US,20150511,-9999,-9999,0
GHCND:USC00049855,YOSEMITE PARK HEADQUARTERS CA US,20150512,-9999,-9999,0
GHCND:USC00049855,YOSEMITE PARK HEADQUARTERS CA US,20150513,-9999,-9999,0
GHCND:USC00049855,YOSEMITE PARK HEADQUARTERS CA US,20150515,0.15,2,-9999
GHCND:USC00049855,YOSEMITE PARK HEADQUARTERS CA US,20150516,-9999,-9999,0.04
GHCND:USC00049855,YOSEMITE PARK HEADQUARTERS CA US,20150517,-9999,-9999,0
GHCND:USC00049855,YOSEMITE PARK HEADQUARTERS CA US,20150518,-9999,-9999,0.2
GHCND:USC00049855,YOSEMITE PARK HEADQUARTERS CA US,20150519,-9999,-9999,0.01
GHCND:USC00049855,YOSEMITE PARK HEADQUARTERS CA US,20150520,-9999,-9999,0
GHCND:USC00049855,YOSEMITE PARK HEADQUARTERS CA US,20150521,-9999,-9999,0.01
GHCND:USC00049855,YOSEMITE PARK HEADQUARTERS CA US,20150522,-9999,-9999,0.4
GHCND:USC00049855,YOSEMITE PARK HEADQUARTERS CA US,20150523,-9999,-9999,0.07
GHCND:USC00049855,YOSEMITE PARK HEADQUARTERS CA US,20150525,0.26,2,-9999
GHCND:USC00049855,YOSEMITE PARK HEADQUARTERS CA US,20150526,-9999,-9999,0.01
GHCND:USC00049855,YOSEMITE PARK HEADQUARTERS CA US,20150527,-9999,-9999,0
GHCND:USC00049855,YOSEMITE PARK HEADQUARTERS CA US,20150528,-9999,-9999,0
GHCND:USC00049855,YOSEMITE PARK HEADQUARTERS CA US,20150531,-9999,-9999,0
GHCND:USC00049855,YOSEMITE PARK HEADQUARTERS CA US,20150601,-9999,-9999,0
GHCND:USC00049855,YOSEMITE PARK HEADQUARTERS CA US,20150602,-9999,-9999,0
GHCND:USC00049855,YOSEMITE PARK HEADQUARTERS CA US,20150603,-9999,-9999,0
GHCND:USC00049855,YOSEMITE PARK HEADQUARTERS CA US,20150604,-9999,-9999,0
GHCND:USC00049855,YOSEMITE PARK HEADQUARTERS CA US,20150605,-9999,-9999,0.02
GHCND:USC00049855,YOSEMITE PARK HEADQUARTERS CA US,20150606,-9999,-9999,0.17
GHCND:USC00049855,YOSEMITE PARK HEADQUARTERS CA US,20150607,-9999,-9999,0.4
GHCND:USC00049855,YOSEMITE PARK HEADQUARTERS CA US,20150608,-9999,-9999,0
GHCND:USC00049855,YOSEMITE PARK HEADQUARTERS CA US,20150609,-9999,-9999,0
GHCND:USC00049855,YOSEMITE PARK HEADQUARTERS CA US,20150610,-9999,-9999,0.03
GHCND:USC00049855,YOSEMITE PARK HEADQUARTERS CA US,20150611,-9999,-9999,0.11
GHCND:USC00049855,YOSEMITE PARK HEADQUARTERS CA US,20150612,-9999,-9999,0.04
GHCND:USC00049855,YOSEMITE PARK HEADQUARTERS CA US,20150613,-9999,-9999,0
GHCND:USC00049855,YOSEMITE PARK HEADQUARTERS CA US,20150614,-9999,-9999,0.02
GHCND:USC00049855,YOSEMITE PARK HEADQUARTERS CA US,20150615,-9999,-9999,0
GHCND:USC00049855,YOSEMITE PARK HEADQUARTERS CA US,20150616,-9999,-9999,0
GHCND:USC00049855,YOSEMITE PARK HEADQUARTERS CA US,20150617,-9999,-9999,0
GHCND:USC00049855,YOSEMITE PARK HEADQUARTERS CA US,20150618,-9999,-9999,0
GHCND:USC00049855,YOSEMITE PARK HEADQUARTERS CA US,20150619,-9999,-9999,0
GHCND:USC00049855,YOSEMITE PARK HEADQUARTERS CA US,20150620,-9999,-9999,0
GHCND:USC00049855,YOSEMITE PARK HEADQUARTERS CA US,20150621,-9999,-9999,0
GHCND:USC00049855,YOSEMITE PARK HEADQUARTERS CA US,20150622,-9999,-9999,0
GHCND:USC00049855,YOSEMITE PARK HEADQUARTERS CA US,20150623,-9999,-9999,0
GHCND:USC00049855,YOSEMITE PARK HEADQUARTERS CA US,20150624,-9999,-9999,0
GHCND:USC00049855,YOSEMITE PARK HEADQUARTERS CA US,20150625,-9999,-9999,0
GHCND:USC00049855,YOSEMITE PARK HEADQUARTERS CA US,20150626,-9999,-9999,0
GHCND:USC00049855,YOSEMITE PARK HEADQUARTERS CA US,20150627,-9999,-9999,0
GHCND:USC00049855,YOSEMITE PARK HEADQUARTERS CA US,20150628,-9999,-9999,0
GHCND:USC00049855,YOSEMITE PARK HEADQUARTERS CA US,20150629,-9999,-9999,0
GHCND:USC00049855,YOSEMITE PARK HEADQUARTERS CA US,20150630,-9999,-9999,0
GHCND:USC00049855,YOSEMITE PARK HEADQUARTERS CA US,20150701,-9999,-9999,0
GHCND:USC00049855,YOSEMITE PARK HEADQUARTERS CA US,20150702,-9999,-9999,0.02
GHCND:USC00049855,YOSEMITE PARK HEADQUARTERS CA US,20150703,-9999,-9999,0.75
GHCND:USC00049855,YOSEMITE PARK HEADQUARTERS CA US,20150704,-9999,-9999,0.01
GHCND:USC00049855,YOSEMITE PARK HEADQUARTERS CA US,20150705,-9999,-9999,0
GHCND:USC00049855,YOSEMITE PARK HEADQUARTERS CA US,20150706,-9999,-9999,0
GHCND:USC00049855,YOSEMITE PARK HEADQUARTERS CA US,20150707,-9999,-9999,0
GHCND:USC00049855,YOSEMITE PARK HEADQUARTERS CA US,20150708,-9999,-9999,0
GHCND:USC00049855,YOSEMITE PARK HEADQUARTERS CA US,20150709,-9999,-9999,0.32
GHCND:USC00049855,YOSEMITE PARK HEADQUARTERS CA US,20150710,-9999,-9999,0.52
GHCND:USC00049855,YOSEMITE PARK HEADQUARTERS CA US,20150711,-9999,-9999,0
GHCND:USC00049855,YOSEMITE PARK HEADQUARTERS CA US,20150712,-9999,-9999,0.01
GHCND:USC00049855,YOSEMITE PARK HEADQUARTERS CA US,20150713,-9999,-9999,0
GHCND:USC00049855,YOSEMITE PARK HEADQUARTERS CA US,20150714,-9999,-9999,0
GHCND:USC00049855,YOSEMITE PARK HEADQUARTERS CA US,20150715,-9999,-9999,0
GHCND:USC00049855,YOSEMITE PARK HEADQUARTERS CA US,20150716,-9999,-9999,0
GHCND:USC00049855,YOSEMITE PARK HEADQUARTERS CA US,20150717,-9999,-9999,0
GHCND:USC00049855,YOSEMITE PARK HEADQUARTERS CA US,20150718,-9999,-9999,0
GHCND:USC00049855,YOSEMITE PARK HEADQUARTERS CA US,20150719,-9999,-9999,0
GHCND:USC00049855,YOSEMITE PARK HEADQUARTERS CA US,20150720,-9999,-9999,0.02
GHCND:USC00049855,YOSEMITE PARK HEADQUARTERS CA US,20150721,-9999,-9999,0.26
GHCND:USC00049855,YOSEMITE PARK HEADQUARTERS CA US,20150722,-9999,-9999,0.65
GHCND:USC00049855,YOSEMITE PARK HEADQUARTERS CA US,20150723,-9999,-9999,0.02
GHCND:USC00049855,YOSEMITE PARK HEADQUARTERS CA US,20150724,-9999,-9999,0
GHCND:USC00049855,YOSEMITE PARK HEADQUARTERS CA US,20150725,-9999,-9999,0
GHCND:USC00049855,YOSEMITE PARK HEADQUARTERS CA US,20150726,-9999,-9999,0
GHCND:USC00049855,YOSEMITE PARK HEADQUARTERS CA US,20150727,-9999,-9999,0
GHCND:USC00049855,YOSEMITE PARK HEADQUARTERS CA US,20150728,-9999,-9999,0
GHCND:USC00049855,YOSEMITE PARK HEADQUARTERS CA US,20150729,-9999,-9999,0
GHCND:USC00049855,YOSEMITE PARK HEADQUARTERS CA US,20150730,-9999,-9999,0
GHCND:USC00049855,YOSEMITE PARK HEADQUARTERS CA US,20150731,-9999,-9999,0
GHCND:USC00049855,YOSEMITE PARK HEADQUARTERS CA US,20150801,-9999,-9999,0.04
GHCND:USC00049855,YOSEMITE PARK HEADQUARTERS CA US,20150802,-9999,-9999,0
GHCND:USC00049855,YOSEMITE PARK HEADQUARTERS CA US,20150803,-9999,-9999,0
GHCND:USC00049855,YOSEMITE PARK HEADQUARTERS CA US,20150804,-9999,-9999,0
GHCND:USC00049855,YOSEMITE PARK HEADQUARTERS CA US,20150805,-9999,-9999,0
GHCND:USC00049855,YOSEMITE PARK HEADQUARTERS CA US,20150806,-9999,-9999,0
GHCND:USC00049855,YOSEMITE PARK HEADQUARTERS CA US,20150807,-9999,-9999,0
GHCND:USC00049855,YOSEMITE PARK HEADQUARTERS CA US,20150808,-9999,-9999,0
GHCND:USC00049855,YOSEMITE PARK HEADQUARTERS CA US,20150809,-9999,-9999,0
GHCND:USC00049855,YOSEMITE PARK HEADQUARTERS CA US,20150810,-9999,-9999,0
GHCND:USC00049855,YOSEMITE PARK HEADQUARTERS CA US,20150811,-9999,-9999,0
GHCND:USC00049855,YOSEMITE PARK HEADQUARTERS CA US,20150812,-9999,-9999,0
GHCND:USC00049855,YOSEMITE PARK HEADQUARTERS CA US,20150813,-9999,-9999,0
GHCND:USC00049855,YOSEMITE PARK HEADQUARTERS CA US,20150814,-9999,-9999,0
GHCND:USC00049855,YOSEMITE PARK HEADQUARTERS CA US,20150815,-9999,-9999,0
GHCND:USC00049855,YOSEMITE PARK HEADQUARTERS CA US,20150816,-9999,-9999,0
GHCND:USC00049855,YOSEMITE PARK HEADQUARTERS CA US,20150817,-9999,-9999,0
GHCND:USC00049855,YOSEMITE PARK HEADQUARTERS CA US,20150818,-9999,-9999,0
GHCND:USC00049855,YOSEMITE PARK HEADQUARTERS CA US,20150819,-9999,-9999,0
GHCND:USC00049855,YOSEMITE PARK HEADQUARTERS CA US,20150820,-9999,-9999,0
GHCND:USC00049855,YOSEMITE PARK HEADQUARTERS CA US,20150821,-9999,-9999,0
GHCND:USC00049855,YOSEMITE PARK HEADQUARTERS CA US,20150822,-9999,-9999,0
GHCND:USC00049855,YOSEMITE PARK HEADQUARTERS CA US,20150823,-9999,-9999,0
GHCND:USC00049855,YOSEMITE PARK HEADQUARTERS CA US,20150824,-9999,-9999,0
GHCND:USC00049855,YOSEMITE PARK HEADQUARTERS CA US,20150825,-9999,-9999,0
GHCND:USC00049855,YOSEMITE PARK HEADQUARTERS CA US,20150826,-9999,-9999,0
GHCND:USC00049855,YOSEMITE PARK HEADQUARTERS CA US,20150827,-9999,-9999,0
GHCND:USC00049855,YOSEMITE PARK HEADQUARTERS CA US,20150828,-9999,-9999,0
GHCND:USC00049855,YOSEMITE PARK HEADQUARTERS CA US,20150829,-9999,-9999,0
GHCND:USC00049855,YOSEMITE PARK HEADQUARTERS CA US,20150830,-9999,-9999,0
GHCND:USC00049855,YOSEMITE PARK HEADQUARTERS CA US,20150831,-9999,-9999,0
GHCND:USC00049855,YOSEMITE PARK HEADQUARTERS CA US,20150901,-9999,-9999,0
GHCND:USC00049855,YOSEMITE PARK HEADQUARTERS CA US,20150902,-9999,-9999,0
GHCND:USC00049855,YOSEMITE PARK HEADQUARTERS CA US,20150903,-9999,-9999,0
GHCND:USC00049855,YOSEMITE PARK HEADQUARTERS CA US,20150904,-9999,-9999,0
GHCND:USC00049855,YOSEMITE PARK HEADQUARTERS CA US,20150905,-9999,-9999,0
GHCND:USC00049855,YOSEMITE PARK HEADQUARTERS CA US,20150906,-9999,-9999,0
GHCND:USC00049855,YOSEMITE PARK HEADQUARTERS CA US,20150907,-9999,-9999,0
GHCND:USC00049855,YOSEMITE PARK HEADQUARTERS CA US,20150908,-9999,-9999,0
GHCND:USC00049855,YOSEMITE PARK HEADQUARTERS CA US,20150909,-9999,-9999,0
GHCND:USC00049855,YOSEMITE PARK HEADQUARTERS CA US,20150910,-9999,-9999,0
GHCND:USC00049855,YOSEMITE PARK HEADQUARTERS CA US,20150911,-9999,-9999,0
GHCND:USC00049855,YOSEMITE PARK HEADQUARTERS CA US,20150912,-9999,-9999,0
GHCND:USC00049855,YOSEMITE PARK HEADQUARTERS CA US,20150913,-9999,-9999,0
GHCND:USC00049855,YOSEMITE PARK HEADQUARTERS CA US,20150914,-9999,-9999,0
GHCND:USC00049855,YOSEMITE PARK HEADQUARTERS CA US,20150915,-9999,-9999,0.06
GHCND:USC00049855,YOSEMITE PARK HEADQUARTERS CA US,20150916,-9999,-9999,0.09
GHCND:USC00049855,YOSEMITE PARK HEADQUARTERS CA US,20150917,-9999,-9999,0
GHCND:USC00049855,YOSEMITE PARK HEADQUARTERS CA US,20150918,-9999,-9999,0
GHCND:USC00049855,YOSEMITE PARK HEADQUARTERS CA US,20150919,-9999,-9999,0
GHCND:USC00049855,YOSEMITE PARK HEADQUARTERS CA US,20150920,-9999,-9999,0
GHCND:USC00049855,YOSEMITE PARK HEADQUARTERS CA US,20150921,-9999,-9999,0
GHCND:USC00049855,YOSEMITE PARK HEADQUARTERS CA US,20150922,-9999,-9999,0
GHCND:USC00049855,YOSEMITE PARK HEADQUARTERS CA US,20150923,-9999,-9999,0
GHCND:USC00049855,YOSEMITE PARK HEADQUARTERS CA US,20150924,-9999,-9999,0
GHCND:USC00049855,YOSEMITE PARK HEADQUARTERS CA US,20150925,-9999,-9999,0
GHCND:USC00049855,YOSEMITE PARK HEADQUARTERS CA US,20150926,-9999,-9999,0
GHCND:USC00049855,YOSEMITE PARK HEADQUARTERS CA US,20150927,-9999,-9999,0
GHCND:USC00049855,YOSEMITE PARK HEADQUARTERS CA US,20150928,-9999,-9999,0
GHCND:USC00049855,YOSEMITE PARK HEADQUARTERS CA US,20150929,-9999,-9999,0
GHCND:USC00049855,YOSEMITE PARK HEADQUARTERS CA US,20150930,-9999,-9999,0
GHCND:USC00049855,YOSEMITE PARK HEADQUARTERS CA US,20151001,-9999,-9999,0
GHCND:USC00049855,YOSEMITE PARK HEADQUARTERS CA US,20151002,-9999,-9999,0.41
GHCND:USC00049855,YOSEMITE PARK HEADQUARTERS CA US,20151003,-9999,-9999,0
GHCND:USC00049855,YOSEMITE PARK HEADQUARTERS CA US,20151004,-9999,-9999,0
GHCND:USC00049855,YOSEMITE PARK HEADQUARTERS CA US,20151005,-9999,-9999,0
GHCND:USC00049855,YOSEMITE PARK HEADQUARTERS CA US,20151006,-9999,-9999,0
GHCND:USC00049855,YOSEMITE PARK HEADQUARTERS CA US,20151007,-9999,-9999,0
GHCND:USC00049855,YOSEMITE PARK HEADQUARTERS CA US,20151008,-9999,-9999,0
GHCND:USC00049855,YOSEMITE PARK HEADQUARTERS CA US,20151009,-9999,-9999,0
GHCND:USC00049855,YOSEMITE PARK HEADQUARTERS CA US,20151010,-9999,-9999,0
GHCND:USC00049855,YOSEMITE PARK HEADQUARTERS CA US,20151011,-9999,-9999,0
GHCND:USC00049855,YOSEMITE PARK HEADQUARTERS CA US,20151012,-9999,-9999,0
GHCND:USC00049855,YOSEMITE PARK HEADQUARTERS CA US,20151013,-9999,-9999,0
GHCND:USC00049855,YOSEMITE PARK HEADQUARTERS CA US,20151014,-9999,-9999,0
GHCND:USC00049855,YOSEMITE PARK HEADQUARTERS CA US,20151015,-9999,-9999,0
GHCND:USC00049855,YOSEMITE PARK HEADQUARTERS CA US,20151016,-9999,-9999,0.01
GHCND:USC00049855,YOSEMITE PARK HEADQUARTERS CA US,20151017,-9999,-9999,0.15
GHCND:USC00049855,YOSEMITE PARK HEADQUARTERS CA US,20151018,-9999,-9999,1.7
GHCND:USC00049855,YOSEMITE PARK HEADQUARTERS CA US,20151019,-9999,-9999,0.36
GHCND:USC00049855,YOSEMITE PARK HEADQUARTERS CA US,20151020,-9999,-9999,0.02
GHCND:USC00049855,YOSEMITE PARK HEADQUARTERS CA US,20151021,-9999,-9999,0
GHCND:USC00049855,YOSEMITE PARK HEADQUARTERS CA US,20151022,-9999,-9999,0
GHCND:USC00049855,YOSEMITE PARK HEADQUARTERS CA US,20151023,-9999,-9999,0
GHCND:USC00049855,YOSEMITE PARK HEADQUARTERS CA US,20151024,-9999,-9999,0
GHCND:USC00049855,YOSEMITE PARK HEADQUARTERS CA US,20151025,-9999,-9999,0
GHCND:USC00049855,YOSEMITE PARK HEADQUARTERS CA US,20151026,-9999,-9999,0
GHCND:USC00049855,YOSEMITE PARK HEADQUARTERS CA US,20151027,-9999,-9999,0
GHCND:USC00049855,YOSEMITE PARK HEADQUARTERS CA US,20151028,-9999,-9999,0.17
GHCND:USC00049855,YOSEMITE PARK HEADQUARTERS CA US,20151029,-9999,-9999,0.54
GHCND:USC00049855,YOSEMITE PARK HEADQUARTERS CA US,20151030,-9999,-9999,0.01
GHCND:USC00049855,YOSEMITE PARK HEADQUARTERS CA US,20151031,-9999,-9999,0
GHCND:USC00049855,YOSEMITE PARK HEADQUARTERS CA US,20151101,-9999,-9999,0
GHCND:USC00049855,YOSEMITE PARK HEADQUARTERS CA US,20151102,-9999,-9999,1.06
GHCND:USC00049855,YOSEMITE PARK HEADQUARTERS CA US,20151103,-9999,-9999,1.48
GHCND:USC00049855,YOSEMITE PARK HEADQUARTERS CA US,20151104,-9999,-9999,0.03
GHCND:USC00049855,YOSEMITE PARK HEADQUARTERS CA US,20151105,-9999,-9999,0.01
GHCND:USC00049855,YOSEMITE PARK HEADQUARTERS CA US,20151106,-9999,-9999,0
GHCND:USC00049855,YOSEMITE PARK HEADQUARTERS CA US,20151107,-9999,-9999,0
GHCND:USC00049855,YOSEMITE PARK HEADQUARTERS CA US,20151108,-9999,-9999,0
GHCND:USC00049855,YOSEMITE PARK HEADQUARTERS CA US,20151109,-9999,-9999,0.43
GHCND:USC00049855,YOSEMITE PARK HEADQUARTERS CA US,20151111,-9999,-9999,0
GHCND:USC00049855,YOSEMITE PARK HEADQUARTERS CA US,20151112,-9999,-9999,0
GHCND:USC00049855,YOSEMITE PARK HEADQUARTERS CA US,20151113,-9999,-9999,0
GHCND:USC00049855,YOSEMITE PARK HEADQUARTERS CA US,20151114,-9999,-9999,0
GHCND:USC00049855,YOSEMITE PARK HEADQUARTERS CA US,20151115,-9999,-9999,0
GHCND:USC00049855,YOSEMITE PARK HEADQUARTERS CA US,20151117,-9999,-9999,0
GHCND:USC00049855,YOSEMITE PARK HEADQUARTERS CA US,20151118,-9999,-9999,0
GHCND:USC00049855,YOSEMITE PARK HEADQUARTERS CA US,20151119,-9999,-9999,0
GHCND:USC00049855,YOSEMITE PARK HEADQUARTERS CA US,20151120,-9999,-9999,0
GHCND:USC00049855,YOSEMITE PARK HEADQUARTERS CA US,20151121,-9999,-9999,0
GHCND:USC00049855,YOSEMITE PARK HEADQUARTERS CA US,20151122,-9999,-9999,0
GHCND:USC00049855,YOSEMITE PARK HEADQUARTERS CA US,20151123,-9999,-9999,0
GHCND:USC00049855,YOSEMITE PARK HEADQUARTERS CA US,20151124,-9999,-9999,0
GHCND:USC00049855,YOSEMITE PARK HEADQUARTERS CA US,20151125,-9999,-9999,0.6
GHCND:USC00049855,YOSEMITE PARK HEADQUARTERS CA US,20151126,-9999,-9999,0.13
GHCND:USC00049855,YOSEMITE PARK HEADQUARTERS CA US,20151127,-9999,-9999,0
GHCND:USC00049855,YOSEMITE PARK HEADQUARTERS CA US,20151128,-9999,-9999,0
GHCND:USC00049855,YOSEMITE PARK HEADQUARTERS CA US,20151129,-9999,-9999,0
GHCND:USC00049855,YOSEMITE PARK HEADQUARTERS CA US,20151130,-9999,-9999,0
GHCND:USC00049855,YOSEMITE PARK HEADQUARTERS CA US,20151201,-9999,-9999,0
GHCND:USC00049855,YOSEMITE PARK HEADQUARTERS CA US,20151202,-9999,-9999,0
GHCND:USC00049855,YOSEMITE PARK HEADQUARTERS CA US,20151203,-9999,-9999,0
GHCND:USC00049855,YOSEMITE PARK HEADQUARTERS CA US,20151204,-9999,-9999,0.17
GHCND:USC00049855,YOSEMITE PARK HEADQUARTERS CA US,20151205,-9999,-9999,0
GHCND:USC00049855,YOSEMITE PARK HEADQUARTERS CA US,20151206,-9999,-9999,0
GHCND:USC00049855,YOSEMITE PARK HEADQUARTERS CA US,20151207,-9999,-9999,0
GHCND:USC00049855,YOSEMITE PARK HEADQUARTERS CA US,20151208,-9999,-9999,0
GHCND:USC00049855,YOSEMITE PARK HEADQUARTERS CA US,20151209,-9999,-9999,0
GHCND:USC00049855,YOSEMITE PARK HEADQUARTERS CA US,20151210,-9999,-9999,0.03
GHCND:USC00049855,YOSEMITE PARK HEADQUARTERS CA US,20151211,-9999,-9999,0.76
GHCND:USC00049855,YOSEMITE PARK HEADQUARTERS CA US,20151212,-9999,-9999,0
GHCND:USC00049855,YOSEMITE PARK HEADQUARTERS CA US,20151213,-9999,-9999,0
GHCND:USC00049855,YOSEMITE PARK HEADQUARTERS CA US,20151214,-9999,-9999,0.94
GHCND:USC00049855,YOSEMITE PARK HEADQUARTERS CA US,20151215,-9999,-9999,0
GHCND:USC00049855,YOSEMITE PARK HEADQUARTERS CA US,20151216,-9999,-9999,0
GHCND:USC00049855,YOSEMITE PARK HEADQUARTERS CA US,20151217,-9999,-9999,0
GHCND:USC00049855,YOSEMITE PARK HEADQUARTERS CA US,20151218,-9999,-9999,0
GHCND:USC00049855,YOSEMITE PARK HEADQUARTERS CA US,20151219,-9999,-9999,0.08
GHCND:USC00049855,YOSEMITE PARK HEADQUARTERS CA US,20151220,-9999,-9999,0.5
GHCND:USC00049855,YOSEMITE PARK HEADQUARTERS CA US,20151221,-9999,-9999,0.7
GHCND:USC00049855,YOSEMITE PARK HEADQUARTERS CA US,20151222,-9999,-9999,0.57
GHCND:USC00049855,YOSEMITE PARK HEADQUARTERS CA US,20151223,-9999,-9999,0.57
GHCND:USC00049855,YOSEMITE PARK HEADQUARTERS CA US,20151224,-9999,-9999,0.01
GHCND:USC00049855,YOSEMITE PARK HEADQUARTERS CA US,20151225,-9999,-9999,0.85
GHCND:USC00049855,YOSEMITE PARK HEADQUARTERS CA US,20151226,-9999,-9999,0
GHCND:USC00049855,YOSEMITE PARK HEADQUARTERS CA US,20151227,-9999,-9999,0
GHCND:USC00049855,YOSEMITE PARK HEADQUARTERS CA US,20151228,-9999,-9999,0
GHCND:USC00049855,YOSEMITE PARK HEADQUARTERS CA US,20151229,-9999,-9999,0
GHCND:USC00049855,YOSEMITE PARK HEADQUARTERS CA US,20151230,-9999,-9999,0
GHCND:USC00049855,YOSEMITE PARK HEADQUARTERS CA US,20151231,-9999,-9999,0
GHCND:USC00049855,YOSEMITE PARK HEADQUARTERS CA US,20160101,-9999,-9999,0
GHCND:USC00049855,YOSEMITE PARK HEADQUARTERS CA US,20160102,-9999,-9999,0
GHCND:USC00049855,YOSEMITE PARK HEADQUARTERS CA US,20160103,-9999,-9999,0
GHCND:USC00049855,YOSEMITE PARK HEADQUARTERS CA US,20160104,-9999,-9999,0
GHCND:USC00049855,YOSEMITE PARK HEADQUARTERS CA US,20160105,-9999,-9999,0.06
GHCND:USC00049855,YOSEMITE PARK HEADQUARTERS CA US,20160106,-9999,-9999,0.37
GHCND:USC00049855,YOSEMITE PARK HEADQUARTERS CA US,20160107,-9999,-9999,1.27
GHCND:USC00049855,YOSEMITE PARK HEADQUARTERS CA US,20160108,-9999,-9999,0
GHCND:USC00049855,YOSEMITE PARK HEADQUARTERS CA US,20160109,-9999,-9999,0.01
GHCND:USC00049855,YOSEMITE PARK HEADQUARTERS CA US,20160110,-9999,-9999,0.04
GHCND:USC00049855,YOSEMITE PARK HEADQUARTERS CA US,20160111,-9999,-9999,0
GHCND:USC00049855,YOSEMITE PARK HEADQUARTERS CA US,20160112,-9999,-9999,0
GHCND:USC00049855,YOSEMITE PARK HEADQUARTERS CA US,20160113,-9999,-9999,0
GHCND:USC00049855,YOSEMITE PARK HEADQUARTERS CA US,20160114,-9999,-9999,0.1
GHCND:USC00049855,YOSEMITE PARK HEADQUARTERS CA US,20160116,-9999,-9999,2.08
GHCND:USC00049855,YOSEMITE PARK HEADQUARTERS CA US,20160117,-9999,-9999,0.04
GHCND:USC00049855,YOSEMITE PARK HEADQUARTERS CA US,20160119,-9999,-9999,0.26
GHCND:USC00049855,YOSEMITE PARK HEADQUARTERS CA US,20160120,-9999,-9999,1.05
GHCND:USC00049855,YOSEMITE PARK HEADQUARTERS CA US,20160121,-9999,-9999,0
GHCND:USC00049855,YOSEMITE PARK HEADQUARTERS CA US,20160123,-9999,-9999,1.58
GHCND:USC00049855,YOSEMITE PARK HEADQUARTERS CA US,20160124,-9999,-9999,0.1
GHCND:USC00049855,YOSEMITE PARK HEADQUARTERS CA US,20160126,0,2,-9999
GHCND:USC00049855,YOSEMITE PARK HEADQUARTERS CA US,20160127,-9999,-9999,0
GHCND:USC00049855,YOSEMITE PARK HEADQUARTERS CA US,20160128,-9999,-9999,0
GHCND:USC00049855,YOSEMITE PARK HEADQUARTERS CA US,20160129,-9999,-9999,0
GHCND:USC00049855,YOSEMITE PARK HEADQUARTERS CA US,20160131,-9999,-9999,0.89
GHCND:USC00049855,YOSEMITE PARK HEADQUARTERS CA US,20160201,-9999,-9999,0.45
GHCND:USC00049855,YOSEMITE PARK HEADQUARTERS CA US,20160202,-9999,-9999,0
GHCND:USC00049855,YOSEMITE PARK HEADQUARTERS CA US,20160203,-9999,-9999,0
GHCND:USC00049855,YOSEMITE PARK HEADQUARTERS CA US,20160204,-9999,-9999,0
GHCND:USC00049855,YOSEMITE PARK HEADQUARTERS CA US,20160206,-9999,-9999,0
GHCND:USC00049855,YOSEMITE PARK HEADQUARTERS CA US,20160207,-9999,-9999,0
GHCND:USC00049855,YOSEMITE PARK HEADQUARTERS CA US,20160208,-9999,-9999,0
GHCND:USC00049855,YOSEMITE PARK HEADQUARTERS CA US,20160209,-9999,-9999,0
GHCND:USC00049855,YOSEMITE PARK HEADQUARTERS CA US,20160210,-9999,-9999,0
GHCND:USC00049855,YOSEMITE PARK HEADQUARTERS CA US,20160211,-9999,-9999,0
GHCND:USC00049855,YOSEMITE PARK HEADQUARTERS CA US,20160212,-9999,-9999,0
GHCND:USC00049855,YOSEMITE PARK HEADQUARTERS CA US,20160213,-9999,-9999,0
GHCND:USC00049855,YOSEMITE PARK HEADQUARTERS CA US,20160214,-9999,-9999,0
GHCND:USC00049855,YOSEMITE PARK HEADQUARTERS CA US,20160215,-9999,-9999,0
GHCND:USC00049855,YOSEMITE PARK HEADQUARTERS CA US,20160216,-9999,-9999,0
GHCND:USC00049855,YOSEMITE PARK HEADQUARTERS CA US,20160217,-9999,-9999,0
GHCND:USC00049855,YOSEMITE PARK HEADQUARTERS CA US,20160218,-9999,-9999,1.54
GHCND:USC00049855,YOSEMITE PARK HEADQUARTERS CA US,20160219,-9999,-9999,0.04
GHCND:USC00049855,YOSEMITE PARK HEADQUARTERS CA US,20160220,-9999,-9999,0
GHCND:USC00049855,YOSEMITE PARK HEADQUARTERS CA US,20160221,-9999,-9999,0
GHCND:USC00049855,YOSEMITE PARK HEADQUARTERS CA US,20160222,-9999,-9999,0
GHCND:USC00049855,YOSEMITE PARK HEADQUARTERS CA US,20160223,-9999,-9999,0
GHCND:USC00049855,YOSEMITE PARK HEADQUARTERS CA US,20160224,-9999,-9999,0
GHCND:USC00049855,YOSEMITE PARK HEADQUARTERS CA US,20160225,-9999,-9999,0
GHCND:USC00049855,YOSEMITE PARK HEADQUARTERS CA US,20160226,-9999,-9999,0
GHCND:USC00049855,YOSEMITE PARK HEADQUARTERS CA US,20160227,-9999,-9999,0
GHCND:USC00049855,YOSEMITE PARK HEADQUARTERS CA US,20160228,-9999,-9999,0
GHCND:USC00049855,YOSEMITE PARK HEADQUARTERS CA US,20160229,-9999,-9999,0
GHCND:USC00049855,YOSEMITE PARK HEADQUARTERS CA US,20160301,-9999,-9999,0
GHCND:USC00049855,YOSEMITE PARK HEADQUARTERS CA US,20160302,-9999,-9999,0
GHCND:USC00049855,YOSEMITE PARK HEADQUARTERS CA US,20160303,-9999,-9999,0
GHCND:USC00049855,YOSEMITE PARK HEADQUARTERS CA US,20160304,-9999,-9999,0.15
GHCND:USC00049855,YOSEMITE PARK HEADQUARTERS CA US,20160305,-9999,-9999,1.12
GHCND:USC00049855,YOSEMITE PARK HEADQUARTERS CA US,20160306,-9999,-9999,2.76
GHCND:USC00049855,YOSEMITE PARK HEADQUARTERS CA US,20160307,-9999,-9999,0.06
GHCND:USC00049855,YOSEMITE PARK HEADQUARTERS CA US,20160308,-9999,-9999,0.12
GHCND:USC00049855,YOSEMITE PARK HEADQUARTERS CA US,20160309,-9999,-9999,0.01
GHCND:USC00049855,YOSEMITE PARK HEADQUARTERS CA US,20160310,-9999,-9999,0
GHCND:USC00049855,YOSEMITE PARK HEADQUARTERS CA US,20160311,-9999,-9999,0
GHCND:USC00049855,YOSEMITE PARK HEADQUARTERS CA US,20160312,-9999,-9999,1.14
GHCND:USC00049855,YOSEMITE PARK HEADQUARTERS CA US,20160313,-9999,-9999,0.47
GHCND:USC00049855,YOSEMITE PARK HEADQUARTERS CA US,20160314,-9999,-9999,1.09
GHCND:USC00049855,YOSEMITE PARK HEADQUARTERS CA US,20160315,-9999,-9999,0
GHCND:USC00049855,YOSEMITE PARK HEADQUARTERS CA US,20160316,-9999,-9999,0
GHCND:USC00049855,YOSEMITE PARK HEADQUARTERS CA US,20160317,-9999,-9999,0
GHCND:USC00049855,YOSEMITE PARK HEADQUARTERS CA US,20160318,-9999,-9999,0
GHCND:USC00049855,YOSEMITE PARK HEADQUARTERS CA US,20160319,-9999,-9999,0
GHCND:USC00049855,YOSEMITE PARK HEADQUARTERS CA US,20160320,-9999,-9999,0
GHCND:USC00049855,YOSEMITE PARK HEADQUARTERS CA US,20160321,-9999,-9999,0
GHCND:USC00049855,YOSEMITE PARK HEADQUARTERS CA US,20160322,-9999,-9999,0.46
GHCND:USC00049855,YOSEMITE PARK HEADQUARTERS CA US,20160323,-9999,-9999,0
GHCND:USC00049855,YOSEMITE PARK HEADQUARTERS CA US,20160324,-9999,-9999,0
GHCND:USC00049855,YOSEMITE PARK HEADQUARTERS CA US,20160325,-9999,-9999,0
GHCND:USC00049855,YOSEMITE PARK HEADQUARTERS CA US,20160326,-9999,-9999,0
GHCND:USC00049855,YOSEMITE PARK HEADQUARTERS CA US,20160327,-9999,-9999,0
GHCND:USC00049855,YOSEMITE PARK HEADQUARTERS CA US,20160328,-9999,-9999,0
GHCND:USC00049855,YOSEMITE PARK HEADQUARTERS CA US,20160329,-9999,-9999,0.07
GHCND:USC00049855,YOSEMITE PARK HEADQUARTERS CA US,20160330,-9999,-9999,0
GHCND:USC00049855,YOSEMITE PARK HEADQUARTERS CA US,20160401,-9999,-9999,0
GHCND:USC00049855,YOSEMITE PARK HEADQUARTERS CA US,20160403,-9999,-9999,0
GHCND:USC00049855,YOSEMITE PARK HEADQUARTERS CA US,20160404,-9999,-9999,0
GHCND:USC00049855,YOSEMITE PARK HEADQUARTERS CA US,20160405,-9999,-9999,0
GHCND:USC00049855,YOSEMITE PARK HEADQUARTERS CA US,20160406,-9999,-9999,0
GHCND:USC00049855,YOSEMITE PARK HEADQUARTERS CA US,20160407,-9999,-9999,0
GHCND:USC00049855,YOSEMITE PARK HEADQUARTERS CA US,20160408,-9999,-9999,0
GHCND:USC00049855,YOSEMITE PARK HEADQUARTERS CA US,20160409,-9999,-9999,0.57
GHCND:USC00049855,YOSEMITE PARK HEADQUARTERS CA US,20160410,-9999,-9999,0.39
GHCND:USC00049855,YOSEMITE PARK HEADQUARTERS CA US,20160411,-9999,-9999,0
GHCND:USC00049855,YOSEMITE PARK HEADQUARTERS CA US,20160412,-9999,-9999,0
GHCND:USC00049855,YOSEMITE PARK HEADQUARTERS CA US,20160413,-9999,-9999,0
GHCND:USC00049855,YOSEMITE PARK HEADQUARTERS CA US,20160414,-9999,-9999,0
GHCND:USC00049855,YOSEMITE PARK HEADQUARTERS CA US,20160415,-9999,-9999,0
GHCND:USC00049855,YOSEMITE PARK HEADQUARTERS CA US,20160416,-9999,-9999,0
GHCND:USC00049855,YOSEMITE PARK HEADQUARTERS CA US,20160417,-9999,-9999,0
GHCND:USC00049855,YOSEMITE PARK HEADQUARTERS CA US,20160418,-9999,-9999,0
GHCND:USC00049855,YOSEMITE PARK HEADQUARTERS CA US,20160419,-9999,-9999,0
GHCND:USC00049855,YOSEMITE PARK HEADQUARTERS CA US,20160420,-9999,-9999,0
GHCND:USC00049855,YOSEMITE PARK HEADQUARTERS CA US,20160421,-9999,-9999,0
GHCND:USC00049855,YOSEMITE PARK HEADQUARTERS CA US,20160422,-9999,-9999,0
GHCND:USC00049855,YOSEMITE PARK HEADQUARTERS CA US,20160423,-9999,-9999,1.33
GHCND:USC00049855,YOSEMITE PARK HEADQUARTERS CA US,20160424,-9999,-9999,0
GHCND:USC00049855,YOSEMITE PARK HEADQUARTERS CA US,20160425,-9999,-9999,0.44
GHCND:USC00049855,YOSEMITE PARK HEADQUARTERS CA US,20160426,-9999,-9999,0.05
GHCND:USC00049855,YOSEMITE PARK HEADQUARTERS CA US,20160427,-9999,-9999,0.01
GHCND:USC00049855,YOSEMITE PARK HEADQUARTERS CA US,20160428,-9999,-9999,0.06
GHCND:USC00049855,YOSEMITE PARK HEADQUARTERS CA US,20160429,-9999,-9999,0.01
GHCND:USC00049855,YOSEMITE PARK HEADQUARTERS CA US,20160430,-9999,-9999,0
GHCND:USC00049855,YOSEMITE PARK HEADQUARTERS CA US,20160501,-9999,-9999,0
GHCND:USC00049855,YOSEMITE PARK HEADQUARTERS CA US,20160502,-9999,-9999,0.06
GHCND:USC00049855,YOSEMITE PARK HEADQUARTERS CA US,20160503,-9999,-9999,0
GHCND:USC00049855,YOSEMITE PARK HEADQUARTERS CA US,20160504,-9999,-9999,0
GHCND:USC00049855,YOSEMITE PARK HEADQUARTERS CA US,20160505,-9999,-9999,0.27
GHCND:USC00049855,YOSEMITE PARK HEADQUARTERS CA US,20160506,-9999,-9999,0.27
GHCND:USC00049855,YOSEMITE PARK HEADQUARTERS CA US,20160507,-9999,-9999,0.21
GHCND:USC00049855,YOSEMITE PARK HEADQUARTERS CA US,20160509,-9999,-9999,0.01
GHCND:USC00049855,YOSEMITE PARK HEADQUARTERS CA US,20160510,-9999,-9999,0
GHCND:USC00049855,YOSEMITE PARK HEADQUARTERS CA US,20160511,-9999,-9999,0
GHCND:USC00049855,YOSEMITE PARK HEADQUARTERS CA US,20160512,-9999,-9999,0
GHCND:USC00049855,YOSEMITE PARK HEADQUARTERS CA US,20160513,-9999,-9999,0
GHCND:USC00049855,YOSEMITE PARK HEADQUARTERS CA US,20160514,-9999,-9999,0
GHCND:USC00049855,YOSEMITE PARK HEADQUARTERS CA US,20160515,-9999,-9999,0
GHCND:USC00049855,YOSEMITE PARK HEADQUARTERS CA US,20160516,-9999,-9999,0
GHCND:USC00049855,YOSEMITE PARK HEADQUARTERS CA US,20160517,-9999,-9999,0.03
GHCND:USC00049855,YOSEMITE PARK HEADQUARTERS CA US,20160518,-9999,-9999,0
GHCND:USC00049855,YOSEMITE PARK HEADQUARTERS CA US,20160519,-9999,-9999,0
GHCND:USC00049855,YOSEMITE PARK HEADQUARTERS CA US,20160520,-9999,-9999,0
GHCND:USC00049855,YOSEMITE PARK HEADQUARTERS CA US,20160522,-9999,-9999,0.15
GHCND:USC00049855,YOSEMITE PARK HEADQUARTERS CA US,20160523,-9999,-9999,0
GHCND:USC00049855,YOSEMITE PARK HEADQUARTERS CA US,20160524,-9999,-9999,0.02
GHCND:USC00049855,YOSEMITE PARK HEADQUARTERS CA US,20160525,-9999,-9999,0.01
GHCND:USC00049855,YOSEMITE PARK HEADQUARTERS CA US,20160526,-9999,-9999,0.01
GHCND:USC00049855,YOSEMITE PARK HEADQUARTERS CA US,20160527,-9999,-9999,0
GHCND:USC00049855,YOSEMITE PARK HEADQUARTERS CA US,20160528,-9999,-9999,0
GHCND:USC00049855,YOSEMITE PARK HEADQUARTERS CA US,20160529,-9999,-9999,0.24
GHCND:USC00049855,YOSEMITE PARK HEADQUARTERS CA US,20160530,-9999,-9999,0.04
GHCND:USC00049855,YOSEMITE PARK HEADQUARTERS CA US,20160531,-9999,-9999,0
GHCND:USC00049855,YOSEMITE PARK HEADQUARTERS CA US,20160601,-9999,-9999,0
GHCND:USC00049855,YOSEMITE PARK HEADQUARTERS CA US,20160602,-9999,-9999,0
GHCND:USC00049855,YOSEMITE PARK HEADQUARTERS CA US,20160603,-9999,-9999,0
GHCND:USC00049855,YOSEMITE PARK HEADQUARTERS CA US,20160604,-9999,-9999,0
GHCND:USC00049855,YOSEMITE PARK HEADQUARTERS CA US,20160605,-9999,-9999,0
GHCND:USC00049855,YOSEMITE PARK HEADQUARTERS CA US,20160606,-9999,-9999,0
GHCND:USC00049855,YOSEMITE PARK HEADQUARTERS CA US,20160607,-9999,-9999,0
GHCND:USC00049855,YOSEMITE PARK HEADQUARTERS CA US,20160608,-9999,-9999,0
GHCND:USC00049855,YOSEMITE PARK HEADQUARTERS CA US,20160609,-9999,-9999,0
GHCND:USC00049855,YOSEMITE PARK HEADQUARTERS CA US,20160610,-9999,-9999,0
GHCND:USC00049855,YOSEMITE PARK HEADQUARTERS CA US,20160611,-9999,-9999,0
GHCND:USC00049855,YOSEMITE PARK HEADQUARTERS CA US,20160612,-9999,-9999,0.18
GHCND:USC00049855,YOSEMITE PARK HEADQUARTERS CA US,20160613,-9999,-9999,0
GHCND:USC00049855,YOSEMITE PARK HEADQUARTERS CA US,20160614,-9999,-9999,0
GHCND:USC00049855,YOSEMITE PARK HEADQUARTERS CA US,20160615,-9999,-9999,0
GHCND:USC00049855,YOSEMITE PARK HEADQUARTERS CA US,20160616,-9999,-9999,0
GHCND:USC00049855,YOSEMITE PARK HEADQUARTERS CA US,20160617,-9999,-9999,0
GHCND:USC00049855,YOSEMITE PARK HEADQUARTERS CA US,20160618,-9999,-9999,0
GHCND:USC00049855,YOSEMITE PARK HEADQUARTERS CA US,20160619,-9999,-9999,0
GHCND:USC00049855,YOSEMITE PARK HEADQUARTERS CA US,20160620,-9999,-9999,0
GHCND:USC00049855,YOSEMITE PARK HEADQUARTERS CA US,20160621,-9999,-9999,0
GHCND:USC00049855,YOSEMITE PARK HEADQUARTERS CA US,20160622,-9999,-9999,0
GHCND:USC00049855,YOSEMITE PARK HEADQUARTERS CA US,20160623,-9999,-9999,0
GHCND:USC00049855,YOSEMITE PARK HEADQUARTERS CA US,20160625,-9999,-9999,0
GHCND:USC00049855,YOSEMITE PARK HEADQUARTERS CA US,20160626,-9999,-9999,0
GHCND:USC00049855,YOSEMITE PARK HEADQUARTERS CA US,20160627,-9999,-9999,0
GHCND:USC00049855,YOSEMITE PARK HEADQUARTERS CA US,20160628,-9999,-9999,0
GHCND:USC00049855,YOSEMITE PARK HEADQUARTERS CA US,20160629,-9999,-9999,0
GHCND:USC00049855,YOSEMITE PARK HEADQUARTERS CA US,20160630,-9999,-9999,0
GHCND:USC00049855,YOSEMITE PARK HEADQUARTERS CA US,20160701,-9999,-9999,0
GHCND:USC00049855,YOSEMITE PARK HEADQUARTERS CA US,20160703,-9999,-9999,0
GHCND:USC00049855,YOSEMITE PARK HEADQUARTERS CA US,20160704,-9999,-9999,0
GHCND:USC00049855,YOSEMITE PARK HEADQUARTERS CA US,20160705,-9999,-9999,0
GHCND:USC00049855,YOSEMITE PARK HEADQUARTERS CA US,20160706,-9999,-9999,0
GHCND:USC00049855,YOSEMITE PARK HEADQUARTERS CA US,20160707,-9999,-9999,0
GHCND:USC00049855,YOSEMITE PARK HEADQUARTERS CA US,20160708,-9999,-9999,0
GHCND:USC00049855,YOSEMITE PARK HEADQUARTERS CA US,20160709,-9999,-9999,0
GHCND:USC00049855,YOSEMITE PARK HEADQUARTERS CA US,20160710,-9999,-9999,0
GHCND:USC00049855,YOSEMITE PARK HEADQUARTERS CA US,20160711,-9999,-9999,0
GHCND:USC00049855,YOSEMITE PARK HEADQUARTERS CA US,20160712,-9999,-9999,0
GHCND:USC00049855,YOSEMITE PARK HEADQUARTERS CA US,20160713,-9999,-9999,0
GHCND:USC00049855,YOSEMITE PARK HEADQUARTERS CA US,20160714,-9999,-9999,0
GHCND:USC00049855,YOSEMITE PARK HEADQUARTERS CA US,20160715,-9999,-9999,0
GHCND:USC00049855,YOSEMITE PARK HEADQUARTERS CA US,20160716,-9999,-9999,0
GHCND:USC00049855,YOSEMITE PARK HEADQUARTERS CA US,20160718,-9999,-9999,0
GHCND:USC00049855,YOSEMITE PARK HEADQUARTERS CA US,20160719,-9999,-9999,0
GHCND:USC00049855,YOSEMITE PARK HEADQUARTERS CA US,20160720,-9999,-9999,0
GHCND:USC00049855,YOSEMITE PARK HEADQUARTERS CA US,20160721,-9999,-9999,0
GHCND:USC00049855,YOSEMITE PARK HEADQUARTERS CA US,20160722,-9999,-9999,0
GHCND:USC00049855,YOSEMITE PARK HEADQUARTERS CA US,20160723,-9999,-9999,0
GHCND:USC00049855,YOSEMITE PARK HEADQUARTERS CA US,20160724,-9999,-9999,0
GHCND:USC00049855,YOSEMITE PARK HEADQUARTERS CA US,20160725,-9999,-9999,0
GHCND:USC00049855,YOSEMITE PARK HEADQUARTERS CA US,20160726,-9999,-9999,0
GHCND:USC00049855,YOSEMITE PARK HEADQUARTERS CA US,20160727,-9999,-9999,0
GHCND:USC00049855,YOSEMITE PARK HEADQUARTERS CA US,20160728,-9999,-9999,0
GHCND:USC00049855,YOSEMITE PARK HEADQUARTERS CA US,20160729,-9999,-9999,0
GHCND:USC00049855,YOSEMITE PARK HEADQUARTERS CA US,20160730,-9999,-9999,0
GHCND:USC00049855,YOSEMITE PARK HEADQUARTERS CA US,20160801,-9999,-9999,0
GHCND:USC00049855,YOSEMITE PARK HEADQUARTERS CA US,20160802,-9999,-9999,0
GHCND:USC00049855,YOSEMITE PARK HEADQUARTERS CA US,20160803,-9999,-9999,0
GHCND:USC00049855,YOSEMITE PARK HEADQUARTERS CA US,20160804,-9999,-9999,0
GHCND:USC00049855,YOSEMITE PARK HEADQUARTERS CA US,20160805,-9999,-9999,0
GHCND:USC00049855,YOSEMITE PARK HEADQUARTERS CA US,20160806,-9999,-9999,0
GHCND:USC00049855,YOSEMITE PARK HEADQUARTERS CA US,20160808,-9999,-9999,0
GHCND:USC00049855,YOSEMITE PARK HEADQUARTERS CA US,20160809,-9999,-9999,0
GHCND:USC00049855,YOSEMITE PARK HEADQUARTERS CA US,20160810,-9999,-9999,0
GHCND:USC00049855,YOSEMITE PARK HEADQUARTERS CA US,20160811,-9999,-9999,0
GHCND:USC00049855,YOSEMITE PARK HEADQUARTERS CA US,20160812,-9999,-9999,0
GHCND:USC00049855,YOSEMITE PARK HEADQUARTERS CA US,20160813,-9999,-9999,0
GHCND:USC00049855,YOSEMITE PARK HEADQUARTERS CA US,20160814,-9999,-9999,0
GHCND:USC00049855,YOSEMITE PARK HEADQUARTERS CA US,20160815,-9999,-9999,0
GHCND:USC00049855,YOSEMITE PARK HEADQUARTERS CA US,20160816,-9999,-9999,0
GHCND:USC00049855,YOSEMITE PARK HEADQUARTERS CA US,20160817,-9999,-9999,0
GHCND:USC00049855,YOSEMITE PARK HEADQUARTERS CA US,20160818,-9999,-9999,0
GHCND:USC00049855,YOSEMITE PARK HEADQUARTERS CA US,20160819,-9999,-9999,0
GHCND:USC00049855,YOSEMITE PARK HEADQUARTERS CA US,20160820,-9999,-9999,0
GHCND:USC00049855,YOSEMITE PARK HEADQUARTERS CA US,20160821,-9999,-9999,0
GHCND:USC00049855,YOSEMITE PARK HEADQUARTERS CA US,20160822,-9999,-9999,0
GHCND:USC00049855,YOSEMITE PARK HEADQUARTERS CA US,20160823,-9999,-9999,0
GHCND:USC00049855,YOSEMITE PARK HEADQUARTERS CA US,20160824,-9999,-9999,0
GHCND:USC00049855,YOSEMITE PARK HEADQUARTERS CA US,20160825,-9999,-9999,0
GHCND:USC00049855,YOSEMITE PARK HEADQUARTERS CA US,20160826,-9999,-9999,0
GHCND:USC00049855,YOSEMITE PARK HEADQUARTERS CA US,20160827,-9999,-9999,0
GHCND:USC00049855,YOSEMITE PARK HEADQUARTERS CA US,20160828,-9999,-9999,0
GHCND:USC00049855,YOSEMITE PARK HEADQUARTERS CA US,20160829,-9999,-9999,0
GHCND:USC00049855,YOSEMITE PARK HEADQUARTERS CA US,20160830,-9999,-9999,0
GHCND:USC00049855,YOSEMITE PARK HEADQUARTERS CA US,20160831,-9999,-9999,0
GHCND:USC00049855,YOSEMITE PARK HEADQUARTERS CA US,20160901,-9999,-9999,0
GHCND:USC00049855,YOSEMITE PARK HEADQUARTERS CA US,20160902,-9999,-9999,0
GHCND:USC00049855,YOSEMITE PARK HEADQUARTERS CA US,20160903,-9999,-9999,0
GHCND:USC00049855,YOSEMITE PARK HEADQUARTERS CA US,20160904,-9999,-9999,0
GHCND:USC00049855,YOSEMITE PARK HEADQUARTERS CA US,20160905,-9999,-9999,0
GHCND:USC00049855,YOSEMITE PARK HEADQUARTERS CA US,20160906,-9999,-9999,0
GHCND:USC00049855,YOSEMITE PARK HEADQUARTERS CA US,20160907,-9999,-9999,0
GHCND:USC00049855,YOSEMITE PARK HEADQUARTERS CA US,20160908,-9999,-9999,0
GHCND:USC00049855,YOSEMITE PARK HEADQUARTERS CA US,20160909,-9999,-9999,0
GHCND:USC00049855,YOSEMITE PARK HEADQUARTERS CA US,20160910,-9999,-9999,0
GHCND:USC00049855,YOSEMITE PARK HEADQUARTERS CA US,20160912,0,2,-9999
GHCND:USC00049855,YOSEMITE PARK HEADQUARTERS CA US,20160913,-9999,-9999,0
GHCND:USC00049855,YOSEMITE PARK HEADQUARTERS CA US,20160914,-9999,-9999,0
GHCND:USC00049855,YOSEMITE PARK HEADQUARTERS CA US,20160915,-9999,-9999,0
GHCND:USC00049855,YOSEMITE PARK HEADQUARTERS CA US,20160917,0,2,-9999
GHCND:USC00049855,YOSEMITE PARK HEADQUARTERS CA US,20160918,-9999,-9999,0
GHCND:USC00049855,YOSEMITE PARK HEADQUARTERS CA US,20160919,-9999,-9999,0
GHCND:USC00049855,YOSEMITE PARK HEADQUARTERS CA US,20160920,-9999,-9999,0
GHCND:USC00049855,YOSEMITE PARK HEADQUARTERS CA US,20160921,-9999,-9999,0
GHCND:USC00049855,YOSEMITE PARK HEADQUARTERS CA US,20160922,-9999,-9999,0.07
GHCND:USC00049855,YOSEMITE PARK HEADQUARTERS CA US,20160924,-9999,-9999,0
GHCND:USC00049855,YOSEMITE PARK HEADQUARTERS CA US,20160926,-9999,-9999,0
GHCND:USC00049855,YOSEMITE PARK HEADQUARTERS CA US,20160927,-9999,-9999,0
GHCND:USC00049855,YOSEMITE PARK HEADQUARTERS CA US,20160928,-9999,-9999,0
GHCND:USC00049855,YOSEMITE PARK HEADQUARTERS CA US,20160929,-9999,-9999,0
GHCND:USC00049855,YOSEMITE PARK HEADQUARTERS CA US,20160930,-9999,-9999,0
GHCND:USC00049855,YOSEMITE PARK HEADQUARTERS CA US,20161001,-9999,-9999,0
GHCND:USC00049855,YOSEMITE PARK HEADQUARTERS CA US,20161002,-9999,-9999,0
GHCND:USC00049855,YOSEMITE PARK HEADQUARTERS CA US,20161003,-9999,-9999,0
GHCND:USC00049855,YOSEMITE PARK HEADQUARTERS CA US,20161004,-9999,-9999,0.01
GHCND:USC00049855,YOSEMITE PARK HEADQUARTERS CA US,20161005,-9999,-9999,0
GHCND:USC00049855,YOSEMITE PARK HEADQUARTERS CA US,20161006,-9999,-9999,0
GHCND:USC00049855,YOSEMITE PARK HEADQUARTERS CA US,20161007,-9999,-9999,0
GHCND:USC00049855,YOSEMITE PARK HEADQUARTERS CA US,20161008,-9999,-9999,0
GHCND:USC00049855,YOSEMITE PARK HEADQUARTERS CA US,20161009,-9999,-9999,0
GHCND:USC00049855,YOSEMITE PARK HEADQUARTERS CA US,20161010,-9999,-9999,0
GHCND:USC00049855,YOSEMITE PARK HEADQUARTERS CA US,20161011,-9999,-9999,0
GHCND:USC00049855,YOSEMITE PARK HEADQUARTERS CA US,20161012,-9999,-9999,0
GHCND:USC00049855,YOSEMITE PARK HEADQUARTERS CA US,20161013,-9999,-9999,0
GHCND:USC00049855,YOSEMITE PARK HEADQUARTERS CA US,20161014,-9999,-9999,0
GHCND:USC00049855,YOSEMITE PARK HEADQUARTERS CA US,20161016,-9999,-9999,1.35
GHCND:USC00049855,YOSEMITE PARK HEADQUARTERS CA US,20161017,-9999,-9999,1.94
GHCND:USC00049855,YOSEMITE PARK HEADQUARTERS CA US,20161018,-9999,-9999,0
GHCND:USC00049855,YOSEMITE PARK HEADQUARTERS CA US,20161019,-9999,-9999,0
GHCND:USC00049855,YOSEMITE PARK HEADQUARTERS CA US,20161020,-9999,-9999,0
GHCND:USC00049855,YOSEMITE PARK HEADQUARTERS CA US,20161021,-9999,-9999,0
GHCND:USC00049855,YOSEMITE PARK HEADQUARTERS CA US,20161022,-9999,-9999,0
GHCND:USC00049855,YOSEMITE PARK HEADQUARTERS CA US,20161023,-9999,-9999,0
GHCND:USC00049855,YOSEMITE PARK HEADQUARTERS CA US,20161024,-9999,-9999,0.44
GHCND:USC00049855,YOSEMITE PARK HEADQUARTERS CA US,20161025,-9999,-9999,0.01
GHCND:USC00049855,YOSEMITE PARK HEADQUARTERS CA US,20161026,-9999,-9999,0
GHCND:USC00049855,YOSEMITE PARK HEADQUARTERS CA US,20161027,-9999,-9999,0.01
GHCND:USC00049855,YOSEMITE PARK HEADQUARTERS CA US,20161101,-9999,-9999,0.12
GHCND:USC00049855,YOSEMITE PARK HEADQUARTERS CA US,20161104,-9999,-9999,0
GHCND:USC00049855,YOSEMITE PARK HEADQUARTERS CA US,20161107,-9999,-9999,0
GHCND:USC00049855,YOSEMITE PARK HEADQUARTERS CA US,20161109,-9999,-9999,0
GHCND:USC00049855,YOSEMITE PARK HEADQUARTERS CA US,20161112,-9999,-9999,0
GHCND:USC00049855,YOSEMITE PARK HEADQUARTERS CA US,20161113,-9999,-9999,0
GHCND:USC00049855,YOSEMITE PARK HEADQUARTERS CA US,20161114,-9999,-9999,0
GHCND:USC00049855,YOSEMITE PARK HEADQUARTERS CA US,20161115,-9999,-9999,0
GHCND:USC00049855,YOSEMITE PARK HEADQUARTERS CA US,20161117,-9999,-9999,0.03
GHCND:USC00049855,YOSEMITE PARK HEADQUARTERS CA US,20161118,-9999,-9999,0
GHCND:USC00049855,YOSEMITE PARK HEADQUARTERS CA US,20161119,-9999,-9999,0
GHCND:USC00049855,YOSEMITE PARK HEADQUARTERS CA US,20161120,-9999,-9999,0
GHCND:USC00049855,YOSEMITE PARK HEADQUARTERS CA US,20161121,-9999,-9999,0.17
GHCND:USC00049855,YOSEMITE PARK HEADQUARTERS CA US,20161122,-9999,-9999,0
GHCND:USC00049855,YOSEMITE PARK HEADQUARTERS CA US,20161124,-9999,-9999,0.45
GHCND:USC00049855,YOSEMITE PARK HEADQUARTERS CA US,20161125,-9999,-9999,0
GHCND:USC00049855,YOSEMITE PARK HEADQUARTERS CA US,20161126,-9999,-9999,0
GHCND:USC00049855,YOSEMITE PARK HEADQUARTERS CA US,20161127,-9999,-9999,1.43
GHCND:USC00049855,YOSEMITE PARK HEADQUARTERS CA US,20161129,-9999,-9999,0
GHCND:USC00049855,YOSEMITE PARK HEADQUARTERS CA US,20161130,-9999,-9999,0
GHCND:USC00049855,YOSEMITE PARK HEADQUARTERS CA US,20161201,-9999,-9999,0
GHCND:USC00049855,YOSEMITE PARK HEADQUARTERS CA US,20161202,-9999,-9999,0.02
GHCND:USC00049855,YOSEMITE PARK HEADQUARTERS CA US,20161203,-9999,-9999,0
GHCND:USC00049855,YOSEMITE PARK HEADQUARTERS CA US,20161204,-9999,-9999,0
GHCND:USC00049855,YOSEMITE PARK HEADQUARTERS CA US,20161205,-9999,-9999,0
GHCND:USC00049855,YOSEMITE PARK HEADQUARTERS CA US,20161206,-9999,-9999,0
GHCND:USC00049855,YOSEMITE PARK HEADQUARTERS CA US,20161207,-9999,-9999,0
GHCND:USC00049855,YOSEMITE PARK HEADQUARTERS CA US,20161208,-9999,-9999,0.8
GHCND:USC00049855,YOSEMITE PARK HEADQUARTERS CA US,20161209,-9999,-9999,0.25
GHCND:USC00049855,YOSEMITE PARK HEADQUARTERS CA US,20161210,-9999,-9999,0.6
GHCND:USC00049855,YOSEMITE PARK HEADQUARTERS CA US,20161211,-9999,-9999,1.75
GHCND:USC00049855,YOSEMITE PARK HEADQUARTERS CA US,20161212,-9999,-9999,0
GHCND:USC00049855,YOSEMITE PARK HEADQUARTERS CA US,20161213,-9999,-9999,0
GHCND:USC00049855,YOSEMITE PARK HEADQUARTERS CA US,20161214,-9999,-9999,0
GHCND:USC00049855,YOSEMITE PARK HEADQUARTERS CA US,20161215,-9999,-9999,0.16
GHCND:USC00049855,YOSEMITE PARK HEADQUARTERS CA US,20161216,-9999,-9999,3.9
GHCND:USC00049855,YOSEMITE PARK HEADQUARTERS CA US,20161217,-9999,-9999,0
GHCND:USC00049855,YOSEMITE PARK HEADQUARTERS CA US,20161218,-9999,-9999,0
GHCND:USC00049855,YOSEMITE PARK HEADQUARTERS CA US,20161219,-9999,-9999,0
GHCND:USC00049855,YOSEMITE PARK HEADQUARTERS CA US,20161220,-9999,-9999,0
GHCND:USC00049855,YOSEMITE PARK HEADQUARTERS CA US,20161221,-9999,-9999,0
GHCND:USC00049855,YOSEMITE PARK HEADQUARTERS CA US,20161222,-9999,-9999,0
GHCND:USC00049855,YOSEMITE PARK HEADQUARTERS CA US,20161223,-9999,-9999,0
GHCND:USC00049855,YOSEMITE PARK HEADQUARTERS CA US,20161224,-9999,-9999,0.69
GHCND:USC00049855,YOSEMITE PARK HEADQUARTERS CA US,20161225,-9999,-9999,0.2
GHCND:USC00049855,YOSEMITE PARK HEADQUARTERS CA US,20161226,-9999,-9999,0
GHCND:USC00049855,YOSEMITE PARK HEADQUARTERS CA US,20161227,-9999,-9999,0
GHCND:USC00049855,YOSEMITE PARK HEADQUARTERS CA US,20161228,-9999,-9999,0
GHCND:USC00049855,YOSEMITE PARK HEADQUARTERS CA US,20161229,-9999,-9999,0
GHCND:USC00049855,YOSEMITE PARK HEADQUARTERS CA US,20161230,-9999,-9999,0
GHCND:USC00049855,YOSEMITE PARK HEADQUARTERS CA US,20161231,-9999,-9999,0
GHCND:USC00049855,YOSEMITE PARK HEADQUARTERS CA US,20170101,-9999,-9999,0
GHCND:USC00049855,YOSEMITE PARK HEADQUARTERS CA US,20170103,-9999,-9999,0.05
GHCND:USC00049855,YOSEMITE PARK HEADQUARTERS CA US,20170104,-9999,-9999,1.8
GHCND:USC00049855,YOSEMITE PARK HEADQUARTERS CA US,20170105,-9999,-9999,3
GHCND:USC00049855,YOSEMITE PARK HEADQUARTERS CA US,20170107,-9999,-9999,0.2
GHCND:USC00049855,YOSEMITE PARK HEADQUARTERS CA US,20170111,11.7,4,-9999
GHCND:USC00049855,YOSEMITE PARK HEADQUARTERS CA US,20170112,-9999,-9999,1.5
GHCND:USC00049855,YOSEMITE PARK HEADQUARTERS CA US,20170113,-9999,-9999,0.44
GHCND:USC00049855,YOSEMITE PARK HEADQUARTERS CA US,20170114,-9999,-9999,0
GHCND:USC00049855,YOSEMITE PARK HEADQUARTERS CA US,20170115,-9999,-9999,0
GHCND:USC00049855,YOSEMITE PARK HEADQUARTERS CA US,20170116,-9999,-9999,0
GHCND:USC00049855,YOSEMITE PARK HEADQUARTERS CA US,20170117,-9999,-9999,0
GHCND:USC00049855,YOSEMITE PARK HEADQUARTERS CA US,20170118,-9999,-9999,0
GHCND:USC00049855,YOSEMITE PARK HEADQUARTERS CA US,20170119,-9999,-9999,1.95
GHCND:USC00049855,YOSEMITE PARK HEADQUARTERS CA US,20170120,-9999,-9999,0.74
GHCND:USC00049855,YOSEMITE PARK HEADQUARTERS CA US,20170121,-9999,-9999,1.31
GHCND:USC00049855,YOSEMITE PARK HEADQUARTERS CA US,20170122,-9999,-9999,0.72
GHCND:USC00049855,YOSEMITE PARK HEADQUARTERS CA US,20170123,-9999,-9999,1.97
GHCND:USC00049855,YOSEMITE PARK HEADQUARTERS CA US,20170124,-9999,-9999,0.1
GHCND:USC00049855,YOSEMITE PARK HEADQUARTERS CA US,20170125,-9999,-9999,0
GHCND:USC00049855,YOSEMITE PARK HEADQUARTERS CA US,20170129,-9999,-9999,0
GHCND:USC00049855,YOSEMITE PARK HEADQUARTERS CA US,20170130,-9999,-9999,0
GHCND:USC00049855,YOSEMITE PARK HEADQUARTERS CA US,20170131,-9999,-9999,0
GHCND:USC00049855,YOSEMITE PARK HEADQUARTERS CA US,20170201,-9999,-9999,0
GHCND:USC00049855,YOSEMITE PARK HEADQUARTERS CA US,20170202,-9999,-9999,0.24
GHCND:USC00049855,YOSEMITE PARK HEADQUARTERS CA US,20170203,-9999,-9999,0.4
GHCND:USC00049855,YOSEMITE PARK HEADQUARTERS CA US,20170204,-9999,-9999,0.93
GHCND:USC00049855,YOSEMITE PARK HEADQUARTERS CA US,20170205,-9999,-9999,0
GHCND:USC00049855,YOSEMITE PARK HEADQUARTERS CA US,20170206,-9999,-9999,0.95
GHCND:USC00049855,YOSEMITE PARK HEADQUARTERS CA US,20170208,5.5,2,-9999
GHCND:USC00049855,YOSEMITE PARK HEADQUARTERS CA US,20170209,-9999,-9999,1.1
GHCND:USC00049855,YOSEMITE PARK HEADQUARTERS CA US,20170211,-9999,-9999,1.1
GHCND:USC00049855,YOSEMITE PARK HEADQUARTERS CA US,20170212,-9999,-9999,0.01
GHCND:USC00049855,YOSEMITE PARK HEADQUARTERS CA US,20170213,-9999,-9999,0
GHCND:USC00049855,YOSEMITE PARK HEADQUARTERS CA US,20170214,-9999,-9999,0
GHCND:USC00049855,YOSEMITE PARK HEADQUARTERS CA US,20170215,-9999,-9999,0
GHCND:USC00049855,YOSEMITE PARK HEADQUARTERS CA US,20170216,-9999,-9999,0.02
GHCND:USC00049855,YOSEMITE PARK HEADQUARTERS CA US,20170217,-9999,-9999,0.4
GHCND:USC00049855,YOSEMITE PARK HEADQUARTERS CA US,20170218,-9999,-9999,1.29
GHCND:USC00049855,YOSEMITE PARK HEADQUARTERS CA US,20170219,-9999,-9999,0.05
GHCND:USC00049855,YOSEMITE PARK HEADQUARTERS CA US,20170220,-9999,-9999,1.14
GHCND:USC00049855,YOSEMITE PARK HEADQUARTERS CA US,20170223,3.08,3,-9999
GHCND:USC00049855,YOSEMITE PARK HEADQUARTERS CA US,20170225,0.02,2,-9999
GHCND:USC00049855,YOSEMITE PARK HEADQUARTERS CA US,20170226,-9999,-9999,0
GHCND:USC00049855,YOSEMITE PARK HEADQUARTERS CA US,20170227,-9999,-9999,0.29
GHCND:USC00049855,YOSEMITE PARK HEADQUARTERS CA US,20170228,-9999,-9999,0
GHCND:USC00049855,YOSEMITE PARK HEADQUARTERS CA US,20170301,-9999,-9999,0
GHCND:USC00049855,YOSEMITE PARK HEADQUARTERS CA US,20170302,-9999,-9999,0
GHCND:USC00049855,YOSEMITE PARK HEADQUARTERS CA US,20170303,-9999,-9999,0.15
GHCND:USC00049855,YOSEMITE PARK HEADQUARTERS CA US,20170304,-9999,-9999,0
GHCND:USC00049855,YOSEMITE PARK HEADQUARTERS CA US,20170305,-9999,-9999,0.55
GHCND:USC00049855,YOSEMITE PARK HEADQUARTERS CA US,20170306,-9999,-9999,0.41
GHCND:USC00049855,YOSEMITE PARK HEADQUARTERS CA US,20170307,-9999,-9999,0
GHCND:USC00049855,YOSEMITE PARK HEADQUARTERS CA US,20170308,-9999,-9999,0
GHCND:USC00049855,YOSEMITE PARK HEADQUARTERS CA US,20170309,-9999,-9999,0
GHCND:USC00049855,YOSEMITE PARK HEADQUARTERS CA US,20170310,-9999,-9999,0
GHCND:USC00049855,YOSEMITE PARK HEADQUARTERS CA US,20170311,-9999,-9999,0
GHCND:USC00049855,YOSEMITE PARK HEADQUARTERS CA US,20170312,-9999,-9999,0
GHCND:USC00049855,YOSEMITE PARK HEADQUARTERS CA US,20170313,-9999,-9999,0
GHCND:USC00049855,YOSEMITE PARK HEADQUARTERS CA US,20170314,-9999,-9999,0
GHCND:USC00049855,YOSEMITE PARK HEADQUARTERS CA US,20170315,-9999,-9999,0
GHCND:USC00049855,YOSEMITE PARK HEADQUARTERS CA US,20170316,-9999,-9999,0
GHCND:USC00049855,YOSEMITE PARK HEADQUARTERS CA US,20170317,-9999,-9999,0
GHCND:USC00049855,YOSEMITE PARK HEADQUARTERS CA US,20170318,-9999,-9999,0
GHCND:USC00049855,YOSEMITE PARK HEADQUARTERS CA US,20170319,-9999,-9999,0
GHCND:USC00049855,YOSEMITE PARK HEADQUARTERS CA US,20170320,-9999,-9999,0
GHCND:USC00049855,YOSEMITE PARK HEADQUARTERS CA US,20170321,-9999,-9999,0.4
GHCND:USC00049855,YOSEMITE PARK HEADQUARTERS CA US,20170322,-9999,-9999,1.21
GHCND:USC00049855,YOSEMITE PARK HEADQUARTERS CA US,20170323,-9999,-9999,0.15
GHCND:USC00049855,YOSEMITE PARK HEADQUARTERS CA US,20170324,-9999,-9999,0.1
GHCND:USC00049855,YOSEMITE PARK HEADQUARTERS CA US,20170325,-9999,-9999,0
GHCND:USC00049855,YOSEMITE PARK HEADQUARTERS CA US,20170326,-9999,-9999,1.42
GHCND:USC00049855,YOSEMITE PARK HEADQUARTERS CA US,20170327,-9999,-9999,0.28
GHCND:USC00049855,YOSEMITE PARK HEADQUARTERS CA US,20170328,-9999,-9999,0.01
GHCND:USC00049855,YOSEMITE PARK HEADQUARTERS CA US,20170329,-9999,-9999,0
GHCND:USC00049855,YOSEMITE PARK HEADQUARTERS CA US,20170330,-9999,-9999,0.53
GHCND:USC00049855,YOSEMITE PARK HEADQUARTERS CA US,20170331,-9999,-9999,0.13
GHCND:USC00049855,YOSEMITE PARK HEADQUARTERS CA US,20170401,-9999,-9999,0
GHCND:USC00049855,YOSEMITE PARK HEADQUARTERS CA US,20170402,-9999,-9999,0
GHCND:USC00049855,YOSEMITE PARK HEADQUARTERS CA US,20170403,-9999,-9999,0
GHCND:USC00049855,YOSEMITE PARK HEADQUARTERS CA US,20170404,-9999,-9999,0
GHCND:USC00049855,YOSEMITE PARK HEADQUARTERS CA US,20170405,-9999,-9999,0
GHCND:USC00049855,YOSEMITE PARK HEADQUARTERS CA US,20170406,-9999,-9999,0
GHCND:USC00049855,YOSEMITE PARK HEADQUARTERS CA US,20170407,-9999,-9999,1.47
GHCND:USC00049855,YOSEMITE PARK HEADQUARTERS CA US,20170408,-9999,-9999,1.3
GHCND:USC00049855,YOSEMITE PARK HEADQUARTERS CA US,20170409,-9999,-9999,0.15
GHCND:USC00049855,YOSEMITE PARK HEADQUARTERS CA US,20170410,-9999,-9999,0
GHCND:USC00049855,YOSEMITE PARK HEADQUARTERS CA US,20170411,-9999,-9999,0
GHCND:USC00049855,YOSEMITE PARK HEADQUARTERS CA US,20170412,-9999,-9999,0.02
GHCND:USC00049855,YOSEMITE PARK HEADQUARTERS CA US,20170413,-9999,-9999,0.33
GHCND:USC00049855,YOSEMITE PARK HEADQUARTERS CA US,20170414,-9999,-9999,0.61
GHCND:USC00049855,YOSEMITE PARK HEADQUARTERS CA US,20170415,-9999,-9999,0
GHCND:USC00049855,YOSEMITE PARK HEADQUARTERS CA US,20170416,-9999,-9999,0
GHCND:USC00049855,YOSEMITE PARK HEADQUARTERS CA US,20170417,-9999,-9999,0.52
GHCND:USC00049855,YOSEMITE PARK HEADQUARTERS CA US,20170418,-9999,-9999,1.3
GHCND:USC00049855,YOSEMITE PARK HEADQUARTERS CA US,20170419,-9999,-9999,0.49
GHCND:USC00049855,YOSEMITE PARK HEADQUARTERS CA US,20170420,-9999,-9999,0.02
GHCND:USC00049855,YOSEMITE PARK HEADQUARTERS CA US,20170421,-9999,-9999,0
GHCND:USC00049855,YOSEMITE PARK HEADQUARTERS CA US,20170422,-9999,-9999,0
GHCND:USC00049855,YOSEMITE PARK HEADQUARTERS CA US,20170423,-9999,-9999,0
GHCND:USC00049855,YOSEMITE PARK HEADQUARTERS CA US,20170424,-9999,-9999,0.05
GHCND:USC00049855,YOSEMITE PARK HEADQUARTERS CA US,20170425,-9999,-9999,0.01
GHCND:USC00049855,YOSEMITE PARK HEADQUARTERS CA US,20170426,-9999,-9999,0.02
GHCND:USC00049855,YOSEMITE PARK HEADQUARTERS CA US,20170427,-9999,-9999,0.02
GHCND:USC00049855,YOSEMITE PARK HEADQUARTERS CA US,20170429,-9999,-9999,0
GHCND:USC00049855,YOSEMITE PARK HEADQUARTERS CA US,20170430,-9999,-9999,0
GHCND:USC00049855,YOSEMITE PARK HEADQUARTERS CA US,20170501,-9999,-9999,0
GHCND:USC00049855,YOSEMITE PARK HEADQUARTERS CA US,20170502,-9999,-9999,0
GHCND:USC00049855,YOSEMITE PARK HEADQUARTERS CA US,20170503,-9999,-9999,0
GHCND:USC00049855,YOSEMITE PARK HEADQUARTERS CA US,20170504,-9999,-9999,0
GHCND:USC00049855,YOSEMITE PARK HEADQUARTERS CA US,20170505,-9999,-9999,0
GHCND:USC00049855,YOSEMITE PARK HEADQUARTERS CA US,20170506,-9999,-9999,0
GHCND:USC00049855,YOSEMITE PARK HEADQUARTERS CA US,20170507,-9999,-9999,0.34
GHCND:USC00049855,YOSEMITE PARK HEADQUARTERS CA US,20170508,-9999,-9999,0
GHCND:USC00049855,YOSEMITE PARK HEADQUARTERS CA US,20170509,-9999,-9999,0
GHCND:USC00049855,YOSEMITE PARK HEADQUARTERS CA US,20170510,-9999,-9999,0
GHCND:USC00049855,YOSEMITE PARK HEADQUARTERS CA US,20170511,-9999,-9999,0
GHCND:USC00049855,YOSEMITE PARK HEADQUARTERS CA US,20170512,-9999,-9999,0
GHCND:USC00049855,YOSEMITE PARK HEADQUARTERS CA US,20170513,-9999,-9999,0
GHCND:USC00049855,YOSEMITE PARK HEADQUARTERS CA US,20170514,-9999,-9999,0
GHCND:USC00049855,YOSEMITE PARK HEADQUARTERS CA US,20170515,-9999,-9999,0
GHCND:USC00049855,YOSEMITE PARK HEADQUARTERS CA US,20170516,-9999,-9999,0.31
GHCND:USC00049855,YOSEMITE PARK HEADQUARTERS CA US,20170517,-9999,-9999,0.17
GHCND:USC00049855,YOSEMITE PARK HEADQUARTERS CA US,20170518,-9999,-9999,0
GHCND:USC00049855,YOSEMITE PARK HEADQUARTERS CA US,20170519,-9999,-9999,0
GHCND:USC00049855,YOSEMITE PARK HEADQUARTERS CA US,20170520,-9999,-9999,0
GHCND:USC00049855,YOSEMITE PARK HEADQUARTERS CA US,20170521,-9999,-9999,0
GHCND:USC00049855,YOSEMITE PARK HEADQUARTERS CA US,20170522,-9999,-9999,0
GHCND:USC00049855,YOSEMITE PARK HEADQUARTERS CA US,20170523,-9999,-9999,0
GHCND:USC00049855,YOSEMITE PARK HEADQUARTERS CA US,20170524,-9999,-9999,0
GHCND:USC00049855,YOSEMITE PARK HEADQUARTERS CA US,20170525,-9999,-9999,0
GHCND:USC00049855,YOSEMITE PARK HEADQUARTERS CA US,20170526,-9999,-9999,0
GHCND:USC00049855,YOSEMITE PARK HEADQUARTERS CA US,20170527,-9999,-9999,0
GHCND:USC00049855,YOSEMITE PARK HEADQUARTERS CA US,20170528,-9999,-9999,0
GHCND:USC00049855,YOSEMITE PARK HEADQUARTERS CA US,20170529,-9999,-9999,0
GHCND:USC00049855,YOSEMITE PARK HEADQUARTERS CA US,20170530,-9999,-9999,0
GHCND:USC00049855,YOSEMITE PARK HEADQUARTERS CA US,20170531,-9999,-9999,0
GHCND:USC00049855,YOSEMITE PARK HEADQUARTERS CA US,20170601,-9999,-9999,0.07
GHCND:USC00049855,YOSEMITE PARK HEADQUARTERS CA US,20170602,-9999,-9999,0
GHCND:USC00049855,YOSEMITE PARK HEADQUARTERS CA US,20170603,-9999,-9999,0
GHCND:USC00049855,YOSEMITE PARK HEADQUARTERS CA US,20170604,-9999,-9999,0
GHCND:USC00049855,YOSEMITE PARK HEADQUARTERS CA US,20170605,-9999,-9999,0
GHCND:USC00049855,YOSEMITE PARK HEADQUARTERS CA US,20170606,-9999,-9999,0
GHCND:USC00049855,YOSEMITE PARK HEADQUARTERS CA US,20170607,-9999,-9999,0
GHCND:USC00049855,YOSEMITE PARK HEADQUARTERS CA US,20170608,-9999,-9999,0
GHCND:USC00049855,YOSEMITE PARK HEADQUARTERS CA US,20170609,-9999,-9999,0.02
GHCND:USC00049855,YOSEMITE PARK HEADQUARTERS CA US,20170610,-9999,-9999,0
GHCND:USC00049855,YOSEMITE PARK HEADQUARTERS CA US,20170611,-9999,-9999,0
GHCND:USC00049855,YOSEMITE PARK HEADQUARTERS CA US,20170612,-9999,-9999,0.28
GHCND:USC00049855,YOSEMITE PARK HEADQUARTERS CA US,20170613,-9999,-9999,0.01
GHCND:USC00049855,YOSEMITE PARK HEADQUARTERS CA US,20170614,-9999,-9999,0
GHCND:USC00049855,YOSEMITE PARK HEADQUARTERS CA US,20170615,-9999,-9999,0
GHCND:USC00049855,YOSEMITE PARK HEADQUARTERS CA US,20170617,-9999,-9999,0
GHCND:USC00049855,YOSEMITE PARK HEADQUARTERS CA US,20170618,-9999,-9999,0
GHCND:USC00049855,YOSEMITE PARK HEADQUARTERS CA US,20170619,-9999,-9999,0.35
GHCND:USC00049855,YOSEMITE PARK HEADQUARTERS CA US,20170620,-9999,-9999,0
GHCND:USC00049855,YOSEMITE PARK HEADQUARTERS CA US,20170621,-9999,-9999,0
GHCND:USC00049855,YOSEMITE PARK HEADQUARTERS CA US,20170622,-9999,-9999,0
GHCND:USC00049855,YOSEMITE PARK HEADQUARTERS CA US,20170623,-9999,-9999,0
GHCND:USC00049855,YOSEMITE PARK HEADQUARTERS CA US,20170624,-9999,-9999,0
GHCND:USC00049855,YOSEMITE PARK HEADQUARTERS CA US,20170625,-9999,-9999,0
GHCND:USC00049855,YOSEMITE PARK HEADQUARTERS CA US,20170626,-9999,-9999,0.01
GHCND:USC00049855,YOSEMITE PARK HEADQUARTERS CA US,20170627,-9999,-9999,0
GHCND:USC00049855,YOSEMITE PARK HEADQUARTERS CA US,20170628,-9999,-9999,0
GHCND:USC00049855,YOSEMITE PARK HEADQUARTERS CA US,20170629,-9999,-9999,0
GHCND:USC00049855,YOSEMITE PARK HEADQUARTERS CA US,20170630,-9999,-9999,0
GHCND:USC00049855,YOSEMITE PARK HEADQUARTERS CA US,20170701,-9999,-9999,0
GHCND:USC00049855,YOSEMITE PARK HEADQUARTERS CA US,20170702,-9999,-9999,0
GHCND:USC00049855,YOSEMITE PARK HEADQUARTERS CA US,20170703,-9999,-9999,0
GHCND:USC00049855,YOSEMITE PARK HEADQUARTERS CA US,20170704,-9999,-9999,0
GHCND:USC00049855,YOSEMITE PARK HEADQUARTERS CA US,20170705,-9999,-9999,0
GHCND:USC00049855,YOSEMITE PARK HEADQUARTERS CA US,20170706,-9999,-9999,0
GHCND:USC00049855,YOSEMITE PARK HEADQUARTERS CA US,20170707,-9999,-9999,0
GHCND:USC00049855,YOSEMITE PARK HEADQUARTERS CA US,20170708,-9999,-9999,0
GHCND:USC00049855,YOSEMITE PARK HEADQUARTERS CA US,20170709,-9999,-9999,0
GHCND:USC00049855,YOSEMITE PARK HEADQUARTERS CA US,20170710,-9999,-9999,0
GHCND:USC00049855,YOSEMITE PARK HEADQUARTERS CA US,20170711,-9999,-9999,0
GHCND:USC00049855,YOSEMITE PARK HEADQUARTERS CA US,20170712,-9999,-9999,0
GHCND:USC00049855,YOSEMITE PARK HEADQUARTERS CA US,20170713,-9999,-9999,0
GHCND:USC00049855,YOSEMITE PARK HEADQUARTERS CA US,20170714,-9999,-9999,0
GHCND:USC00049855,YOSEMITE PARK HEADQUARTERS CA US,20170715,-9999,-9999,0
GHCND:USC00049855,YOSEMITE PARK HEADQUARTERS CA US,20170716,-9999,-9999,0
GHCND:USC00049855,YOSEMITE PARK HEADQUARTERS CA US,20170717,-9999,-9999,0
GHCND:USC00049855,YOSEMITE PARK HEADQUARTERS CA US,20170718,-9999,-9999,0
GHCND:USC00049855,YOSEMITE PARK HEADQUARTERS CA US,20170719,-9999,-9999,0
GHCND:USC00049855,YOSEMITE PARK HEADQUARTERS CA US,20170720,-9999,-9999,0
GHCND:USC00049855,YOSEMITE PARK HEADQUARTERS CA US,20170721,-9999,-9999,0
GHCND:USC00049855,YOSEMITE PARK HEADQUARTERS CA US,20170722,-9999,-9999,0
GHCND:USC00049855,YOSEMITE PARK HEADQUARTERS CA US,20170724,-9999,-9999,0
GHCND:USC00049855,YOSEMITE PARK HEADQUARTERS CA US,20170725,-9999,-9999,0
GHCND:USC00049855,YOSEMITE PARK HEADQUARTERS CA US,20170726,-9999,-9999,0
GHCND:USC00049855,YOSEMITE PARK HEADQUARTERS CA US,20170727,-9999,-9999,0
GHCND:USC00049855,YOSEMITE PARK HEADQUARTERS CA US,20170728,-9999,-9999,0
GHCND:USC00049855,YOSEMITE PARK HEADQUARTERS CA US,20170729,-9999,-9999,0
GHCND:USC00049855,YOSEMITE PARK HEADQUARTERS CA US,20170730,-9999,-9999,0
GHCND:USC00049855,YOSEMITE PARK HEADQUARTERS CA US,20170731,-9999,-9999,0
GHCND:USC00049855,YOSEMITE PARK HEADQUARTERS CA US,20170801,-9999,-9999,0
GHCND:USC00049855,YOSEMITE PARK HEADQUARTERS CA US,20170802,-9999,-9999,0
GHCND:USC00049855,YOSEMITE PARK HEADQUARTERS CA US,20170803,-9999,-9999,0
GHCND:USC00049855,YOSEMITE PARK HEADQUARTERS CA US,20170804,-9999,-9999,0.25
GHCND:USC00049855,YOSEMITE PARK HEADQUARTERS CA US,20170805,-9999,-9999,0.3
GHCND:USC00049855,YOSEMITE PARK HEADQUARTERS CA US,20170806,-9999,-9999,0
GHCND:USC00049855,YOSEMITE PARK HEADQUARTERS CA US,20170807,-9999,-9999,0
GHCND:USC00049855,YOSEMITE PARK HEADQUARTERS CA US,20170808,-9999,-9999,0
GHCND:USC00049855,YOSEMITE PARK HEADQUARTERS CA US,20170809,-9999,-9999,0
GHCND:USC00049855,YOSEMITE PARK HEADQUARTERS CA US,20170810,-9999,-9999,0
GHCND:USC00049855,YOSEMITE PARK HEADQUARTERS CA US,20170811,-9999,-9999,0
GHCND:USC00049855,YOSEMITE PARK HEADQUARTERS CA US,20170812,-9999,-9999,0
GHCND:USC00049855,YOSEMITE PARK HEADQUARTERS CA US,20170813,-9999,-9999,0
GHCND:USC00049855,YOSEMITE PARK HEADQUARTERS CA US,20170814,-9999,-9999,0
GHCND:USC00049855,YOSEMITE PARK HEADQUARTERS CA US,20170815,-9999,-9999,0
GHCND:USC00049855,YOSEMITE PARK HEADQUARTERS CA US,20170816,-9999,-9999,0
GHCND:USC00049855,YOSEMITE PARK HEADQUARTERS CA US,20170817,-9999,-9999,0.02
GHCND:USC00049855,YOSEMITE PARK HEADQUARTERS CA US,20170818,-9999,-9999,0
GHCND:USC00049855,YOSEMITE PARK HEADQUARTERS CA US,20170819,-9999,-9999,1.55
GHCND:USC00049855,YOSEMITE PARK HEADQUARTERS CA US,20170820,-9999,-9999,0.15
GHCND:USC00049855,YOSEMITE PARK HEADQUARTERS CA US,20170821,-9999,-9999,0
GHCND:USC00049855,YOSEMITE PARK HEADQUARTERS CA US,20170822,-9999,-9999,0
GHCND:USC00049855,YOSEMITE PARK HEADQUARTERS CA US,20170823,-9999,-9999,0
GHCND:USC00049855,YOSEMITE PARK HEADQUARTERS CA US,20170824,-9999,-9999,0
GHCND:USC00049855,YOSEMITE PARK HEADQUARTERS CA US,20170825,-9999,-9999,0
GHCND:USC00049855,YOSEMITE PARK HEADQUARTERS CA US,20170826,-9999,-9999,0
GHCND:USC00049855,YOSEMITE PARK HEADQUARTERS CA US,20170827,-9999,-9999,0
GHCND:USC00049855,YOSEMITE PARK HEADQUARTERS CA US,20170828,-9999,-9999,0
GHCND:USC00049855,YOSEMITE PARK HEADQUARTERS CA US,20170829,-9999,-9999,0.02
GHCND:USC00049855,YOSEMITE PARK HEADQUARTERS CA US,20170830,-9999,-9999,0
GHCND:USC00049855,YOSEMITE PARK HEADQUARTERS CA US,20170831,-9999,-9999,0
GHCND:USC00049855,YOSEMITE PARK HEADQUARTERS CA US,20170901,-9999,-9999,0
GHCND:USC00049855,YOSEMITE PARK HEADQUARTERS CA US,20170902,-9999,-9999,0
GHCND:USC00049855,YOSEMITE PARK HEADQUARTERS CA US,20170903,-9999,-9999,0
GHCND:USC00049855,YOSEMITE PARK HEADQUARTERS CA US,20170904,-9999,-9999,0
GHCND:USC00049855,YOSEMITE PARK HEADQUARTERS CA US,20170905,-9999,-9999,0.05
GHCND:USC00049855,YOSEMITE PARK HEADQUARTERS CA US,20170906,-9999,-9999,0.02
GHCND:USC00049855,YOSEMITE PARK HEADQUARTERS CA US,20170907,-9999,-9999,0
GHCND:USC00049855,YOSEMITE PARK HEADQUARTERS CA US,20170908,-9999,-9999,0
GHCND:USC00049855,YOSEMITE PARK HEADQUARTERS CA US,20170909,-9999,-9999,0
GHCND:USC00049855,YOSEMITE PARK HEADQUARTERS CA US,20170910,-9999,-9999,0
GHCND:USC00049855,YOSEMITE PARK HEADQUARTERS CA US,20170911,-9999,-9999,0
GHCND:USC00049855,YOSEMITE PARK HEADQUARTERS CA US,20170912,-9999,-9999,0.06
GHCND:USC00049855,YOSEMITE PARK HEADQUARTERS CA US,20170913,-9999,-9999,0
GHCND:USC00049855,YOSEMITE PARK HEADQUARTERS CA US,20170914,-9999,-9999,0.1
GHCND:USC00049855,YOSEMITE PARK HEADQUARTERS CA US,20170916,-9999,-9999,0.02
GHCND:USC00049855,YOSEMITE PARK HEADQUARTERS CA US,20170917,-9999,-9999,0
GHCND:USC00049855,YOSEMITE PARK HEADQUARTERS CA US,20170918,-9999,-9999,0
GHCND:USC00049855,YOSEMITE PARK HEADQUARTERS CA US,20170919,-9999,-9999,0
GHCND:USC00049855,YOSEMITE PARK HEADQUARTERS CA US,20170921,-9999,-9999,0.95
GHCND:USC00049855,YOSEMITE PARK HEADQUARTERS CA US,20170922,-9999,-9999,0.21
GHCND:USC00049855,YOSEMITE PARK HEADQUARTERS CA US,20170923,-9999,-9999,0
GHCND:USC00049855,YOSEMITE PARK HEADQUARTERS CA US,20170924,-9999,-9999,0
GHCND:USC00049855,YOSEMITE PARK HEADQUARTERS CA US,20170925,-9999,-9999,0
GHCND:USC00049855,YOSEMITE PARK HEADQUARTERS CA US,20170926,-9999,-9999,0
GHCND:USC00049855,YOSEMITE PARK HEADQUARTERS CA US,20170927,-9999,-9999,0
GHCND:USC00049855,YOSEMITE PARK HEADQUARTERS CA US,20170928,-9999,-9999,0
GHCND:USC00049855,YOSEMITE PARK HEADQUARTERS CA US,20170929,-9999,-9999,0
GHCND:USC00049855,YOSEMITE PARK HEADQUARTERS CA US,20170930,-9999,-9999,0
GHCND:USC00049855,YOSEMITE PARK HEADQUARTERS CA US,20171001,-9999,-9999,0
GHCND:USC00049855,YOSEMITE PARK HEADQUARTERS CA US,20171002,-9999,-9999,0
GHCND:USC00049855,YOSEMITE PARK HEADQUARTERS CA US,20171003,-9999,-9999,0
GHCND:USC00049855,YOSEMITE PARK HEADQUARTERS CA US,20171004,-9999,-9999,0
GHCND:USC00049855,YOSEMITE PARK HEADQUARTERS CA US,20171005,-9999,-9999,0
GHCND:USC00049855,YOSEMITE PARK HEADQUARTERS CA US,20171006,-9999,-9999,0
GHCND:USC00049855,YOSEMITE PARK HEADQUARTERS CA US,20171007,-9999,-9999,0
GHCND:USC00049855,YOSEMITE PARK HEADQUARTERS CA US,20171008,-9999,-9999,0
GHCND:USC00049855,YOSEMITE PARK HEADQUARTERS CA US,20171009,-9999,-9999,0
GHCND:USC00049855,YOSEMITE PARK HEADQUARTERS CA US,20171010,-9999,-9999,0
GHCND:USC00049855,YOSEMITE PARK HEADQUARTERS CA US,20171011,-9999,-9999,0
GHCND:USC00049855,YOSEMITE PARK HEADQUARTERS CA US,20171012,-9999,-9999,0
GHCND:USC00049855,YOSEMITE PARK HEADQUARTERS CA US,20171013,-9999,-9999,0
GHCND:USC00049855,YOSEMITE PARK HEADQUARTERS CA US,20171014,-9999,-9999,0
GHCND:USC00049855,YOSEMITE PARK HEADQUARTERS CA US,20171015,-9999,-9999,0
GHCND:USC00049855,YOSEMITE PARK HEADQUARTERS CA US,20171016,-9999,-9999,0
GHCND:USC00049855,YOSEMITE PARK HEADQUARTERS CA US,20171017,-9999,-9999,0
GHCND:USC00049855,YOSEMITE PARK HEADQUARTERS CA US,20171018,-9999,-9999,0
GHCND:USC00049855,YOSEMITE PARK HEADQUARTERS CA US,20171019,-9999,-9999,0
GHCND:USC00049855,YOSEMITE PARK HEADQUARTERS CA US,20171020,-9999,-9999,0.52
GHCND:USC00049855,YOSEMITE PARK HEADQUARTERS CA US,20171021,-9999,-9999,0
GHCND:USC00049855,YOSEMITE PARK HEADQUARTERS CA US,20171022,-9999,-9999,0
GHCND:USC00049855,YOSEMITE PARK HEADQUARTERS CA US,20171023,-9999,-9999,0
GHCND:USC00049855,YOSEMITE PARK HEADQUARTERS CA US,20171024,-9999,-9999,0
GHCND:USC00049855,YOSEMITE PARK HEADQUARTERS CA US,20171025,-9999,-9999,0
GHCND:USC00049855,YOSEMITE PARK HEADQUARTERS CA US,20171026,-9999,-9999,0
GHCND:USC00049855,YOSEMITE PARK HEADQUARTERS CA US,20171027,-9999,-9999,0
GHCND:USC00049855,YOSEMITE PARK HEADQUARTERS CA US,20171028,-9999,-9999,0
GHCND:USC00049855,YOSEMITE PARK HEADQUARTERS CA US,20171029,-9999,-9999,0
GHCND:USC00049855,YOSEMITE PARK HEADQUARTERS CA US,20171030,-9999,-9999,0
GHCND:USC00049855,YOSEMITE PARK HEADQUARTERS CA US,20171031,-9999,-9999,0
GHCND:USC00049855,YOSEMITE PARK HEADQUARTERS CA US,20171101,-9999,-9999,0
GHCND:USC00049855,YOSEMITE PARK HEADQUARTERS CA US,20171102,-9999,-9999,0
GHCND:USC00049855,YOSEMITE PARK HEADQUARTERS CA US,20171103,-9999,-9999,0
GHCND:USC00049855,YOSEMITE PARK HEADQUARTERS CA US,20171104,-9999,-9999,0.05
GHCND:USC00049855,YOSEMITE PARK HEADQUARTERS CA US,20171106,0.06,2,-9999
GHCND:USC00049855,YOSEMITE PARK HEADQUARTERS CA US,20171107,-9999,-9999,0
GHCND:USC00049855,YOSEMITE PARK HEADQUARTERS CA US,20171108,-9999,-9999,0
GHCND:USC00049855,YOSEMITE PARK HEADQUARTERS CA US,20171109,-9999,-9999,0
GHCND:USC00049855,YOSEMITE PARK HEADQUARTERS CA US,20171110,-9999,-9999,0
GHCND:USC00049855,YOSEMITE PARK HEADQUARTERS CA US,20171111,-9999,-9999,0
GHCND:USC00049855,YOSEMITE PARK HEADQUARTERS CA US,20171112,-9999,-9999,0
GHCND:USC00049855,YOSEMITE PARK HEADQUARTERS CA US,20171113,-9999,-9999,0
GHCND:USC00049855,YOSEMITE PARK HEADQUARTERS CA US,20171114,-9999,-9999,0
GHCND:USC00049855,YOSEMITE PARK HEADQUARTERS CA US,20171115,-9999,-9999,0
GHCND:USC00049855,YOSEMITE PARK HEADQUARTERS CA US,20171116,-9999,-9999,0.54
GHCND:USC00049855,YOSEMITE PARK HEADQUARTERS CA US,20171117,-9999,-9999,2.6
GHCND:USC00049855,YOSEMITE PARK HEADQUARTERS CA US,20171119,-9999,-9999,0
GHCND:USC00049855,YOSEMITE PARK HEADQUARTERS CA US,20171120,-9999,-9999,0.02
GHCND:USC00049855,YOSEMITE PARK HEADQUARTERS CA US,20171121,-9999,-9999,0.02
GHCND:USC00049855,YOSEMITE PARK HEADQUARTERS CA US,20171122,-9999,-9999,0
GHCND:USC00049855,YOSEMITE PARK HEADQUARTERS CA US,20171123,-9999,-9999,0
GHCND:USC00049855,YOSEMITE PARK HEADQUARTERS CA US,20171124,-9999,-9999,0
GHCND:USC00049855,YOSEMITE PARK HEADQUARTERS CA US,20171125,-9999,-9999,0
GHCND:USC00049855,YOSEMITE PARK HEADQUARTERS CA US,20171126,-9999,-9999,0
GHCND:USC00049855,YOSEMITE PARK HEADQUARTERS CA US,20171127,-9999,-9999,1.3
GHCND:USC00049855,YOSEMITE PARK HEADQUARTERS CA US,20171128,-9999,-9999,0
GHCND:USC00049855,YOSEMITE PARK HEADQUARTERS CA US,20171129,-9999,-9999,0
GHCND:USC00049855,YOSEMITE PARK HEADQUARTERS CA US,20171130,-9999,-9999,0
GHCND:USC00049855,YOSEMITE PARK HEADQUARTERS CA US,20171201,-9999,-9999,0
GHCND:USC00049855,YOSEMITE PARK HEADQUARTERS CA US,20171202,-9999,-9999,0
GHCND:USC00049855,YOSEMITE PARK HEADQUARTERS CA US,20171203,-9999,-9999,0.15
GHCND:USC00049855,YOSEMITE PARK HEADQUARTERS CA US,20171204,-9999,-9999,0.01
GHCND:USC00049855,YOSEMITE PARK HEADQUARTERS CA US,20171205,-9999,-9999,0
GHCND:USC00049855,YOSEMITE PARK HEADQUARTERS CA US,20171206,-9999,-9999,0
GHCND:USC00049855,YOSEMITE PARK HEADQUARTERS CA US,20171207,-9999,-9999,0
GHCND:USC00049855,YOSEMITE PARK HEADQUARTERS CA US,20171208,-9999,-9999,0
GHCND:USC00049855,YOSEMITE PARK HEADQUARTERS CA US,20171209,-9999,-9999,0
GHCND:USC00049855,YOSEMITE PARK HEADQUARTERS CA US,20171210,-9999,-9999,0
GHCND:USC00049855,YOSEMITE PARK HEADQUARTERS CA US,20171211,-9999,-9999,0
GHCND:USC00049855,YOSEMITE PARK HEADQUARTERS CA US,20171212,-9999,-9999,0
GHCND:USC00049855,YOSEMITE PARK HEADQUARTERS CA US,20171213,-9999,-9999,0
GHCND:USC00049855,YOSEMITE PARK HEADQUARTERS CA US,20171214,-9999,-9999,0
GHCND:USC00049855,YOSEMITE PARK HEADQUARTERS CA US,20171215,-9999,-9999,0
GHCND:USC00049855,YOSEMITE PARK HEADQUARTERS CA US,20171216,-9999,-9999,0
GHCND:USC00049855,YOSEMITE PARK HEADQUARTERS CA US,20171218,-9999,-9999,0
GHCND:USC00049855,YOSEMITE PARK HEADQUARTERS CA US,20171219,-9999,-9999,0
GHCND:USC00049855,YOSEMITE PARK HEADQUARTERS CA US,20171220,-9999,-9999,0.01
GHCND:USC00049855,YOSEMITE PARK HEADQUARTERS CA US,20171221,-9999,-9999,0.2
GHCND:USC00049855,YOSEMITE PARK HEADQUARTERS CA US,20171222,-9999,-9999,0
GHCND:USC00049855,YOSEMITE PARK HEADQUARTERS CA US,20171223,-9999,-9999,0
GHCND:USC00049855,YOSEMITE PARK HEADQUARTERS CA US,20171224,-9999,-9999,0
GHCND:USC00049855,YOSEMITE PARK HEADQUARTERS CA US,20171225,-9999,-9999,0
GHCND:USC00049855,YOSEMITE PARK HEADQUARTERS CA US,20171226,-9999,-9999,0
GHCND:USC00049855,YOSEMITE PARK HEADQUARTERS CA US,20171227,-9999,-9999,0
GHCND:USC00049855,YOSEMITE PARK HEADQUARTERS CA US,20171228,-9999,-9999,0
GHCND:USC00049855,YOSEMITE PARK HEADQUARTERS CA US,20171229,-9999,-9999,0
GHCND:USC00049855,YOSEMITE PARK HEADQUARTERS CA US,20171230,-9999,-9999,0
GHCND:USC00049855,YOSEMITE PARK HEADQUARTERS CA US,20171231,-9999,-9999,0
GHCND:USC00049855,YOSEMITE PARK HEADQUARTERS CA US,20180101,-9999,-9999,0
GHCND:USC00049855,YOSEMITE PARK HEADQUARTERS CA US,20180102,-9999,-9999,0
GHCND:USC00049855,YOSEMITE PARK HEADQUARTERS CA US,20180103,-9999,-9999,0
GHCND:USC00049855,YOSEMITE PARK HEADQUARTERS CA US,20180104,-9999,-9999,0.1
GHCND:USC00049855,YOSEMITE PARK HEADQUARTERS CA US,20180105,-9999,-9999,0.02
GHCND:USC00049855,YOSEMITE PARK HEADQUARTERS CA US,20180106,-9999,-9999,0.6
GHCND:USC00049855,YOSEMITE PARK HEADQUARTERS CA US,20180107,-9999,-9999,0.23
GHCND:USC00049855,YOSEMITE PARK HEADQUARTERS CA US,20180108,-9999,-9999,0.05
GHCND:USC00049855,YOSEMITE PARK HEADQUARTERS CA US,20180109,-9999,-9999,1.17
GHCND:USC00049855,YOSEMITE PARK HEADQUARTERS CA US,20180110,-9999,-9999,0.32
GHCND:USC00049855,YOSEMITE PARK HEADQUARTERS CA US,20180111,-9999,-9999,0.07
GHCND:USC00049855,YOSEMITE PARK HEADQUARTERS CA US,20180112,-9999,-9999,0.01
GHCND:USC00049855,YOSEMITE PARK HEADQUARTERS CA US,20180113,-9999,-9999,0
GHCND:USC00049855,YOSEMITE PARK HEADQUARTERS CA US,20180114,-9999,-9999,0
GHCND:USC00049855,YOSEMITE PARK HEADQUARTERS CA US,20180115,-9999,-9999,0
GHCND:USC00049855,YOSEMITE PARK HEADQUARTERS CA US,20180116,-9999,-9999,0
GHCND:USC00049855,YOSEMITE PARK HEADQUARTERS CA US,20180117,-9999,-9999,0
GHCND:USC00049855,YOSEMITE PARK HEADQUARTERS CA US,20180119,0.49,2,-9999
GHCND:USC00049855,YOSEMITE PARK HEADQUARTERS CA US,20180120,-9999,-9999,0.02
GHCND:USC00049855,YOSEMITE PARK HEADQUARTERS CA US,20180123,0.05,3,-9999
GHCND:USC00049855,YOSEMITE PARK HEADQUARTERS CA US,20180124,-9999,-9999,0
GHCND:USC00049855,YOSEMITE PARK HEADQUARTERS CA US,20180125,-9999,-9999,0.45
GHCND:USC00049855,YOSEMITE PARK HEADQUARTERS CA US,20180126,-9999,-9999,0.05
GHCND:USC00049855,YOSEMITE PARK HEADQUARTERS CA US,20180127,-9999,-9999,0
GHCND:USC00049855,YOSEMITE PARK HEADQUARTERS CA US,20180128,-9999,-9999,0
GHCND:USC00049855,YOSEMITE PARK HEADQUARTERS CA US,20180129,-9999,-9999,0
GHCND:USC00049855,YOSEMITE PARK HEADQUARTERS CA US,20180130,-9999,-9999,0
GHCND:USC00049855,YOSEMITE PARK HEADQUARTERS CA US,20180131,-9999,-9999,0
GHCND:USC00049855,YOSEMITE PARK HEADQUARTERS CA US,20180201,-9999,-9999,0
GHCND:USC00049855,YOSEMITE PARK HEADQUARTERS CA US,20180202,-9999,-9999,0
GHCND:USC00049855,YOSEMITE PARK HEADQUARTERS CA US,20180203,-9999,-9999,0
GHCND:USC00049855,YOSEMITE PARK HEADQUARTERS CA US,20180204,-9999,-9999,0
GHCND:USC00049855,YOSEMITE PARK HEADQUARTERS CA US,20180205,-9999,-9999,0
GHCND:USC00049855,YOSEMITE PARK HEADQUARTERS CA US,20180206,-9999,-9999,0
GHCND:USC00049855,YOSEMITE PARK HEADQUARTERS CA US,20180207,-9999,-9999,0
GHCND:USC00049855,YOSEMITE PARK HEADQUARTERS CA US,20180208,-9999,-9999,0
GHCND:USC00049855,YOSEMITE PARK HEADQUARTERS CA US,20180209,-9999,-9999,0
GHCND:USC00049855,YOSEMITE PARK HEADQUARTERS CA US,20180210,-9999,-9999,0
GHCND:USC00049855,YOSEMITE PARK HEADQUARTERS CA US,20180211,-9999,-9999,0
GHCND:USC00049855,YOSEMITE PARK HEADQUARTERS CA US,20180212,-9999,-9999,0
GHCND:USC00049855,YOSEMITE PARK HEADQUARTERS CA US,20180213,-9999,-9999,0
GHCND:USC00049855,YOSEMITE PARK HEADQUARTERS CA US,20180214,-9999,-9999,0
GHCND:USC00049855,YOSEMITE PARK HEADQUARTERS CA US,20180215,-9999,-9999,0
GHCND:USC00049855,YOSEMITE PARK HEADQUARTERS CA US,20180216,-9999,-9999,0
GHCND:USC00049855,YOSEMITE PARK HEADQUARTERS CA US,20180217,-9999,-9999,0
GHCND:USC00049855,YOSEMITE PARK HEADQUARTERS CA US,20180218,-9999,-9999,0
GHCND:USC00049855,YOSEMITE PARK HEADQUARTERS CA US,20180219,-9999,-9999,0.08
GHCND:USC00049855,YOSEMITE PARK HEADQUARTERS CA US,20180220,-9999,-9999,0.08
GHCND:USC00049855,YOSEMITE PARK HEADQUARTERS CA US,20180221,-9999,-9999,0
GHCND:USC00049855,YOSEMITE PARK HEADQUARTERS CA US,20180222,-9999,-9999,0
GHCND:USC00049855,YOSEMITE PARK HEADQUARTERS CA US,20180224,-9999,-9999,0
GHCND:USC00049855,YOSEMITE PARK HEADQUARTERS CA US,20180225,-9999,-9999,0.02
GHCND:USC00049855,YOSEMITE PARK HEADQUARTERS CA US,20180226,-9999,-9999,0
GHCND:USC00049855,YOSEMITE PARK HEADQUARTERS CA US,20180227,-9999,-9999,0.09
GHCND:USC00049855,YOSEMITE PARK HEADQUARTERS CA US,20180228,-9999,-9999,0
GHCND:USC00049855,YOSEMITE PARK HEADQUARTERS CA US,20180301,-9999,-9999,0.14
GHCND:USC00049855,YOSEMITE PARK HEADQUARTERS CA US,20180302,-9999,-9999,2.94
GHCND:USC00049855,YOSEMITE PARK HEADQUARTERS CA US,20180303,-9999,-9999,1.32
GHCND:USC00049855,YOSEMITE PARK HEADQUARTERS CA US,20180304,-9999,-9999,1.05
GHCND:USC00049855,YOSEMITE PARK HEADQUARTERS CA US,20180305,-9999,-9999,0
GHCND:USC00049855,YOSEMITE PARK HEADQUARTERS CA US,20180306,-9999,-9999,0
GHCND:USC00049855,YOSEMITE PARK HEADQUARTERS CA US,20180307,-9999,-9999,0
GHCND:USC00049855,YOSEMITE PARK HEADQUARTERS CA US,20180308,-9999,-9999,0
GHCND:USC00049855,YOSEMITE PARK HEADQUARTERS CA US,20180309,-9999,-9999,0
GHCND:USC00049855,YOSEMITE PARK HEADQUARTERS CA US,20180310,-9999,-9999,0
GHCND:USC00049855,YOSEMITE PARK HEADQUARTERS CA US,20180311,-9999,-9999,0.15
GHCND:USC00049855,YOSEMITE PARK HEADQUARTERS CA US,20180312,-9999,-9999,0.01
GHCND:USC00049855,YOSEMITE PARK HEADQUARTERS CA US,20180313,-9999,-9999,0.04
GHCND:USC00049855,YOSEMITE PARK HEADQUARTERS CA US,20180314,-9999,-9999,1.54
GHCND:USC00049855,YOSEMITE PARK HEADQUARTERS CA US,20180315,-9999,-9999,0.63
GHCND:USC00049855,YOSEMITE PARK HEADQUARTERS CA US,20180316,-9999,-9999,0.2
GHCND:USC00049855,YOSEMITE PARK HEADQUARTERS CA US,20180317,-9999,-9999,1.17
GHCND:USC00049855,YOSEMITE PARK HEADQUARTERS CA US,20180318,-9999,-9999,0
GHCND:USC00049855,YOSEMITE PARK HEADQUARTERS CA US,20180319,-9999,-9999,0
GHCND:USC00049855,YOSEMITE PARK HEADQUARTERS CA US,20180320,-9999,-9999,0
GHCND:USC00049855,YOSEMITE PARK HEADQUARTERS CA US,20180321,-9999,-9999,0.49
GHCND:USC00049855,YOSEMITE PARK HEADQUARTERS CA US,20180322,-9999,-9999,2.46
GHCND:USC00049855,YOSEMITE PARK HEADQUARTERS CA US,20180323,-9999,-9999,2.8
GHCND:USC00049855,YOSEMITE PARK HEADQUARTERS CA US,20180326,0.02,3,-9999
GHCND:USC00049855,YOSEMITE PARK HEADQUARTERS CA US,20180327,-9999,-9999,0
GHCND:USC00049855,YOSEMITE PARK HEADQUARTERS CA US,20180328,-9999,-9999,0
GHCND:USC00049855,YOSEMITE PARK HEADQUARTERS CA US,20180329,-9999,-9999,0
GHCND:USC00049855,YOSEMITE PARK HEADQUARTERS CA US,20180330,-9999,-9999,0
GHCND:USC00049855,YOSEMITE PARK HEADQUARTERS CA US,20180331,-9999,-9999,0
GHCND:USC00049855,YOSEMITE PARK HEADQUARTERS CA US,20180401,-9999,-9999,0
GHCND:USC00049855,YOSEMITE PARK HEADQUARTERS CA US,20180402,-9999,-9999,0
GHCND:USC00049855,YOSEMITE PARK HEADQUARTERS CA US,20180403,-9999,-9999,0
GHCND:USC00049855,YOSEMITE PARK HEADQUARTERS CA US,20180404,-9999,-9999,0
GHCND:USC00049855,YOSEMITE PARK HEADQUARTERS CA US,20180405,-9999,-9999,0
GHCND:USC00049855,YOSEMITE PARK HEADQUARTERS CA US,20180406,-9999,-9999,0.14
GHCND:USC00049855,YOSEMITE PARK HEADQUARTERS CA US,20180407,-9999,-9999,2.4
GHCND:USC00049855,YOSEMITE PARK HEADQUARTERS CA US,20180408,-9999,-9999,0.02
GHCND:USC00049855,YOSEMITE PARK HEADQUARTERS CA US,20180409,-9999,-9999,0
GHCND:USC00049855,YOSEMITE PARK HEADQUARTERS CA US,20180410,-9999,-9999,0
GHCND:USC00049855,YOSEMITE PARK HEADQUARTERS CA US,20180411,-9999,-9999,0
GHCND:USC00049855,YOSEMITE PARK HEADQUARTERS CA US,20180413,-9999,-9999,0.25
GHCND:USC00049855,YOSEMITE PARK HEADQUARTERS CA US,20180414,-9999,-9999,0.01
GHCND:USC00049855,YOSEMITE PARK HEADQUARTERS CA US,20180415,-9999,-9999,0
GHCND:USC00049855,YOSEMITE PARK HEADQUARTERS CA US,20180416,-9999,-9999,0.52
GHCND:USC00049855,YOSEMITE PARK HEADQUARTERS CA US,20180417,-9999,-9999,0.2
GHCND:USC00049855,YOSEMITE PARK HEADQUARTERS CA US,20180418,-9999,-9999,0
GHCND:USC00049855,YOSEMITE PARK HEADQUARTERS CA US,20180419,-9999,-9999,0
GHCND:USC00049855,YOSEMITE PARK HEADQUARTERS CA US,20180420,-9999,-9999,0
GHCND:USC00049855,YOSEMITE PARK HEADQUARTERS CA US,20180421,-9999,-9999,0
GHCND:USC00049855,YOSEMITE PARK HEADQUARTERS CA US,20180422,-9999,-9999,0
GHCND:USC00049855,YOSEMITE PARK HEADQUARTERS CA US,20180423,-9999,-9999,0
GHCND:USC00049855,YOSEMITE PARK HEADQUARTERS CA US,20180424,-9999,-9999,0
GHCND:USC00049855,YOSEMITE PARK HEADQUARTERS CA US,20180425,-9999,-9999,0
GHCND:USC00049855,YOSEMITE PARK HEADQUARTERS CA US,20180426,-9999,-9999,0
GHCND:USC00049855,YOSEMITE PARK HEADQUARTERS CA US,20180427,-9999,-9999,0
GHCND:USC00049855,YOSEMITE PARK HEADQUARTERS CA US,20180428,-9999,-9999,0
GHCND:USC00049855,YOSEMITE PARK HEADQUARTERS CA US,20180429,-9999,-9999,0
GHCND:USC00049855,YOSEMITE PARK HEADQUARTERS CA US,20180430,-9999,-9999,0
GHCND:USC00049855,YOSEMITE PARK HEADQUARTERS CA US,20180501,-9999,-9999,0.09
GHCND:USC00049855,YOSEMITE PARK HEADQUARTERS CA US,20180502,-9999,-9999,0.02
GHCND:USC00049855,YOSEMITE PARK HEADQUARTERS CA US,20180503,-9999,-9999,0
GHCND:USC00049855,YOSEMITE PARK HEADQUARTERS CA US,20180504,-9999,-9999,0
GHCND:USC00049855,YOSEMITE PARK HEADQUARTERS CA US,20180505,-9999,-9999,0
GHCND:USC00049855,YOSEMITE PARK HEADQUARTERS CA US,20180506,-9999,-9999,0
GHCND:USC00049855,YOSEMITE PARK HEADQUARTERS CA US,20180507,-9999,-9999,0
GHCND:USC00049855,YOSEMITE PARK HEADQUARTERS CA US,20180508,-9999,-9999,0
GHCND:USC00049855,YOSEMITE PARK HEADQUARTERS CA US,20180509,-9999,-9999,0
GHCND:USC00049855,YOSEMITE PARK HEADQUARTERS CA US,20180510,-9999,-9999,0
GHCND:USC00049855,YOSEMITE PARK HEADQUARTERS CA US,20180511,-9999,-9999,0
GHCND:USC00049855,YOSEMITE PARK HEADQUARTERS CA US,20180512,-9999,-9999,0
GHCND:USC00049855,YOSEMITE PARK HEADQUARTERS CA US,20180513,-9999,-9999,0
GHCND:USC00049855,YOSEMITE PARK HEADQUARTERS CA US,20180514,-9999,-9999,0
GHCND:USC00049855,YOSEMITE PARK HEADQUARTERS CA US,20180515,-9999,-9999,0.1
GHCND:USC00049855,YOSEMITE PARK HEADQUARTERS CA US,20180516,-9999,-9999,0.01
GHCND:USC00049855,YOSEMITE PARK HEADQUARTERS CA US,20180517,-9999,-9999,0
GHCND:USC00049855,YOSEMITE PARK HEADQUARTERS CA US,20180518,-9999,-9999,0
GHCND:USC00049855,YOSEMITE PARK HEADQUARTERS CA US,20180519,-9999,-9999,0
GHCND:USC00049855,YOSEMITE PARK HEADQUARTERS CA US,20180520,-9999,-9999,0
GHCND:USC00049855,YOSEMITE PARK HEADQUARTERS CA US,20180521,-9999,-9999,0
GHCND:USC00049855,YOSEMITE PARK HEADQUARTERS CA US,20180522,-9999,-9999,0.5
GHCND:USC00049855,YOSEMITE PARK HEADQUARTERS CA US,20180523,-9999,-9999,0.05
GHCND:USC00049855,YOSEMITE PARK HEADQUARTERS CA US,20180524,-9999,-9999,0
GHCND:USC00049855,YOSEMITE PARK HEADQUARTERS CA US,20180525,-9999,-9999,0.01
GHCND:USC00049855,YOSEMITE PARK HEADQUARTERS CA US,20180526,-9999,-9999,0
GHCND:USC00049855,YOSEMITE PARK HEADQUARTERS CA US,20180527,-9999,-9999,0
GHCND:USC00049855,YOSEMITE PARK HEADQUARTERS CA US,20180528,-9999,-9999,0
GHCND:USC00049855,YOSEMITE PARK HEADQUARTERS CA US,20180529,-9999,-9999,0
GHCND:USC00049855,YOSEMITE PARK HEADQUARTERS CA US,20180530,-9999,-9999,0
GHCND:USC00049855,YOSEMITE PARK HEADQUARTERS CA US,20180531,-9999,-9999,0
GHCND:USC00049855,YOSEMITE PARK HEADQUARTERS CA US,20180601,-9999,-9999,0
GHCND:USC00049855,YOSEMITE PARK HEADQUARTERS CA US,20180602,-9999,-9999,0
GHCND:USC00049855,YOSEMITE PARK HEADQUARTERS CA US,20180603,-9999,-9999,0
GHCND:USC00049855,YOSEMITE PARK HEADQUARTERS CA US,20180604,-9999,-9999,0
GHCND:USC00049855,YOSEMITE PARK HEADQUARTERS CA US,20180605,-9999,-9999,0
GHCND:USC00049855,YOSEMITE PARK HEADQUARTERS CA US,20180606,-9999,-9999,0
GHCND:USC00049855,YOSEMITE PARK HEADQUARTERS CA US,20180607,-9999,-9999,0
GHCND:USC00049855,YOSEMITE PARK HEADQUARTERS CA US,20180608,-9999,-9999,0
GHCND:USC00049855,YOSEMITE PARK HEADQUARTERS CA US,20180609,-9999,-9999,0
GHCND:USC00049855,YOSEMITE PARK HEADQUARTERS CA US,20180610,-9999,-9999,0
GHCND:USC00049855,YOSEMITE PARK HEADQUARTERS CA US,20180611,-9999,-9999,0
GHCND:USC00049855,YOSEMITE PARK HEADQUARTERS CA US,20180612,-9999,-9999,0
GHCND:USC00049855,YOSEMITE PARK HEADQUARTERS CA US,20180613,-9999,-9999,0
GHCND:USC00049855,YOSEMITE PARK HEADQUARTERS CA US,20180614,-9999,-9999,0
GHCND:USC00049855,YOSEMITE PARK HEADQUARTERS CA US,20180615,-9999,-9999,0
GHCND:USC00049855,YOSEMITE PARK HEADQUARTERS CA US,20180616,-9999,-9999,0
GHCND:USC00049855,YOSEMITE PARK HEADQUARTERS CA US,20180617,-9999,-9999,0
GHCND:USC00049855,YOSEMITE PARK HEADQUARTERS CA US,20180618,-9999,-9999,0
GHCND:USC00049855,YOSEMITE PARK HEADQUARTERS CA US,20180619,-9999,-9999,0
GHCND:USC00049855,YOSEMITE PARK HEADQUARTERS CA US,20180620,-9999,-9999,0
GHCND:USC00049855,YOSEMITE PARK HEADQUARTERS CA US,20180621,-9999,-9999,0
GHCND:USC00049855,YOSEMITE PARK HEADQUARTERS CA US,20180622,-9999,-9999,0
GHCND:USC00049855,YOSEMITE PARK HEADQUARTERS CA US,20180623,-9999,-9999,0
GHCND:USC00049855,YOSEMITE PARK HEADQUARTERS CA US,20180624,-9999,-9999,0
GHCND:USC00049855,YOSEMITE PARK HEADQUARTERS CA US,20180625,-9999,-9999,0
GHCND:USC00049855,YOSEMITE PARK HEADQUARTERS CA US,20180626,-9999,-9999,0
GHCND:USC00049855,YOSEMITE PARK HEADQUARTERS CA US,20180627,-9999,-9999,0
GHCND:USC00049855,YOSEMITE PARK HEADQUARTERS CA US,20180628,-9999,-9999,0
GHCND:USC00049855,YOSEMITE PARK HEADQUARTERS CA US,20180629,-9999,-9999,0
GHCND:USC00049855,YOSEMITE PARK HEADQUARTERS CA US,20180630,-9999,-9999,0
GHCND:USC00049855,YOSEMITE PARK HEADQUARTERS CA US,20180701,-9999,-9999,0
GHCND:USC00049855,YOSEMITE PARK HEADQUARTERS CA US,20180702,-9999,-9999,0
GHCND:USC00049855,YOSEMITE PARK HEADQUARTERS CA US,20180703,-9999,-9999,0
GHCND:USC00049855,YOSEMITE PARK HEADQUARTERS CA US,20180704,-9999,-9999,0
GHCND:USC00049855,YOSEMITE PARK HEADQUARTERS CA US,20180705,-9999,-9999,0
GHCND:USC00049855,YOSEMITE PARK HEADQUARTERS CA US,20180706,-9999,-9999,0
GHCND:USC00049855,YOSEMITE PARK HEADQUARTERS CA US,20180707,-9999,-9999,0
GHCND:USC00049855,YOSEMITE PARK HEADQUARTERS CA US,20180708,-9999,-9999,0
GHCND:USC00049855,YOSEMITE PARK HEADQUARTERS CA US,20180709,-9999,-9999,0
GHCND:USC00049855,YOSEMITE PARK HEADQUARTERS CA US,20180710,-9999,-9999,0
GHCND:USC00049855,YOSEMITE PARK HEADQUARTERS CA US,20180711,-9999,-9999,0
GHCND:USC00049855,YOSEMITE PARK HEADQUARTERS CA US,20180712,-9999,-9999,0
GHCND:USC00049855,YOSEMITE PARK HEADQUARTERS CA US,20180713,-9999,-9999,0
GHCND:USC00049855,YOSEMITE PARK HEADQUARTERS CA US,20180714,-9999,-9999,0
GHCND:USC00049855,YOSEMITE PARK HEADQUARTERS CA US,20180715,-9999,-9999,0
GHCND:USC00049855,YOSEMITE PARK HEADQUARTERS CA US,20180716,-9999,-9999,0
GHCND:USC00049855,YOSEMITE PARK HEADQUARTERS CA US,20180717,-9999,-9999,0
GHCND:USC00049855,YOSEMITE PARK HEADQUARTERS CA US,20180718,-9999,-9999,0
GHCND:USC00049855,YOSEMITE PARK HEADQUARTERS CA US,20180719,-9999,-9999,0
GHCND:USC00049855,YOSEMITE PARK HEADQUARTERS CA US,20180720,-9999,-9999,0
GHCND:USC00049855,YOSEMITE PARK HEADQUARTERS CA US,20180722,-9999,-9999,0
GHCND:USC00049855,YOSEMITE PARK HEADQUARTERS CA US,20180723,-9999,-9999,0
GHCND:USC00049855,YOSEMITE PARK HEADQUARTERS CA US,20180730,-9999,-9999,0
GHCND:USC00049855,YOSEMITE PARK HEADQUARTERS CA US,20180801,-9999,-9999,0
GHCND:USC00049855,YOSEMITE PARK HEADQUARTERS CA US,20180802,-9999,-9999,0
GHCND:USC00049855,YOSEMITE PARK HEADQUARTERS CA US,20180813,-9999,-9999,0
GHCND:USC00049855,YOSEMITE PARK HEADQUARTERS CA US,20180814,-9999,-9999,0
GHCND:USC00049855,YOSEMITE PARK HEADQUARTERS CA US,20180815,-9999,-9999,0
GHCND:USC00049855,YOSEMITE PARK HEADQUARTERS CA US,20180816,-9999,-9999,0
GHCND:USC00049855,YOSEMITE PARK HEADQUARTERS CA US,20180817,-9999,-9999,0
GHCND:USC00049855,YOSEMITE PARK HEADQUARTERS CA US,20180818,-9999,-9999,0
GHCND:USC00049855,YOSEMITE PARK HEADQUARTERS CA US,20180819,-9999,-9999,0
GHCND:USC00049855,YOSEMITE PARK HEADQUARTERS CA US,20180820,-9999,-9999,0
GHCND:USC00049855,YOSEMITE PARK HEADQUARTERS CA US,20180821,-9999,-9999,0
GHCND:USC00049855,YOSEMITE PARK HEADQUARTERS CA US,20180822,-9999,-9999,0
GHCND:USC00049855,YOSEMITE PARK HEADQUARTERS CA US,20180823,-9999,-9999,0
GHCND:USC00049855,YOSEMITE PARK HEADQUARTERS CA US,20180824,-9999,-9999,0
GHCND:USC00049855,YOSEMITE PARK HEADQUARTERS CA US,20180825,-9999,-9999,0
GHCND:USC00049855,YOSEMITE PARK HEADQUARTERS CA US,20180826,-9999,-9999,0
GHCND:USC00049855,YOSEMITE PARK HEADQUARTERS CA US,20180827,-9999,-9999,0
GHCND:USC00049855,YOSEMITE PARK HEADQUARTERS CA US,20180828,-9999,-9999,0
GHCND:USC00049855,YOSEMITE PARK HEADQUARTERS CA US,20180829,-9999,-9999,0
GHCND:USC00049855,YOSEMITE PARK HEADQUARTERS CA US,20180830,-9999,-9999,0
GHCND:USC00049855,YOSEMITE PARK HEADQUARTERS CA US,20180831,-9999,-9999,0
GHCND:USC00049855,YOSEMITE PARK HEADQUARTERS CA US,20180901,-9999,-9999,0
GHCND:USC00049855,YOSEMITE PARK HEADQUARTERS CA US,20180902,-9999,-9999,0
GHCND:USC00049855,YOSEMITE PARK HEADQUARTERS CA US,20180903,-9999,-9999,0
GHCND:USC00049855,YOSEMITE PARK HEADQUARTERS CA US,20180904,-9999,-9999,0.05
GHCND:USC00049855,YOSEMITE PARK HEADQUARTERS CA US,20180905,-9999,-9999,0.1
GHCND:USC00049855,YOSEMITE PARK HEADQUARTERS CA US,20180906,-9999,-9999,0
GHCND:USC00049855,YOSEMITE PARK HEADQUARTERS CA US,20180907,-9999,-9999,0
GHCND:USC00049855,YOSEMITE PARK HEADQUARTERS CA US,20180908,-9999,-9999,0
GHCND:USC00049855,YOSEMITE PARK HEADQUARTERS CA US,20180909,-9999,-9999,0
GHCND:USC00049855,YOSEMITE PARK HEADQUARTERS CA US,20180910,-9999,-9999,0
GHCND:USC00049855,YOSEMITE PARK HEADQUARTERS CA US,20180911,-9999,-9999,0
GHCND:USC00049855,YOSEMITE PARK HEADQUARTERS CA US,20180912,-9999,-9999,0
GHCND:USC00049855,YOSEMITE PARK HEADQUARTERS CA US,20180913,-9999,-9999,0
GHCND:USC00049855,YOSEMITE PARK HEADQUARTERS CA US,20180914,-9999,-9999,0
GHCND:USC00049855,YOSEMITE PARK HEADQUARTERS CA US,20180915,-9999,-9999,0
GHCND:USC00049855,YOSEMITE PARK HEADQUARTERS CA US,20180916,-9999,-9999,0
GHCND:USC00049855,YOSEMITE PARK HEADQUARTERS CA US,20180917,-9999,-9999,0
GHCND:USC00049855,YOSEMITE PARK HEADQUARTERS CA US,20180918,-9999,-9999,0
GHCND:USC00049855,YOSEMITE PARK HEADQUARTERS CA US,20180919,-9999,-9999,0
GHCND:USC00049855,YOSEMITE PARK HEADQUARTERS CA US,20180920,-9999,-9999,0
GHCND:USC00049855,YOSEMITE PARK HEADQUARTERS CA US,20180921,-9999,-9999,0
GHCND:USC00049855,YOSEMITE PARK HEADQUARTERS CA US,20180922,-9999,-9999,0
GHCND:USC00049855,YOSEMITE PARK HEADQUARTERS CA US,20180923,-9999,-9999,0
GHCND:USC00049855,YOSEMITE PARK HEADQUARTERS CA US,20180924,-9999,-9999,0
GHCND:USC00049855,YOSEMITE PARK HEADQUARTERS CA US,20180925,-9999,-9999,0
GHCND:USC00049855,YOSEMITE PARK HEADQUARTERS CA US,20180926,-9999,-9999,0
GHCND:USC00049855,YOSEMITE PARK HEADQUARTERS CA US,20180927,-9999,-9999,0
GHCND:USC00049855,YOSEMITE PARK HEADQUARTERS CA US,20180928,-9999,-9999,0
GHCND:USC00049855,YOSEMITE PARK HEADQUARTERS CA US,20180929,-9999,-9999,0
GHCND:USC00049855,YOSEMITE PARK HEADQUARTERS CA US,20180930,-9999,-9999,0
GHCND:USC00049855,YOSEMITE PARK HEADQUARTERS CA US,20181001,-9999,-9999,0
GHCND:USC00049855,YOSEMITE PARK HEADQUARTERS CA US,20181002,-9999,-9999,0.13
GHCND:USC00049855,YOSEMITE PARK HEADQUARTERS CA US,20181003,-9999,-9999,0.36
GHCND:USC00049855,YOSEMITE PARK HEADQUARTERS CA US,20181004,-9999,-9999,0.67
GHCND:USC00049855,YOSEMITE PARK HEADQUARTERS CA US,20181005,-9999,-9999,0.05
GHCND:USC00049855,YOSEMITE PARK HEADQUARTERS CA US,20181006,-9999,-9999,0.02
GHCND:USC00049855,YOSEMITE PARK HEADQUARTERS CA US,20181008,0.02,2,-9999
GHCND:USC00049855,YOSEMITE PARK HEADQUARTERS CA US,20181009,-9999,-9999,0
GHCND:USC00049855,YOSEMITE PARK HEADQUARTERS CA US,20181010,-9999,-9999,0
GHCND:USC00049855,YOSEMITE PARK HEADQUARTERS CA US,20181011,-9999,-9999,0
GHCND:USC00049855,YOSEMITE PARK HEADQUARTERS CA US,20181012,-9999,-9999,0
GHCND:USC00049855,YOSEMITE PARK HEADQUARTERS CA US,20181013,-9999,-9999,0
GHCND:USC00049855,YOSEMITE PARK HEADQUARTERS CA US,20181014,-9999,-9999,0
GHCND:USC00049855,YOSEMITE PARK HEADQUARTERS CA US,20181015,-9999,-9999,0
GHCND:USC00049855,YOSEMITE PARK HEADQUARTERS CA US,20181016,-9999,-9999,0
GHCND:USC00049855,YOSEMITE PARK HEADQUARTERS CA US,20181017,-9999,-9999,0
GHCND:USC00049855,YOSEMITE PARK HEADQUARTERS CA US,20181018,-9999,-9999,0
GHCND:USC00049855,YOSEMITE PARK HEADQUARTERS CA US,20181019,-9999,-9999,0
GHCND:USC00049855,YOSEMITE PARK HEADQUARTERS CA US,20181020,-9999,-9999,0
GHCND:USC00049855,YOSEMITE PARK HEADQUARTERS CA US,20181021,-9999,-9999,0
GHCND:USC00049855,YOSEMITE PARK HEADQUARTERS CA US,20181022,-9999,-9999,0
GHCND:USC00049855,YOSEMITE PARK HEADQUARTERS CA US,20181023,-9999,-9999,0
GHCND:USC00049855,YOSEMITE PARK HEADQUARTERS CA US,20181024,-9999,-9999,0
GHCND:USC00049855,YOSEMITE PARK HEADQUARTERS CA US,20181025,-9999,-9999,0
GHCND:USC00049855,YOSEMITE PARK HEADQUARTERS CA US,20181026,-9999,-9999,0
GHCND:USC00049855,YOSEMITE PARK HEADQUARTERS CA US,20181027,-9999,-9999,0
GHCND:USC00049855,YOSEMITE PARK HEADQUARTERS CA US,20181028,-9999,-9999,0
GHCND:USC00049855,YOSEMITE PARK HEADQUARTERS CA US,20181029,-9999,-9999,0
GHCND:USC00049855,YOSEMITE PARK HEADQUARTERS CA US,20181030,-9999,-9999,0.03
GHCND:USC00049855,YOSEMITE PARK HEADQUARTERS CA US,20181031,-9999,-9999,0
GHCND:USC00049855,YOSEMITE PARK HEADQUARTERS CA US,20181102,-9999,-9999,0
GHCND:USC00049855,YOSEMITE PARK HEADQUARTERS CA US,20181103,-9999,-9999,0
GHCND:USC00049855,YOSEMITE PARK HEADQUARTERS CA US,20181104,-9999,-9999,0
GHCND:USC00049855,YOSEMITE PARK HEADQUARTERS CA US,20181105,-9999,-9999,0
GHCND:USC00049855,YOSEMITE PARK HEADQUARTERS CA US,20181106,-9999,-9999,0
GHCND:USC00049855,YOSEMITE PARK HEADQUARTERS CA US,20181107,-9999,-9999,0
GHCND:USC00049855,YOSEMITE PARK HEADQUARTERS CA US,20181108,-9999,-9999,0
GHCND:USC00049855,YOSEMITE PARK HEADQUARTERS CA US,20181109,-9999,-9999,0
GHCND:USC00049855,YOSEMITE PARK HEADQUARTERS CA US,20181110,-9999,-9999,0
GHCND:USC00049855,YOSEMITE PARK HEADQUARTERS CA US,20181111,-9999,-9999,0
GHCND:USC00049855,YOSEMITE PARK HEADQUARTERS CA US,20181115,-9999,-9999,0
GHCND:USC00049855,YOSEMITE PARK HEADQUARTERS CA US,20181116,-9999,-9999,0
GHCND:USC00049855,YOSEMITE PARK HEADQUARTERS CA US,20181117,-9999,-9999,0
GHCND:USC00049855,YOSEMITE PARK HEADQUARTERS CA US,20181118,-9999,-9999,0
GHCND:USC00049855,YOSEMITE PARK HEADQUARTERS CA US,20181122,-9999,-9999,1.37
GHCND:USC00049855,YOSEMITE PARK HEADQUARTERS CA US,20181124,-9999,-9999,1.09
GHCND:USC00049855,YOSEMITE PARK HEADQUARTERS CA US,20181126,-9999,-9999,0
GHCND:USC00049855,YOSEMITE PARK HEADQUARTERS CA US,20181128,-9999,-9999,1.04
GHCND:USC00049855,YOSEMITE PARK HEADQUARTERS CA US,20181129,-9999,-9999,1.6
GHCND:USC00049855,YOSEMITE PARK HEADQUARTERS CA US,20181201,-9999,-9999,0.53
GHCND:USC00049855,YOSEMITE PARK HEADQUARTERS CA US,20181203,-9999,-9999,0
GHCND:USC00049855,YOSEMITE PARK HEADQUARTERS CA US,20181204,-9999,-9999,0
GHCND:USC00049855,YOSEMITE PARK HEADQUARTERS CA US,20181205,-9999,-9999,0
GHCND:USC00049855,YOSEMITE PARK HEADQUARTERS CA US,20181206,-9999,-9999,0.08
GHCND:USC00049855,YOSEMITE PARK HEADQUARTERS CA US,20181208,-9999,-9999,0
GHCND:USC00049855,YOSEMITE PARK HEADQUARTERS CA US,20181209,-9999,-9999,0
GHCND:USC00049855,YOSEMITE PARK HEADQUARTERS CA US,20181210,-9999,-9999,0
GHCND:USC00049855,YOSEMITE PARK HEADQUARTERS CA US,20181213,-9999,-9999,0
GHCND:USC00049855,YOSEMITE PARK HEADQUARTERS CA US,20181215,-9999,-9999,0
GHCND:USC00049855,YOSEMITE PARK HEADQUARTERS CA US,20181217,-9999,-9999,0.35
GHCND:USC00049855,YOSEMITE PARK HEADQUARTERS CA US,20181218,-9999,-9999,0.23
GHCND:USC00049855,YOSEMITE PARK HEADQUARTERS CA US,20181220,-9999,-9999,0
GHCND:USC00049855,YOSEMITE PARK HEADQUARTERS CA US,20181221,-9999,-9999,0.1
GHCND:USC00049855,YOSEMITE PARK HEADQUARTERS CA US,20181222,-9999,-9999,0
GHCND:USC00049855,YOSEMITE PARK HEADQUARTERS CA US,20181224,-9999,-9999,0
GHCND:USC00049855,YOSEMITE PARK HEADQUARTERS CA US,20181225,-9999,-9999,0.87
GHCND:USC00049855,YOSEMITE PARK HEADQUARTERS CA US,20181227,-9999,-9999,0
GHCND:USC00049855,YOSEMITE PARK HEADQUARTERS CA US,20181228,-9999,-9999,0
GHCND:USC00049855,YOSEMITE PARK HEADQUARTERS CA US,20190101,-9999,-9999,0
GHCND:USC00049855,YOSEMITE PARK HEADQUARTERS CA US,20190102,-9999,-9999,0
GHCND:USC00049855,YOSEMITE PARK HEADQUARTERS CA US,20190103,-9999,-9999,0
GHCND:USC00049855,YOSEMITE PARK HEADQUARTERS CA US,20190104,-9999,-9999,0
GHCND:USC00049855,YOSEMITE PARK HEADQUARTERS CA US,20190105,-9999,-9999,0
GHCND:USC00049855,YOSEMITE PARK HEADQUARTERS CA US,20190109,2.24,4,-9999
GHCND:USC00049855,YOSEMITE PARK HEADQUARTERS CA US,20190110,-9999,-9999,0.16
GHCND:USC00049855,YOSEMITE PARK HEADQUARTERS CA US,20190111,-9999,-9999,0
GHCND:USC00049855,YOSEMITE PARK HEADQUARTERS CA US,20190112,-9999,-9999,0
GHCND:USC00049855,YOSEMITE PARK HEADQUARTERS CA US,20190113,-9999,-9999,0
GHCND:USC00049855,YOSEMITE PARK HEADQUARTERS CA US,20190114,-9999,-9999,0
GHCND:USC00049855,YOSEMITE PARK HEADQUARTERS CA US,20190115,-9999,-9999,0.1
GHCND:USC00049855,YOSEMITE PARK HEADQUARTERS CA US,20190117,3.02,2,-9999
GHCND:USC00049855,YOSEMITE PARK HEADQUARTERS CA US,20190118,-9999,-9999,0.6
GHCND:USC00049855,YOSEMITE PARK HEADQUARTERS CA US,20190119,-9999,-9999,0.01
GHCND:USC00049855,YOSEMITE PARK HEADQUARTERS CA US,20190120,-9999,-9999,0
GHCND:USC00049855,YOSEMITE PARK HEADQUARTERS CA US,20190121,-9999,-9999,1.17
GHCND:USC00049855,YOSEMITE PARK HEADQUARTERS CA US,20190122,-9999,-9999,0
GHCND:USC00049855,YOSEMITE PARK HEADQUARTERS CA US,20190123,-9999,-9999,0
GHCND:USC00049855,YOSEMITE PARK HEADQUARTERS CA US,20190124,-9999,-9999,0
GHCND:USC00049855,YOSEMITE PARK HEADQUARTERS CA US,20190125,-9999,-9999,0
GHCND:USC00049855,YOSEMITE PARK HEADQUARTERS CA US,20190126,-9999,-9999,0
GHCND:USC00049855,YOSEMITE PARK HEADQUARTERS CA US,20190127,-9999,-9999,0
GHCND:USC00049855,YOSEMITE PARK HEADQUARTERS CA US,20190128,-9999,-9999,0
GHCND:USC00049855,YOSEMITE PARK HEADQUARTERS CA US,20190129,-9999,-9999,0
GHCND:USC00049855,YOSEMITE PARK HEADQUARTERS CA US,20190130,-9999,-9999,0
GHCND:USC00049855,YOSEMITE PARK HEADQUARTERS CA US,20190201,-9999,-9999,0
GHCND:USC00049855,YOSEMITE PARK HEADQUARTERS CA US,20190202,-9999,-9999,1.91
GHCND:USC00049855,YOSEMITE PARK HEADQUARTERS CA US,20190203,-9999,-9999,2.19
GHCND:USC00049855,YOSEMITE PARK HEADQUARTERS CA US,20190205,-9999,-9999,1.78
GHCND:USC00049855,YOSEMITE PARK HEADQUARTERS CA US,20190206,-9999,-9999,0.45
GHCND:USC00049855,YOSEMITE PARK HEADQUARTERS CA US,20190207,-9999,-9999,0
GHCND:USC00049855,YOSEMITE PARK HEADQUARTERS CA US,20190208,-9999,-9999,0
GHCND:USC00049855,YOSEMITE PARK HEADQUARTERS CA US,20190209,-9999,-9999,0.45
GHCND:USC00049855,YOSEMITE PARK HEADQUARTERS CA US,20190210,-9999,-9999,1.38
GHCND:USC00049855,YOSEMITE PARK HEADQUARTERS CA US,20190211,-9999,-9999,0.09
GHCND:USC00049855,YOSEMITE PARK HEADQUARTERS CA US,20190212,-9999,-9999,0
GHCND:USC00049855,YOSEMITE PARK HEADQUARTERS CA US,20190213,-9999,-9999,0.65
GHCND:USC00049855,YOSEMITE PARK HEADQUARTERS CA US,20190214,-9999,-9999,1.75
GHCND:USC00049855,YOSEMITE PARK HEADQUARTERS CA US,20190215,-9999,-9999,2.12
GHCND:USC00049855,YOSEMITE PARK HEADQUARTERS CA US,20190216,-9999,-9999,0.54
GHCND:USC00049855,YOSEMITE PARK HEADQUARTERS CA US,20190217,-9999,-9999,0.28
GHCND:USC00049855,YOSEMITE PARK HEADQUARTERS CA US,20190218,-9999,-9999,0.09
GHCND:USC00049855,YOSEMITE PARK HEADQUARTERS CA US,20190219,-9999,-9999,0
GHCND:USC00049855,YOSEMITE PARK HEADQUARTERS CA US,20190220,-9999,-9999,0
GHCND:USC00049855,YOSEMITE PARK HEADQUARTERS CA US,20190221,-9999,-9999,0.09
GHCND:USC00049855,YOSEMITE PARK HEADQUARTERS CA US,20190222,-9999,-9999,0
GHCND:USC00049855,YOSEMITE PARK HEADQUARTERS CA US,20190225,-9999,-9999,0
GHCND:USC00049855,YOSEMITE PARK HEADQUARTERS CA US,20190226,-9999,-9999,0
GHCND:USC00049855,YOSEMITE PARK HEADQUARTERS CA US,20190227,-9999,-9999,0.37
GHCND:USC00049855,YOSEMITE PARK HEADQUARTERS CA US,20190301,0.1,2,-9999
GHCND:USC00049855,YOSEMITE PARK HEADQUARTERS CA US,20190303,-9999,-9999,1.08
GHCND:USC00049855,YOSEMITE PARK HEADQUARTERS CA US,20190304,-9999,-9999,0.06
GHCND:USC00049855,YOSEMITE PARK HEADQUARTERS CA US,20190305,-9999,-9999,0
GHCND:USC00049855,YOSEMITE PARK HEADQUARTERS CA US,20190306,-9999,-9999,1.21
GHCND:USC00049855,YOSEMITE PARK HEADQUARTERS CA US,20190307,-9999,-9999,0.4
GHCND:USC00049855,YOSEMITE PARK HEADQUARTERS CA US,20190309,0.13,2,-9999
GHCND:USC00049855,YOSEMITE PARK HEADQUARTERS CA US,20190311,-9999,-9999,0
GHCND:USC00049855,YOSEMITE PARK HEADQUARTERS CA US,20190312,-9999,-9999,0
GHCND:USC00049855,YOSEMITE PARK HEADQUARTERS CA US,20190313,-9999,-9999,0.08
GHCND:USC00049855,YOSEMITE PARK HEADQUARTERS CA US,20190314,-9999,-9999,0
GHCND:USC00049855,YOSEMITE PARK HEADQUARTERS CA US,20190315,-9999,-9999,0
GHCND:USC00049855,YOSEMITE PARK HEADQUARTERS CA US,20190317,-9999,-9999,0
GHCND:USC00049855,YOSEMITE PARK HEADQUARTERS CA US,20190319,-9999,-9999,0
GHCND:USC00049855,YOSEMITE PARK HEADQUARTERS CA US,20190320,-9999,-9999,0.33
GHCND:USC00049855,YOSEMITE PARK HEADQUARTERS CA US,20190322,-9999,-9999,0.02
GHCND:USC00049855,YOSEMITE PARK HEADQUARTERS CA US,20190323,-9999,-9999,0.24
GHCND:USC00049855,YOSEMITE PARK HEADQUARTERS CA US,20190324,-9999,-9999,0.21
GHCND:USC00049855,YOSEMITE PARK HEADQUARTERS CA US,20190325,-9999,-9999,0.01
GHCND:USC00049855,YOSEMITE PARK HEADQUARTERS CA US,20190326,-9999,-9999,0
GHCND:USC00049855,YOSEMITE PARK HEADQUARTERS CA US,20190327,-9999,-9999,0.23
GHCND:USC00049855,YOSEMITE PARK HEADQUARTERS CA US,20190328,-9999,-9999,1.22
GHCND:USC00049855,YOSEMITE PARK HEADQUARTERS CA US,20190331,-9999,-9999,0
GHCND:USC00049855,YOSEMITE PARK HEADQUARTERS CA US,20190401,-9999,-9999,0
GHCND:USC00049855,YOSEMITE PARK HEADQUARTERS CA US,20190402,-9999,-9999,0.31
GHCND:USC00049855,YOSEMITE PARK HEADQUARTERS CA US,20190403,-9999,-9999,0.74
GHCND:USC00049855,YOSEMITE PARK HEADQUARTERS CA US,20190404,-9999,-9999,0
GHCND:USC00049855,YOSEMITE PARK HEADQUARTERS CA US,20190405,-9999,-9999,0.04
GHCND:USC00049855,YOSEMITE PARK HEADQUARTERS CA US,20190406,-9999,-9999,0
GHCND:USC00049855,YOSEMITE PARK HEADQUARTERS CA US,20190407,-9999,-9999,0.19
GHCND:USC00049855,YOSEMITE PARK HEADQUARTERS CA US,20190408,-9999,-9999,0
GHCND:USC00049855,YOSEMITE PARK HEADQUARTERS CA US,20190409,-9999,-9999,0.12
GHCND:USC00049855,YOSEMITE PARK HEADQUARTERS CA US,20190410,-9999,-9999,0.02
GHCND:USC00049855,YOSEMITE PARK HEADQUARTERS CA US,20190411,-9999,-9999,0
GHCND:USC00049855,YOSEMITE PARK HEADQUARTERS CA US,20190412,-9999,-9999,0
GHCND:USC00049855,YOSEMITE PARK HEADQUARTERS CA US,20190413,-9999,-9999,0
GHCND:USC00049855,YOSEMITE PARK HEADQUARTERS CA US,20190414,-9999,-9999,0
GHCND:USC00049855,YOSEMITE PARK HEADQUARTERS CA US,20190415,-9999,-9999,0
GHCND:USC00049855,YOSEMITE PARK HEADQUARTERS CA US,20190416,-9999,-9999,0.56
GHCND:USC00049855,YOSEMITE PARK HEADQUARTERS CA US,20190417,-9999,-9999,0.15
GHCND:USC00049855,YOSEMITE PARK HEADQUARTERS CA US,20190418,-9999,-9999,0
GHCND:USC00049855,YOSEMITE PARK HEADQUARTERS CA US,20190419,-9999,-9999,0
GHCND:USC00049855,YOSEMITE PARK HEADQUARTERS CA US,20190420,-9999,-9999,0
GHCND:USC00049855,YOSEMITE PARK HEADQUARTERS CA US,20190421,-9999,-9999,0.05
GHCND:USC00049855,YOSEMITE PARK HEADQUARTERS CA US,20190422,-9999,-9999,0
GHCND:USC00049855,YOSEMITE PARK HEADQUARTERS CA US,20190423,-9999,-9999,0
GHCND:USC00049855,YOSEMITE PARK HEADQUARTERS CA US,20190424,-9999,-9999,0
GHCND:USC00049855,YOSEMITE PARK HEADQUARTERS CA US,20190425,-9999,-9999,0
GHCND:USC00049855,YOSEMITE PARK HEADQUARTERS CA US,20190426,-9999,-9999,0
GHCND:USC00049855,YOSEMITE PARK HEADQUARTERS CA US,20190427,-9999,-9999,0
GHCND:USC00049855,YOSEMITE PARK HEADQUARTERS CA US,20190428,-9999,-9999,0
GHCND:USC00049855,YOSEMITE PARK HEADQUARTERS CA US,20190429,-9999,-9999,0
GHCND:USC00049855,YOSEMITE PARK HEADQUARTERS CA US,20190430,-9999,-9999,0
GHCND:USC00049855,YOSEMITE PARK HEADQUARTERS CA US,20190501,-9999,-9999,0
GHCND:USC00049855,YOSEMITE PARK HEADQUARTERS CA US,20190502,-9999,-9999,0
GHCND:USC00049855,YOSEMITE PARK HEADQUARTERS CA US,20190503,-9999,-9999,0
GHCND:USC00049855,YOSEMITE PARK HEADQUARTERS CA US,20190504,-9999,-9999,0
GHCND:USC00049855,YOSEMITE PARK HEADQUARTERS CA US,20190505,-9999,-9999,0
GHCND:USC00049855,YOSEMITE PARK HEADQUARTERS CA US,20190506,-9999,-9999,0
GHCND:USC00049855,YOSEMITE PARK HEADQUARTERS CA US,20190507,-9999,-9999,1
GHCND:USC00049855,YOSEMITE PARK HEADQUARTERS CA US,20190508,-9999,-9999,0.05
GHCND:USC00049855,YOSEMITE PARK HEADQUARTERS CA US,20190509,-9999,-9999,0
GHCND:USC00049855,YOSEMITE PARK HEADQUARTERS CA US,20190510,-9999,-9999,0.25
GHCND:USC00049855,YOSEMITE PARK HEADQUARTERS CA US,20190511,-9999,-9999,0
GHCND:USC00049855,YOSEMITE PARK HEADQUARTERS CA US,20190512,-9999,-9999,0
GHCND:USC00049855,YOSEMITE PARK HEADQUARTERS CA US,20190513,-9999,-9999,0
GHCND:USC00049855,YOSEMITE PARK HEADQUARTERS CA US,20190514,-9999,-9999,0
GHCND:USC00049855,YOSEMITE PARK HEADQUARTERS CA US,20190515,-9999,-9999,0
GHCND:USC00049855,YOSEMITE PARK HEADQUARTERS CA US,20190516,-9999,-9999,1.01
GHCND:USC00049855,YOSEMITE PARK HEADQUARTERS CA US,20190517,-9999,-9999,0.53
GHCND:USC00049855,YOSEMITE PARK HEADQUARTERS CA US,20190518,-9999,-9999,0.01
GHCND:USC00049855,YOSEMITE PARK HEADQUARTERS CA US,20190519,-9999,-9999,0.51
GHCND:USC00049855,YOSEMITE PARK HEADQUARTERS CA US,20190520,-9999,-9999,0.3
GHCND:USC00049855,YOSEMITE PARK HEADQUARTERS CA US,20190521,-9999,-9999,0.14
GHCND:USC00049855,YOSEMITE PARK HEADQUARTERS CA US,20190522,-9999,-9999,0.43
GHCND:USC00049855,YOSEMITE PARK HEADQUARTERS CA US,20190523,-9999,-9999,0.02
GHCND:USC00049855,YOSEMITE PARK HEADQUARTERS CA US,20190524,-9999,-9999,0.18
GHCND:USC00049855,YOSEMITE PARK HEADQUARTERS CA US,20190525,-9999,-9999,0.15
GHCND:USC00049855,YOSEMITE PARK HEADQUARTERS CA US,20190526,-9999,-9999,0.23
GHCND:USC00049855,YOSEMITE PARK HEADQUARTERS CA US,20190527,-9999,-9999,0.38
GHCND:USC00049855,YOSEMITE PARK HEADQUARTERS CA US,20190528,-9999,-9999,0.01
GHCND:USC00049855,YOSEMITE PARK HEADQUARTERS CA US,20190529,-9999,-9999,0
GHCND:USC00049855,YOSEMITE PARK HEADQUARTERS CA US,20190530,-9999,-9999,0.02
GHCND:USC00049855,YOSEMITE PARK HEADQUARTERS CA US,20190531,-9999,-9999,0.12
GHCND:USC00049855,YOSEMITE PARK HEADQUARTERS CA US,20190601,-9999,-9999,0.06
GHCND:USC00049855,YOSEMITE PARK HEADQUARTERS CA US,20190602,-9999,-9999,0
GHCND:USC00049855,YOSEMITE PARK HEADQUARTERS CA US,20190603,-9999,-9999,0.11
GHCND:USC00049855,YOSEMITE PARK HEADQUARTERS CA US,20190604,-9999,-9999,0
GHCND:USC00049855,YOSEMITE PARK HEADQUARTERS CA US,20190605,-9999,-9999,0
GHCND:USC00049855,YOSEMITE PARK HEADQUARTERS CA US,20190606,-9999,-9999,0
GHCND:USC00049855,YOSEMITE PARK HEADQUARTERS CA US,20190607,-9999,-9999,0
GHCND:USC00049855,YOSEMITE PARK HEADQUARTERS CA US,20190608,-9999,-9999,0
GHCND:USC00049855,YOSEMITE PARK HEADQUARTERS CA US,20190609,-9999,-9999,0
GHCND:USC00049855,YOSEMITE PARK HEADQUARTERS CA US,20190610,-9999,-9999,0
GHCND:USC00049855,YOSEMITE PARK HEADQUARTERS CA US,20190611,-9999,-9999,0
GHCND:USC00049855,YOSEMITE PARK HEADQUARTERS CA US,20190612,-9999,-9999,0
GHCND:USC00049855,YOSEMITE PARK HEADQUARTERS CA US,20190613,-9999,-9999,0
GHCND:USC00049855,YOSEMITE PARK HEADQUARTERS CA US,20190614,-9999,-9999,0
GHCND:USC00049855,YOSEMITE PARK HEADQUARTERS CA US,20190615,-9999,-9999,0
GHCND:USC00049855,YOSEMITE PARK HEADQUARTERS CA US,20190616,-9999,-9999,0
GHCND:USC00049855,YOSEMITE PARK HEADQUARTERS CA US,20190617,-9999,-9999,0
GHCND:USC00049855,YOSEMITE PARK HEADQUARTERS CA US,20190618,-9999,-9999,0
GHCND:USC00049855,YOSEMITE PARK HEADQUARTERS CA US,20190619,-9999,-9999,0
GHCND:USC00049855,YOSEMITE PARK HEADQUARTERS CA US,20190620,-9999,-9999,0
GHCND:USC00049855,YOSEMITE PARK HEADQUARTERS CA US,20190621,-9999,-9999,0
GHCND:USC00049855,YOSEMITE PARK HEADQUARTERS CA US,20190622,-9999,-9999,0
GHCND:USC00049855,YOSEMITE PARK HEADQUARTERS CA US,20190623,-9999,-9999,0
GHCND:USC00049855,YOSEMITE PARK HEADQUARTERS CA US,20190624,-9999,-9999,0
GHCND:USC00049855,YOSEMITE PARK HEADQUARTERS CA US,20190625,-9999,-9999,0
GHCND:USC00049855,YOSEMITE PARK HEADQUARTERS CA US,20190626,-9999,-9999,0
GHCND:USC00049855,YOSEMITE PARK HEADQUARTERS CA US,20190627,-9999,-9999,0
GHCND:USC00049855,YOSEMITE PARK HEADQUARTERS CA US,20190628,-9999,-9999,0
GHCND:USC00049855,YOSEMITE PARK HEADQUARTERS CA US,20190629,-9999,-9999,0
GHCND:USC00049855,YOSEMITE PARK HEADQUARTERS CA US,20190630,-9999,-9999,0
GHCND:USC00049855,YOSEMITE PARK HEADQUARTERS CA US,20190701,-9999,-9999,0
GHCND:USC00049855,YOSEMITE PARK HEADQUARTERS CA US,20190702,-9999,-9999,0
GHCND:USC00049855,YOSEMITE PARK HEADQUARTERS CA US,20190703,-9999,-9999,0
GHCND:USC00049855,YOSEMITE PARK HEADQUARTERS CA US,20190704,-9999,-9999,0
GHCND:USC00049855,YOSEMITE PARK HEADQUARTERS CA US,20190705,-9999,-9999,0
GHCND:USC00049855,YOSEMITE PARK HEADQUARTERS CA US,20190706,-9999,-9999,0
GHCND:USC00049855,YOSEMITE PARK HEADQUARTERS CA US,20190707,-9999,-9999,0
GHCND:USC00049855,YOSEMITE PARK HEADQUARTERS CA US,20190708,-9999,-9999,0
GHCND:USC00049855,YOSEMITE PARK HEADQUARTERS CA US,20190709,-9999,-9999,0
GHCND:USC00049855,YOSEMITE PARK HEADQUARTERS CA US,20190710,-9999,-9999,0
GHCND:USC00049855,YOSEMITE PARK HEADQUARTERS CA US,20190711,-9999,-9999,0
GHCND:USC00049855,YOSEMITE PARK HEADQUARTERS CA US,20190712,-9999,-9999,0
GHCND:USC00049855,YOSEMITE PARK HEADQUARTERS CA US,20190713,-9999,-9999,0
GHCND:USC00049855,YOSEMITE PARK HEADQUARTERS CA US,20190714,-9999,-9999,0
GHCND:USC00049855,YOSEMITE PARK HEADQUARTERS CA US,20190715,-9999,-9999,0
GHCND:USC00049855,YOSEMITE PARK HEADQUARTERS CA US,20190716,-9999,-9999,0
GHCND:USC00049855,YOSEMITE PARK HEADQUARTERS CA US,20190717,-9999,-9999,0
GHCND:USC00049855,YOSEMITE PARK HEADQUARTERS CA US,20190718,-9999,-9999,0
GHCND:USC00049855,YOSEMITE PARK HEADQUARTERS CA US,20190719,-9999,-9999,0
GHCND:USC00049855,YOSEMITE PARK HEADQUARTERS CA US,20190720,-9999,-9999,0
GHCND:USC00049855,YOSEMITE PARK HEADQUARTERS CA US,20190721,-9999,-9999,0
GHCND:USC00049855,YOSEMITE PARK HEADQUARTERS CA US,20190722,-9999,-9999,0
GHCND:USC00049855,YOSEMITE PARK HEADQUARTERS CA US,20190723,-9999,-9999,0
GHCND:USC00049855,YOSEMITE PARK HEADQUARTERS CA US,20190724,-9999,-9999,0
GHCND:USC00049855,YOSEMITE PARK HEADQUARTERS CA US,20190725,-9999,-9999,0
GHCND:USC00049855,YOSEMITE PARK HEADQUARTERS CA US,20190726,-9999,-9999,0
GHCND:USC00049855,YOSEMITE PARK HEADQUARTERS CA US,20190727,-9999,-9999,0
GHCND:USC00049855,YOSEMITE PARK HEADQUARTERS CA US,20190728,-9999,-9999,0
GHCND:USC00049855,YOSEMITE PARK HEADQUARTERS CA US,20190729,-9999,-9999,0
GHCND:USC00049855,YOSEMITE PARK HEADQUARTERS CA US,20190730,-9999,-9999,0
GHCND:USC00049855,YOSEMITE PARK HEADQUARTERS CA US,20190731,-9999,-9999,0
GHCND:USC00049855,YOSEMITE PARK HEADQUARTERS CA US,20190801,-9999,-9999,0
GHCND:USC00049855,YOSEMITE PARK HEADQUARTERS CA US,20190802,-9999,-9999,0
GHCND:USC00049855,YOSEMITE PARK HEADQUARTERS CA US,20190803,-9999,-9999,0
GHCND:USC00049855,YOSEMITE PARK HEADQUARTERS CA US,20190804,-9999,-9999,0
GHCND:USC00049855,YOSEMITE PARK HEADQUARTERS CA US,20190805,-9999,-9999,0
GHCND:USC00049855,YOSEMITE PARK HEADQUARTERS CA US,20190806,-9999,-9999,0
GHCND:USC00049855,YOSEMITE PARK HEADQUARTERS CA US,20190807,-9999,-9999,0
GHCND:USC00049855,YOSEMITE PARK HEADQUARTERS CA US,20190808,-9999,-9999,0
GHCND:USC00049855,YOSEMITE PARK HEADQUARTERS CA US,20190809,-9999,-9999,0
GHCND:USC00049855,YOSEMITE PARK HEADQUARTERS CA US,20190810,-9999,-9999,0
GHCND:USC00049855,YOSEMITE PARK HEADQUARTERS CA US,20190811,-9999,-9999,0
GHCND:USC00049855,YOSEMITE PARK HEADQUARTERS CA US,20190812,-9999,-9999,0
GHCND:USC00049855,YOSEMITE PARK HEADQUARTERS CA US,20190813,-9999,-9999,0
GHCND:USC00049855,YOSEMITE PARK HEADQUARTERS CA US,20190814,-9999,-9999,0
GHCND:USC00049855,YOSEMITE PARK HEADQUARTERS CA US,20190815,-9999,-9999,0
GHCND:USC00049855,YOSEMITE PARK HEADQUARTERS CA US,20190816,-9999,-9999,0
GHCND:USC00049855,YOSEMITE PARK HEADQUARTERS CA US,20190817,-9999,-9999,0
GHCND:USC00049855,YOSEMITE PARK HEADQUARTERS CA US,20190818,-9999,-9999,0
GHCND:USC00049855,YOSEMITE PARK HEADQUARTERS CA US,20190819,-9999,-9999,0
GHCND:USC00049855,YOSEMITE PARK HEADQUARTERS CA US,20190820,-9999,-9999,0
GHCND:USC00049855,YOSEMITE PARK HEADQUARTERS CA US,20190821,-9999,-9999,0
GHCND:USC00049855,YOSEMITE PARK HEADQUARTERS CA US,20190822,-9999,-9999,0
GHCND:USC00049855,YOSEMITE PARK HEADQUARTERS CA US,20190823,-9999,-9999,0
GHCND:USC00049855,YOSEMITE PARK HEADQUARTERS CA US,20190824,-9999,-9999,0
GHCND:USC00049855,YOSEMITE PARK HEADQUARTERS CA US,20190825,-9999,-9999,0
GHCND:USC00049855,YOSEMITE PARK HEADQUARTERS CA US,20190826,-9999,-9999,0
GHCND:USC00049855,YOSEMITE PARK HEADQUARTERS CA US,20190827,-9999,-9999,0
GHCND:USC00049855,YOSEMITE PARK HEADQUARTERS CA US,20190828,-9999,-9999,0
GHCND:USC00049855,YOSEMITE PARK HEADQUARTERS CA US,20190829,-9999,-9999,0
GHCND:USC00049855,YOSEMITE PARK HEADQUARTERS CA US,20190830,-9999,-9999,0
GHCND:USC00049855,YOSEMITE PARK HEADQUARTERS CA US,20190831,-9999,-9999,0
GHCND:USC00049855,YOSEMITE PARK HEADQUARTERS CA US,20190901,-9999,-9999,0
GHCND:USC00049855,YOSEMITE PARK HEADQUARTERS CA US,20190902,-9999,-9999,0
GHCND:USC00049855,YOSEMITE PARK HEADQUARTERS CA US,20190903,-9999,-9999,0
GHCND:USC00049855,YOSEMITE PARK HEADQUARTERS CA US,20190904,-9999,-9999,0
GHCND:USC00049855,YOSEMITE PARK HEADQUARTERS CA US,20190905,-9999,-9999,0
GHCND:USC00049855,YOSEMITE PARK HEADQUARTERS CA US,20190906,-9999,-9999,0
GHCND:USC00049855,YOSEMITE PARK HEADQUARTERS CA US,20190907,-9999,-9999,0
GHCND:USC00049855,YOSEMITE PARK HEADQUARTERS CA US,20190908,-9999,-9999,0
GHCND:USC00049855,YOSEMITE PARK HEADQUARTERS CA US,20190909,-9999,-9999,0
GHCND:USC00049855,YOSEMITE PARK HEADQUARTERS CA US,20190910,-9999,-9999,0
GHCND:USC00049855,YOSEMITE PARK HEADQUARTERS CA US,20190911,-9999,-9999,0
GHCND:USC00049855,YOSEMITE PARK HEADQUARTERS CA US,20190912,-9999,-9999,0
GHCND:USC00049855,YOSEMITE PARK HEADQUARTERS CA US,20190913,-9999,-9999,0
GHCND:USC00049855,YOSEMITE PARK HEADQUARTERS CA US,20190914,-9999,-9999,0
GHCND:USC00049855,YOSEMITE PARK HEADQUARTERS CA US,20190915,-9999,-9999,0
GHCND:USC00049855,YOSEMITE PARK HEADQUARTERS CA US,20190916,-9999,-9999,0
GHCND:USC00049855,YOSEMITE PARK HEADQUARTERS CA US,20190917,-9999,-9999,0.03
GHCND:USC00049855,YOSEMITE PARK HEADQUARTERS CA US,20190918,-9999,-9999,0
GHCND:USC00049855,YOSEMITE PARK HEADQUARTERS CA US,20190919,-9999,-9999,0
GHCND:USC00049855,YOSEMITE PARK HEADQUARTERS CA US,20190920,-9999,-9999,0
GHCND:USC00049855,YOSEMITE PARK HEADQUARTERS CA US,20190921,-9999,-9999,0
GHCND:USC00049855,YOSEMITE PARK HEADQUARTERS CA US,20190922,-9999,-9999,0
GHCND:USC00049855,YOSEMITE PARK HEADQUARTERS CA US,20190923,-9999,-9999,0
GHCND:USC00049855,YOSEMITE PARK HEADQUARTERS CA US,20190924,-9999,-9999,0
GHCND:USC00049855,YOSEMITE PARK HEADQUARTERS CA US,20190925,-9999,-9999,0
GHCND:USC00049855,YOSEMITE PARK HEADQUARTERS CA US,20190926,-9999,-9999,0
GHCND:USC00049855,YOSEMITE PARK HEADQUARTERS CA US,20190927,-9999,-9999,0
GHCND:USC00049855,YOSEMITE PARK HEADQUARTERS CA US,20190928,-9999,-9999,0
GHCND:USC00049855,YOSEMITE PARK HEADQUARTERS CA US,20190929,-9999,-9999,0.03
GHCND:USC00049855,YOSEMITE PARK HEADQUARTERS CA US,20190930,-9999,-9999,0
GHCND:USC00049855,YOSEMITE PARK HEADQUARTERS CA US,20191001,-9999,-9999,0
GHCND:USC00049855,YOSEMITE PARK HEADQUARTERS CA US,20191002,-9999,-9999,0
GHCND:USC00049855,YOSEMITE PARK HEADQUARTERS CA US,20191003,-9999,-9999,0
GHCND:USC00049855,YOSEMITE PARK HEADQUARTERS CA US,20191004,-9999,-9999,0
GHCND:USC00049855,YOSEMITE PARK HEADQUARTERS CA US,20191005,-9999,-9999,0
GHCND:USC00049855,YOSEMITE PARK HEADQUARTERS CA US,20191006,-9999,-9999,0
GHCND:USC00049855,YOSEMITE PARK HEADQUARTERS CA US,20191007,-9999,-9999,0
GHCND:USC00049855,YOSEMITE PARK HEADQUARTERS CA US,20191008,-9999,-9999,0
GHCND:USC00049855,YOSEMITE PARK HEADQUARTERS CA US,20191009,-9999,-9999,0
GHCND:USC00049855,YOSEMITE PARK HEADQUARTERS CA US,20191010,-9999,-9999,0
GHCND:USC00049855,YOSEMITE PARK HEADQUARTERS CA US,20191011,-9999,-9999,0
GHCND:USC00049855,YOSEMITE PARK HEADQUARTERS CA US,20191012,-9999,-9999,0
GHCND:USC00049855,YOSEMITE PARK HEADQUARTERS CA US,20191013,-9999,-9999,0
GHCND:USC00049855,YOSEMITE PARK HEADQUARTERS CA US,20191014,-9999,-9999,0
GHCND:USC00049855,YOSEMITE PARK HEADQUARTERS CA US,20191015,-9999,-9999,0
GHCND:USC00049855,YOSEMITE PARK HEADQUARTERS CA US,20191016,-9999,-9999,0
GHCND:USC00049855,YOSEMITE PARK HEADQUARTERS CA US,20191017,-9999,-9999,0
GHCND:USC00049855,YOSEMITE PARK HEADQUARTERS CA US,20191018,-9999,-9999,0
GHCND:USC00049855,YOSEMITE PARK HEADQUARTERS CA US,20191019,-9999,-9999,0
GHCND:USC00049855,YOSEMITE PARK HEADQUARTERS CA US,20191020,-9999,-9999,0
GHCND:USC00049855,YOSEMITE PARK HEADQUARTERS CA US,20191021,-9999,-9999,0
GHCND:USC00049855,YOSEMITE PARK HEADQUARTERS CA US,20191022,-9999,-9999,0
GHCND:USC00049855,YOSEMITE PARK HEADQUARTERS CA US,20191023,-9999,-9999,0
GHCND:USC00049855,YOSEMITE PARK HEADQUARTERS CA US,20191024,-9999,-9999,0
GHCND:USC00049855,YOSEMITE PARK HEADQUARTERS CA US,20191025,-9999,-9999,0
GHCND:USC00049855,YOSEMITE PARK HEADQUARTERS CA US,20191026,-9999,-9999,0
GHCND:USC00049855,YOSEMITE PARK HEADQUARTERS CA US,20191027,-9999,-9999,0
GHCND:USC00049855,YOSEMITE PARK HEADQUARTERS CA US,20191028,-9999,-9999,0
GHCND:USC00049855,YOSEMITE PARK HEADQUARTERS CA US,20191029,-9999,-9999,0
GHCND:USC00049855,YOSEMITE PARK HEADQUARTERS CA US,20191030,-9999,-9999,0
GHCND:USC00049855,YOSEMITE PARK HEADQUARTERS CA US,20191031,-9999,-9999,0
GHCND:USC00049855,YOSEMITE PARK HEADQUARTERS CA US,20191101,-9999,-9999,0
GHCND:USC00049855,YOSEMITE PARK HEADQUARTERS CA US,20191102,-9999,-9999,0
GHCND:USC00049855,YOSEMITE PARK HEADQUARTERS CA US,20191103,-9999,-9999,0
GHCND:USC00049855,YOSEMITE PARK HEADQUARTERS CA US,20191104,-9999,-9999,0
GHCND:USC00049855,YOSEMITE PARK HEADQUARTERS CA US,20191105,-9999,-9999,0
GHCND:USC00049855,YOSEMITE PARK HEADQUARTERS CA US,20191106,-9999,-9999,0
GHCND:USC00049855,YOSEMITE PARK HEADQUARTERS CA US,20191107,-9999,-9999,0
GHCND:USC00049855,YOSEMITE PARK HEADQUARTERS CA US,20191108,-9999,-9999,0
GHCND:USC00049855,YOSEMITE PARK HEADQUARTERS CA US,20191109,-9999,-9999,0
GHCND:USC00049855,YOSEMITE PARK HEADQUARTERS CA US,20191110,-9999,-9999,0
GHCND:USC00049855,YOSEMITE PARK HEADQUARTERS CA US,20191111,-9999,-9999,0
GHCND:USC00049855,YOSEMITE PARK HEADQUARTERS CA US,20191112,-9999,-9999,0
GHCND:USC00049855,YOSEMITE PARK HEADQUARTERS CA US,20191113,-9999,-9999,0
GHCND:USC00049855,YOSEMITE PARK HEADQUARTERS CA US,20191114,-9999,-9999,0
GHCND:USC00049855,YOSEMITE PARK HEADQUARTERS CA US,20191115,-9999,-9999,0
GHCND:USC00049855,YOSEMITE PARK HEADQUARTERS CA US,20191116,-9999,-9999,0
GHCND:USC00049855,YOSEMITE PARK HEADQUARTERS CA US,20191117,-9999,-9999,0
GHCND:USC00049855,YOSEMITE PARK HEADQUARTERS CA US,20191118,-9999,-9999,0
GHCND:USC00049855,YOSEMITE PARK HEADQUARTERS CA US,20191119,-9999,-9999,0
GHCND:USC00049855,YOSEMITE PARK HEADQUARTERS CA US,20191120,-9999,-9999,0.01
GHCND:USC00049855,YOSEMITE PARK HEADQUARTERS CA US,20191121,-9999,-9999,0
GHCND:USC00049855,YOSEMITE PARK HEADQUARTERS CA US,20191122,-9999,-9999,0
GHCND:USC00049855,YOSEMITE PARK HEADQUARTERS CA US,20191123,-9999,-9999,0
GHCND:USC00049855,YOSEMITE PARK HEADQUARTERS CA US,20191124,-9999,-9999,0
GHCND:USC00049855,YOSEMITE PARK HEADQUARTERS CA US,20191125,-9999,-9999,0
GHCND:USC00049855,YOSEMITE PARK HEADQUARTERS CA US,20191126,-9999,-9999,0
GHCND:USC00049855,YOSEMITE PARK HEADQUARTERS CA US,20191127,-9999,-9999,1.09
GHCND:USC00049855,YOSEMITE PARK HEADQUARTERS CA US,20191128,-9999,-9999,0.31
GHCND:USC00049855,YOSEMITE PARK HEADQUARTERS CA US,20191129,-9999,-9999,0.58
GHCND:USC00049855,YOSEMITE PARK HEADQUARTERS CA US,20191130,-9999,-9999,0.01
GHCND:USC00049855,YOSEMITE PARK HEADQUARTERS CA US,20191201,-9999,-9999,0.78
GHCND:USC00049855,YOSEMITE PARK HEADQUARTERS CA US,20191202,-9999,-9999,1.07
GHCND:USC00049855,YOSEMITE PARK HEADQUARTERS CA US,20191203,-9999,-9999,0
GHCND:USC00049855,YOSEMITE PARK HEADQUARTERS CA US,20191204,-9999,-9999,0.14
GHCND:USC00049855,YOSEMITE PARK HEADQUARTERS CA US,20191205,-9999,-9999,0.15
GHCND:USC00049855,YOSEMITE PARK HEADQUARTERS CA US,20191206,-9999,-9999,0
GHCND:USC00049855,YOSEMITE PARK HEADQUARTERS CA US,20191207,-9999,-9999,0.22
GHCND:USC00049855,YOSEMITE PARK HEADQUARTERS CA US,20191208,-9999,-9999,0.68
GHCND:USC00049855,YOSEMITE PARK HEADQUARTERS CA US,20191209,-9999,-9999,0.15
GHCND:USC00049855,YOSEMITE PARK HEADQUARTERS CA US,20191210,-9999,-9999,0
GHCND:USC00049855,YOSEMITE PARK HEADQUARTERS CA US,20191211,-9999,-9999,0
GHCND:USC00049855,YOSEMITE PARK HEADQUARTERS CA US,20191212,-9999,-9999,0.01
GHCND:USC00049855,YOSEMITE PARK HEADQUARTERS CA US,20191213,-9999,-9999,0
GHCND:USC00049855,YOSEMITE PARK HEADQUARTERS CA US,20191214,-9999,-9999,0.52
GHCND:USC00049855,YOSEMITE PARK HEADQUARTERS CA US,20191215,-9999,-9999,0.13
GHCND:USC00049855,YOSEMITE PARK HEADQUARTERS CA US,20191216,-9999,-9999,0
GHCND:USC00049855,YOSEMITE PARK HEADQUARTERS CA US,20191217,-9999,-9999,0
GHCND:USC00049855,YOSEMITE PARK HEADQUARTERS CA US,20191218,-9999,-9999,0
GHCND:USC00049855,YOSEMITE PARK HEADQUARTERS CA US,20191219,-9999,-9999,0
GHCND:USC00049855,YOSEMITE PARK HEADQUARTERS CA US,20191220,-9999,-9999,0
GHCND:USC00049855,YOSEMITE PARK HEADQUARTERS CA US,20191221,-9999,-9999,0
GHCND:USC00049855,YOSEMITE PARK HEADQUARTERS CA US,20191222,-9999,-9999,0
GHCND:USC00049855,YOSEMITE PARK HEADQUARTERS CA US,20191223,-9999,-9999,0.33
GHCND:USC00049855,YOSEMITE PARK HEADQUARTERS CA US,20191224,-9999,-9999,0.42
GHCND:USC00049855,YOSEMITE PARK HEADQUARTERS CA US,20191225,-9999,-9999,0
GHCND:USC00049855,YOSEMITE PARK HEADQUARTERS CA US,20191226,-9999,-9999,0
GHCND:USC00049855,YOSEMITE PARK HEADQUARTERS CA US,20191227,-9999,-9999,0
GHCND:USC00049855,YOSEMITE PARK HEADQUARTERS CA US,20191228,-9999,-9999,0
GHCND:USC00049855,YOSEMITE PARK HEADQUARTERS CA US,20191229,-9999,-9999,0
GHCND:USC00049855,YOSEMITE PARK HEADQUARTERS CA US,20191230,-9999,-9999,0
GHCND:USC00049855,YOSEMITE PARK HEADQUARTERS CA US,20191231,-9999,-9999,0
GHCND:USC00049855,YOSEMITE PARK HEADQUARTERS CA US,20200101,-9999,-9999,0
GHCND:USC00049855,YOSEMITE PARK HEADQUARTERS CA US,20200102,-9999,-9999,0
GHCND:USC00049855,YOSEMITE PARK HEADQUARTERS CA US,20200103,-9999,-9999,0
GHCND:USC00049855,YOSEMITE PARK HEADQUARTERS CA US,20200104,-9999,-9999,0
GHCND:USC00049855,YOSEMITE PARK HEADQUARTERS CA US,20200105,-9999,-9999,0
GHCND:USC00049855,YOSEMITE PARK HEADQUARTERS CA US,20200106,-9999,-9999,0
GHCND:USC00049855,YOSEMITE PARK HEADQUARTERS CA US,20200107,-9999,-9999,0
GHCND:USC00049855,YOSEMITE PARK HEADQUARTERS CA US,20200108,-9999,-9999,0
GHCND:USC00049855,YOSEMITE PARK HEADQUARTERS CA US,20200109,-9999,-9999,0
GHCND:USC00049855,YOSEMITE PARK HEADQUARTERS CA US,20200110,-9999,-9999,0
GHCND:USC00049855,YOSEMITE PARK HEADQUARTERS CA US,20200111,-9999,-9999,0
GHCND:USC00049855,YOSEMITE PARK HEADQUARTERS CA US,20200112,-9999,-9999,0
GHCND:USC00049855,YOSEMITE PARK HEADQUARTERS CA US,20200113,-9999,-9999,0
GHCND:USC00049855,YOSEMITE PARK HEADQUARTERS CA US,20200114,-9999,-9999,0.02
GHCND:USC00049855,YOSEMITE PARK HEADQUARTERS CA US,20200115,-9999,-9999,0
GHCND:USC00049855,YOSEMITE PARK HEADQUARTERS CA US,20200116,-9999,-9999,0
GHCND:USC00049855,YOSEMITE PARK HEADQUARTERS CA US,20200117,-9999,-9999,0.71
GHCND:USC00049855,YOSEMITE PARK HEADQUARTERS CA US,20200118,-9999,-9999,0
GHCND:USC00049855,YOSEMITE PARK HEADQUARTERS CA US,20200119,-9999,-9999,0
GHCND:USC00049855,YOSEMITE PARK HEADQUARTERS CA US,20200120,-9999,-9999,0
GHCND:USC00049855,YOSEMITE PARK HEADQUARTERS CA US,20200121,-9999,-9999,0.04
GHCND:USC00049855,YOSEMITE PARK HEADQUARTERS CA US,20200122,-9999,-9999,0
GHCND:USC00049855,YOSEMITE PARK HEADQUARTERS CA US,20200123,-9999,-9999,0
GHCND:USC00049855,YOSEMITE PARK HEADQUARTERS CA US,20200124,-9999,-9999,0
GHCND:USC00049855,YOSEMITE PARK HEADQUARTERS CA US,20200125,-9999,-9999,0
GHCND:USC00049855,YOSEMITE PARK HEADQUARTERS CA US,20200126,-9999,-9999,0
GHCND:USC00049855,YOSEMITE PARK HEADQUARTERS CA US,20200127,-9999,-9999,0
GHCND:USC00049855,YOSEMITE PARK HEADQUARTERS CA US,20200128,-9999,-9999,0
GHCND:USC00049855,YOSEMITE PARK HEADQUARTERS CA US,20200129,-9999,-9999,0
GHCND:USC00049855,YOSEMITE PARK HEADQUARTERS CA US,20200130,-9999,-9999,0
GHCND:USC00049855,YOSEMITE PARK HEADQUARTERS CA US,20200131,-9999,-9999,0.46
GHCND:USC00049855,YOSEMITE PARK HEADQUARTERS CA US,20200201,-9999,-9999,0
GHCND:USC00049855,YOSEMITE PARK HEADQUARTERS CA US,20200202,-9999,-9999,0
GHCND:USC00049855,YOSEMITE PARK HEADQUARTERS CA US,20200203,-9999,-9999,0
GHCND:USC00049855,YOSEMITE PARK HEADQUARTERS CA US,20200204,-9999,-9999,0
GHCND:USC00049855,YOSEMITE PARK HEADQUARTERS CA US,20200205,-9999,-9999,0
GHCND:USC00049855,YOSEMITE PARK HEADQUARTERS CA US,20200206,-9999,-9999,0
GHCND:USC00049855,YOSEMITE PARK HEADQUARTERS CA US,20200207,-9999,-9999,0
GHCND:USC00049855,YOSEMITE PARK HEADQUARTERS CA US,20200208,-9999,-9999,0
GHCND:USC00049855,YOSEMITE PARK HEADQUARTERS CA US,20200209,-9999,-9999,0
GHCND:USC00049855,YOSEMITE PARK HEADQUARTERS CA US,20200210,-9999,-9999,0
GHCND:USC00049855,YOSEMITE PARK HEADQUARTERS CA US,20200211,-9999,-9999,0
GHCND:USC00049855,YOSEMITE PARK HEADQUARTERS CA US,20200212,-9999,-9999,0
GHCND:USC00049855,YOSEMITE PARK HEADQUARTERS CA US,20200213,-9999,-9999,0
GHCND:USC00049855,YOSEMITE PARK HEADQUARTERS CA US,20200214,-9999,-9999,0
GHCND:USC00049855,YOSEMITE PARK HEADQUARTERS CA US,20200215,-9999,-9999,0
GHCND:USC00049855,YOSEMITE PARK HEADQUARTERS CA US,20200216,-9999,-9999,0
GHCND:USC00049855,YOSEMITE PARK HEADQUARTERS CA US,20200217,-9999,-9999,0
GHCND:USC00049855,YOSEMITE PARK HEADQUARTERS CA US,20200218,-9999,-9999,0
GHCND:USC00049855,YOSEMITE PARK HEADQUARTERS CA US,20200219,-9999,-9999,0
GHCND:USC00049855,YOSEMITE PARK HEADQUARTERS CA US,20200220,-9999,-9999,0
GHCND:USC00049855,YOSEMITE PARK HEADQUARTERS CA US,20200221,-9999,-9999,0
GHCND:USC00049855,YOSEMITE PARK HEADQUARTERS CA US,20200222,-9999,-9999,0
GHCND:USC00049855,YOSEMITE PARK HEADQUARTERS CA US,20200223,-9999,-9999,0
GHCND:USC00049855,YOSEMITE PARK HEADQUARTERS CA US,20200224,-9999,-9999,0
GHCND:USC00049855,YOSEMITE PARK HEADQUARTERS CA US,20200225,-9999,-9999,0
GHCND:USC00049855,YOSEMITE PARK HEADQUARTERS CA US,20200226,-9999,-9999,0
GHCND:USC00049855,YOSEMITE PARK HEADQUARTERS CA US,20200227,-9999,-9999,0
GHCND:USC00049855,YOSEMITE PARK HEADQUARTERS CA US,20200228,-9999,-9999,0
GHCND:USC00049855,YOSEMITE PARK HEADQUARTERS CA US,20200229,-9999,-9999,0
GHCND:USC00049855,YOSEMITE PARK HEADQUARTERS CA US,20200301,-9999,-9999,0.26
GHCND:USC00049855,YOSEMITE PARK HEADQUARTERS CA US,20200302,-9999,-9999,0
GHCND:USC00049855,YOSEMITE PARK HEADQUARTERS CA US,20200303,-9999,-9999,0
GHCND:USC00049855,YOSEMITE PARK HEADQUARTERS CA US,20200304,-9999,-9999,0
GHCND:USC00049855,YOSEMITE PARK HEADQUARTERS CA US,20200305,-9999,-9999,0
GHCND:USC00049855,YOSEMITE PARK HEADQUARTERS CA US,20200306,-9999,-9999,0
GHCND:USC00049855,YOSEMITE PARK HEADQUARTERS CA US,20200307,-9999,-9999,0
GHCND:USC00049855,YOSEMITE PARK HEADQUARTERS CA US,20200308,-9999,-9999,0.05
GHCND:USC00049855,YOSEMITE PARK HEADQUARTERS CA US,20200309,-9999,-9999,0
GHCND:USC00049855,YOSEMITE PARK HEADQUARTERS CA US,20200310,-9999,-9999,0
GHCND:USC00049855,YOSEMITE PARK HEADQUARTERS CA US,20200311,-9999,-9999,0
GHCND:USC00049855,YOSEMITE PARK HEADQUARTERS CA US,20200312,-9999,-9999,0.01
GHCND:USC00049855,YOSEMITE PARK HEADQUARTERS CA US,20200313,-9999,-9999,0
GHCND:USC00049855,YOSEMITE PARK HEADQUARTERS CA US,20200314,-9999,-9999,0.1
GHCND:USC00049855,YOSEMITE PARK HEADQUARTERS CA US,20200315,-9999,-9999,0.76
GHCND:USC00049855,YOSEMITE PARK HEADQUARTERS CA US,20200316,-9999,-9999,1.33
GHCND:USC00049855,YOSEMITE PARK HEADQUARTERS CA US,20200317,-9999,-9999,0.72
GHCND:USC00049855,YOSEMITE PARK HEADQUARTERS CA US,20200318,-9999,-9999,0
GHCND:USC00049855,YOSEMITE PARK HEADQUARTERS CA US,20200319,-9999,-9999,0
GHCND:USC00049855,YOSEMITE PARK HEADQUARTERS CA US,20200320,-9999,-9999,0
GHCND:USC00049855,YOSEMITE PARK HEADQUARTERS CA US,20200321,-9999,-9999,0
GHCND:USC00049855,YOSEMITE PARK HEADQUARTERS CA US,20200322,-9999,-9999,0.35
GHCND:USC00049855,YOSEMITE PARK HEADQUARTERS CA US,20200323,-9999,-9999,0.02
GHCND:USC00049855,YOSEMITE PARK HEADQUARTERS CA US,20200324,-9999,-9999,0.3
GHCND:USC00049855,YOSEMITE PARK HEADQUARTERS CA US,20200325,-9999,-9999,0.22
GHCND:USC00049855,YOSEMITE PARK HEADQUARTERS CA US,20200706,-9999,-9999,0
GHCND:USC00049855,YOSEMITE PARK HEADQUARTERS CA US,20200707,-9999,-9999,0
GHCND:USC00049855,YOSEMITE PARK HEADQUARTERS CA US,20200708,-9999,-9999,0
GHCND:USC00049855,YOSEMITE PARK HEADQUARTERS CA US,20200709,-9999,-9999,0
GHCND:USC00049855,YOSEMITE PARK HEADQUARTERS CA US,20200710,-9999,-9999,0
GHCND:USC00049855,YOSEMITE PARK HEADQUARTERS CA US,20200711,-9999,-9999,0
GHCND:USC00049855,YOSEMITE PARK HEADQUARTERS CA US,20200712,-9999,-9999,0
GHCND:USC00049855,YOSEMITE PARK HEADQUARTERS CA US,20200713,-9999,-9999,0
GHCND:USC00049855,YOSEMITE PARK HEADQUARTERS CA US,20200714,-9999,-9999,0
GHCND:USC00049855,YOSEMITE PARK HEADQUARTERS CA US,20200715,-9999,-9999,0
GHCND:USC00049855,YOSEMITE PARK HEADQUARTERS CA US,20200716,-9999,-9999,0
GHCND:USC00049855,YOSEMITE PARK HEADQUARTERS CA US,20200717,-9999,-9999,0
GHCND:USC00049855,YOSEMITE PARK HEADQUARTERS CA US,20200718,-9999,-9999,0
GHCND:USC00049855,YOSEMITE PARK HEADQUARTERS CA US,20200719,-9999,-9999,0
GHCND:USC00049855,YOSEMITE PARK HEADQUARTERS CA US,20200720,-9999,-9999,0
GHCND:USC00049855,YOSEMITE PARK HEADQUARTERS CA US,20200721,-9999,-9999,0
GHCND:USC00049855,YOSEMITE PARK HEADQUARTERS CA US,20200722,-9999,-9999,0
GHCND:USC00049855,YOSEMITE PARK HEADQUARTERS CA US,20200723,-9999,-9999,0
GHCND:USC00049855,YOSEMITE PARK HEADQUARTERS CA US,20200724,-9999,-9999,0
GHCND:USC00049855,YOSEMITE PARK HEADQUARTERS CA US,20200725,-9999,-9999,0
GHCND:USC00049855,YOSEMITE PARK HEADQUARTERS CA US,20200726,-9999,-9999,0
GHCND:USC00049855,YOSEMITE PARK HEADQUARTERS CA US,20200727,-9999,-9999,0
GHCND:USC00049855,YOSEMITE PARK HEADQUARTERS CA US,20200728,-9999,-9999,0
GHCND:USC00049855,YOSEMITE PARK HEADQUARTERS CA US,20200729,-9999,-9999,0
GHCND:USC00049855,YOSEMITE PARK HEADQUARTERS CA US,20200730,-9999,-9999,0
GHCND:USC00049855,YOSEMITE PARK HEADQUARTERS CA US,20200731,-9999,-9999,0
GHCND:USC00049855,YOSEMITE PARK HEADQUARTERS CA US,20200801,-9999,-9999,0
GHCND:USC00049855,YOSEMITE PARK HEADQUARTERS CA US,20200802,-9999,-9999,0
GHCND:USC00049855,YOSEMITE PARK HEADQUARTERS CA US,20200803,-9999,-9999,0
GHCND:USC00049855,YOSEMITE PARK HEADQUARTERS CA US,20200804,-9999,-9999,0
GHCND:USC00049855,YOSEMITE PARK HEADQUARTERS CA US,20200805,-9999,-9999,0
GHCND:USC00049855,YOSEMITE PARK HEADQUARTERS CA US,20200806,-9999,-9999,0
GHCND:USC00049855,YOSEMITE PARK HEADQUARTERS CA US,20200807,-9999,-9999,0
GHCND:USC00049855,YOSEMITE PARK HEADQUARTERS CA US,20200808,-9999,-9999,0
GHCND:USC00049855,YOSEMITE PARK HEADQUARTERS CA US,20200809,-9999,-9999,0
GHCND:USC00049855,YOSEMITE PARK HEADQUARTERS CA US,20200810,-9999,-9999,0
GHCND:USC00049855,YOSEMITE PARK HEADQUARTERS CA US,20200811,-9999,-9999,0
GHCND:USC00049855,YOSEMITE PARK HEADQUARTERS CA US,20200812,-9999,-9999,0
GHCND:USC00049855,YOSEMITE PARK HEADQUARTERS CA US,20200813,-9999,-9999,0
GHCND:USC00049855,YOSEMITE PARK HEADQUARTERS CA US,20200814,-9999,-9999,0
GHCND:USC00049855,YOSEMITE PARK HEADQUARTERS CA US,20200815,-9999,-9999,0
GHCND:USC00049855,YOSEMITE PARK HEADQUARTERS CA US,20200816,-9999,-9999,0
GHCND:USC00049855,YOSEMITE PARK HEADQUARTERS CA US,20200817,-9999,-9999,0
GHCND:USC00049855,YOSEMITE PARK HEADQUARTERS CA US,20200818,-9999,-9999,0
GHCND:USC00049855,YOSEMITE PARK HEADQUARTERS CA US,20200819,-9999,-9999,0
GHCND:USC00049855,YOSEMITE PARK HEADQUARTERS CA US,20200820,-9999,-9999,0
GHCND:USC00049855,YOSEMITE PARK HEADQUARTERS CA US,20200821,-9999,-9999,0
GHCND:USC00049855,YOSEMITE PARK HEADQUARTERS CA US,20200822,-9999,-9999,0
GHCND:USC00049855,YOSEMITE PARK HEADQUARTERS CA US,20200823,-9999,-9999,0
GHCND:USC00049855,YOSEMITE PARK HEADQUARTERS CA US,20200824,-9999,-9999,0.09
GHCND:USC00049855,YOSEMITE PARK HEADQUARTERS CA US,20200825,-9999,-9999,0
GHCND:USC00049855,YOSEMITE PARK HEADQUARTERS CA US,20200826,-9999,-9999,0
GHCND:USC00049855,YOSEMITE PARK HEADQUARTERS CA US,20200827,-9999,-9999,0
GHCND:USC00049855,YOSEMITE PARK HEADQUARTERS CA US,20200828,-9999,-9999,0
GHCND:USC00049855,YOSEMITE PARK HEADQUARTERS CA US,20200829,-9999,-9999,0
GHCND:USC00049855,YOSEMITE PARK HEADQUARTERS CA US,20200830,-9999,-9999,0
GHCND:USC00049855,YOSEMITE PARK HEADQUARTERS CA US,20200831,-9999,-9999,0
GHCND:USC00049855,YOSEMITE PARK HEADQUARTERS CA US,20200901,-9999,-9999,0
GHCND:USC00049855,YOSEMITE PARK HEADQUARTERS CA US,20200902,-9999,-9999,0
GHCND:USC00049855,YOSEMITE PARK HEADQUARTERS CA US,20200903,-9999,-9999,0
GHCND:USC00049855,YOSEMITE PARK HEADQUARTERS CA US,20200904,-9999,-9999,0
GHCND:USC00049855,YOSEMITE PARK HEADQUARTERS CA US,20200905,-9999,-9999,0
GHCND:USC00049855,YOSEMITE PARK HEADQUARTERS CA US,20200906,-9999,-9999,0
GHCND:USC00049855,YOSEMITE PARK HEADQUARTERS CA US,20200907,-9999,-9999,0
GHCND:USC00049855,YOSEMITE PARK HEADQUARTERS CA US,20200908,-9999,-9999,0
GHCND:USC00049855,YOSEMITE PARK HEADQUARTERS CA US,20200909,-9999,-9999,0
GHCND:USC00049855,YOSEMITE PARK HEADQUARTERS CA US,20200910,-9999,-9999,0
GHCND:USC00049855,YOSEMITE PARK HEADQUARTERS CA US,20200911,-9999,-9999,0
GHCND:USC00049855,YOSEMITE PARK HEADQUARTERS CA US,20200912,-9999,-9999,0
GHCND:USC00049855,YOSEMITE PARK HEADQUARTERS CA US,20200913,-9999,-9999,0
GHCND:USC00049855,YOSEMITE PARK HEADQUARTERS CA US,20200914,-9999,-9999,0
GHCND:USC00049855,YOSEMITE PARK HEADQUARTERS CA US,20200915,-9999,-9999,0
GHCND:USC00049855,YOSEMITE PARK HEADQUARTERS CA US,20200916,-9999,-9999,0
GHCND:USC00049855,YOSEMITE PARK HEADQUARTERS CA US,20200917,-9999,-9999,0
GHCND:USC00049855,YOSEMITE PARK HEADQUARTERS CA US,20200918,-9999,-9999,0
GHCND:USC00049855,YOSEMITE PARK HEADQUARTERS CA US,20200919,-9999,-9999,0
GHCND:USC00049855,YOSEMITE PARK HEADQUARTERS CA US,20200920,-9999,-9999,0
GHCND:USC00049855,YOSEMITE PARK HEADQUARTERS CA US,20200921,-9999,-9999,0
GHCND:USC00049855,YOSEMITE PARK HEADQUARTERS CA US,20200922,-9999,-9999,0
GHCND:USC00049855,YOSEMITE PARK HEADQUARTERS CA US,20200923,-9999,-9999,0
GHCND:USC00049855,YOSEMITE PARK HEADQUARTERS CA US,20200924,-9999,-9999,0
GHCND:USC00049855,YOSEMITE PARK HEADQUARTERS CA US,20200925,-9999,-9999,0
GHCND:USC00049855,YOSEMITE PARK HEADQUARTERS CA US,20200926,-9999,-9999,0
GHCND:USC00049855,YOSEMITE PARK HEADQUARTERS CA US,20200927,-9999,-9999,0
GHCND:USC00049855,YOSEMITE PARK HEADQUARTERS CA US,20200928,-9999,-9999,0
GHCND:USC00049855,YOSEMITE PARK HEADQUARTERS CA US,20200929,-9999,-9999,0
GHCND:USC00049855,YOSEMITE PARK HEADQUARTERS CA US,20200930,-9999,-9999,0
GHCND:USC00049855,YOSEMITE PARK HEADQUARTERS CA US,20201001,-9999,-9999,0
GHCND:USC00049855,YOSEMITE PARK HEADQUARTERS CA US,20201002,-9999,-9999,0
GHCND:USC00049855,YOSEMITE PARK HEADQUARTERS CA US,20201003,-9999,-9999,0
GHCND:USC00049855,YOSEMITE PARK HEADQUARTERS CA US,20201004,-9999,-9999,0
GHCND:USC00049855,YOSEMITE PARK HEADQUARTERS CA US,20201013,-9999,-9999,0
GHCND:USC00049855,YOSEMITE PARK HEADQUARTERS CA US,20201014,-9999,-9999,0
GHCND:USC00049855,YOSEMITE PARK HEADQUARTERS CA US,20201015,-9999,-9999,0
GHCND:USC00049855,YOSEMITE PARK HEADQUARTERS CA US,20201016,-9999,-9999,0
GHCND:USC00049855,YOSEMITE PARK HEADQUARTERS CA US,20201017,-9999,-9999,0
GHCND:USC00049855,YOSEMITE PARK HEADQUARTERS CA US,20201018,-9999,-9999,0
GHCND:USC00049855,YOSEMITE PARK HEADQUARTERS CA US,20201019,-9999,-9999,0
GHCND:USC00049855,YOSEMITE PARK HEADQUARTERS CA US,20201020,-9999,-9999,0
GHCND:USC00049855,YOSEMITE PARK HEADQUARTERS CA US,20201021,-9999,-9999,0
GHCND:USC00049855,YOSEMITE PARK HEADQUARTERS CA US,20201022,-9999,-9999,0
GHCND:USC00049855,YOSEMITE PARK HEADQUARTERS CA US,20201023,-9999,-9999,0
GHCND:USC00049855,YOSEMITE PARK HEADQUARTERS CA US,20201024,-9999,-9999,0
GHCND:USC00049855,YOSEMITE PARK HEADQUARTERS CA US,20201025,-9999,-9999,0
GHCND:USC00049855,YOSEMITE PARK HEADQUARTERS CA US,20201026,-9999,-9999,0
GHCND:USC00049855,YOSEMITE PARK HEADQUARTERS CA US,20201027,-9999,-9999,0
GHCND:USC00049855,YOSEMITE PARK HEADQUARTERS CA US,20201028,-9999,-9999,0
GHCND:USC00049855,YOSEMITE PARK HEADQUARTERS CA US,20201029,-9999,-9999,0
GHCND:USC00049855,YOSEMITE PARK HEADQUARTERS CA US,20201030,-9999,-9999,0
GHCND:USC00049855,YOSEMITE PARK HEADQUARTERS CA US,20201031,-9999,-9999,0
GHCND:USC00049855,YOSEMITE PARK HEADQUARTERS CA US,20201101,-9999,-9999,0
GHCND:USC00049855,YOSEMITE PARK HEADQUARTERS CA US,20201102,-9999,-9999,0
GHCND:USC00049855,YOSEMITE PARK HEADQUARTERS CA US,20201103,-9999,-9999,0
GHCND:USC00049855,YOSEMITE PARK HEADQUARTERS CA US,20201104,-9999,-9999,0
GHCND:USC00049855,YOSEMITE PARK HEADQUARTERS CA US,20201105,-9999,-9999,0
GHCND:USC00049855,YOSEMITE PARK HEADQUARTERS CA US,20201106,-9999,-9999,0
GHCND:USC00049855,YOSEMITE PARK HEADQUARTERS CA US,20201107,-9999,-9999,0.13
GHCND:USC00049855,YOSEMITE PARK HEADQUARTERS CA US,20201113,-9999,-9999,0
GHCND:USC00049855,YOSEMITE PARK HEADQUARTERS CA US,20201114,-9999,-9999,0.13
GHCND:USC00049855,YOSEMITE PARK HEADQUARTERS CA US,20201115,-9999,-9999,0
GHCND:USC00049855,YOSEMITE PARK HEADQUARTERS CA US,20201116,-9999,-9999,0
GHCND:USC00049855,YOSEMITE PARK HEADQUARTERS CA US,20201117,-9999,-9999,0
GHCND:USC00049855,YOSEMITE PARK HEADQUARTERS CA US,20201118,-9999,-9999,0.49
GHCND:USC00049855,YOSEMITE PARK HEADQUARTERS CA US,20201119,-9999,-9999,0.37
GHCND:USC00049855,YOSEMITE PARK HEADQUARTERS CA US,20201120,-9999,-9999,0.01
GHCND:USC00049855,YOSEMITE PARK HEADQUARTERS CA US,20201121,-9999,-9999,0
GHCND:USC00049855,YOSEMITE PARK HEADQUARTERS CA US,20201122,-9999,-9999,0
GHCND:USC00049855,YOSEMITE PARK HEADQUARTERS CA US,20201123,-9999,-9999,0
GHCND:USC00049855,YOSEMITE PARK HEADQUARTERS CA US,20201124,-9999,-9999,0
GHCND:USC00049855,YOSEMITE PARK HEADQUARTERS CA US,20201125,-9999,-9999,0
GHCND:USC00049855,YOSEMITE PARK HEADQUARTERS CA US,20201126,-9999,-9999,0
GHCND:USC00049855,YOSEMITE PARK HEADQUARTERS CA US,20201127,-9999,-9999,0
GHCND:USC00049855,YOSEMITE PARK HEADQUARTERS CA US,20201128,-9999,-9999,0
GHCND:USC00049855,YOSEMITE PARK HEADQUARTERS CA US,20201129,-9999,-9999,0
GHCND:USC00049855,YOSEMITE PARK HEADQUARTERS CA US,20201130,-9999,-9999,0
GHCND:USC00049855,YOSEMITE PARK HEADQUARTERS CA US,20201201,-9999,-9999,0
GHCND:USC00049855,YOSEMITE PARK HEADQUARTERS CA US,20201202,-9999,-9999,0
GHCND:USC00049855,YOSEMITE PARK HEADQUARTERS CA US,20201203,-9999,-9999,0
GHCND:USC00049855,YOSEMITE PARK HEADQUARTERS CA US,20201204,-9999,-9999,0
GHCND:USC00049855,YOSEMITE PARK HEADQUARTERS CA US,20201205,-9999,-9999,0
GHCND:USC00049855,YOSEMITE PARK HEADQUARTERS CA US,20201206,-9999,-9999,0
GHCND:USC00049855,YOSEMITE PARK HEADQUARTERS CA US,20201207,-9999,-9999,0
GHCND:USC00049855,YOSEMITE PARK HEADQUARTERS CA US,20201208,-9999,-9999,0
GHCND:USC00049855,YOSEMITE PARK HEADQUARTERS CA US,20201209,-9999,-9999,0
GHCND:USC00049855,YOSEMITE PARK HEADQUARTERS CA US,20201210,-9999,-9999,0
GHCND:USC00049855,YOSEMITE PARK HEADQUARTERS CA US,20201211,-9999,-9999,0
GHCND:USC00049855,YOSEMITE PARK HEADQUARTERS CA US,20201212,-9999,-9999,0.82
GHCND:USC00049855,YOSEMITE PARK HEADQUARTERS CA US,20201213,-9999,-9999,0
GHCND:USC00049855,YOSEMITE PARK HEADQUARTERS CA US,20201214,-9999,-9999,1
GHCND:USC00049855,YOSEMITE PARK HEADQUARTERS CA US,20201215,-9999,-9999,0
GHCND:USC00049855,YOSEMITE PARK HEADQUARTERS CA US,20201216,-9999,-9999,0
GHCND:USC00049855,YOSEMITE PARK HEADQUARTERS CA US,20201217,-9999,-9999,0.46
GHCND:USC00049855,YOSEMITE PARK HEADQUARTERS CA US,20201218,-9999,-9999,0.36
GHCND:USC00049855,YOSEMITE PARK HEADQUARTERS CA US,20201219,-9999,-9999,0
GHCND:USC00049855,YOSEMITE PARK HEADQUARTERS CA US,20201220,-9999,-9999,0
GHCND:USC00049855,YOSEMITE PARK HEADQUARTERS CA US,20201221,-9999,-9999,0
GHCND:USC00049855,YOSEMITE PARK HEADQUARTERS CA US,20201222,-9999,-9999,0
GHCND:USC00049855,YOSEMITE PARK HEADQUARTERS CA US,20201223,-9999,-9999,0
GHCND:USC00049855,YOSEMITE PARK HEADQUARTERS CA US,20201224,-9999,-9999,0
GHCND:USC00049855,YOSEMITE PARK HEADQUARTERS CA US,20201225,-9999,-9999,0
GHCND:USC00049855,YOSEMITE PARK HEADQUARTERS CA US,20201226,-9999,-9999,0.2
GHCND:USC00049855,YOSEMITE PARK HEADQUARTERS CA US,20201227,-9999,-9999,0.09
GHCND:USC00049855,YOSEMITE PARK HEADQUARTERS CA US,20201228,-9999,-9999,0.45
GHCND:USC00049855,YOSEMITE PARK HEADQUARTERS CA US,20201229,-9999,-9999,0
GHCND:USC00049855,YOSEMITE PARK HEADQUARTERS CA US,20201230,-9999,-9999,0
GHCND:USC00049855,YOSEMITE PARK HEADQUARTERS CA US,20201231,-9999,-9999,0.03
GHCND:USC00049855,YOSEMITE PARK HEADQUARTERS CA US,20210101,-9999,-9999,0
GHCND:USC00049855,YOSEMITE PARK HEADQUARTERS CA US,20210102,-9999,-9999,0
GHCND:USC00049855,YOSEMITE PARK HEADQUARTERS CA US,20210103,-9999,-9999,0
GHCND:USC00049855,YOSEMITE PARK HEADQUARTERS CA US,20210104,-9999,-9999,0
GHCND:USC00049855,YOSEMITE PARK HEADQUARTERS CA US,20210105,-9999,-9999,0.3
GHCND:USC00049855,YOSEMITE PARK HEADQUARTERS CA US,20210106,-9999,-9999,0
GHCND:USC00049855,YOSEMITE PARK HEADQUARTERS CA US,20210107,-9999,-9999,0
GHCND:USC00049855,YOSEMITE PARK HEADQUARTERS CA US,20210108,-9999,-9999,0
GHCND:USC00049855,YOSEMITE PARK HEADQUARTERS CA US,20210109,-9999,-9999,0
GHCND:USC00049855,YOSEMITE PARK HEADQUARTERS CA US,20210110,-9999,-9999,0
GHCND:USC00049855,YOSEMITE PARK HEADQUARTERS CA US,20210111,-9999,-9999,0.01
GHCND:USC00049855,YOSEMITE PARK HEADQUARTERS CA US,20210112,-9999,-9999,0
GHCND:USC00049855,YOSEMITE PARK HEADQUARTERS CA US,20210113,-9999,-9999,0
GHCND:USC00049855,YOSEMITE PARK HEADQUARTERS CA US,20210114,-9999,-9999,0
GHCND:USC00049855,YOSEMITE PARK HEADQUARTERS CA US,20210115,-9999,-9999,0
GHCND:USC00049855,YOSEMITE PARK HEADQUARTERS CA US,20210116,-9999,-9999,0
GHCND:USC00049855,YOSEMITE PARK HEADQUARTERS CA US,20210117,-9999,-9999,0
GHCND:USC00049855,YOSEMITE PARK HEADQUARTERS CA US,20210118,-9999,-9999,0
GHCND:USC00049855,YOSEMITE PARK HEADQUARTERS CA US,20210119,-9999,-9999,0
GHCND:USC00049855,YOSEMITE PARK HEADQUARTERS CA US,20210120,-9999,-9999,0
GHCND:USC00049855,YOSEMITE PARK HEADQUARTERS CA US,20210121,-9999,-9999,0
GHCND:USC00049855,YOSEMITE PARK HEADQUARTERS CA US,20210122,-9999,-9999,0
GHCND:USC00049855,YOSEMITE PARK HEADQUARTERS CA US,20210123,-9999,-9999,0.05
GHCND:USC00049855,YOSEMITE PARK HEADQUARTERS CA US,20210124,-9999,-9999,0
GHCND:USC00049855,YOSEMITE PARK HEADQUARTERS CA US,20210125,-9999,-9999,0.79
GHCND:USC00049855,YOSEMITE PARK HEADQUARTERS CA US,20210126,-9999,-9999,0.03
GHCND:USC00049855,YOSEMITE PARK HEADQUARTERS CA US,20210201,-9999,-9999,0
GHCND:USC00049855,YOSEMITE PARK HEADQUARTERS CA US,20210202,-9999,-9999,0
GHCND:USC00049855,YOSEMITE PARK HEADQUARTERS CA US,20210204,-9999,-9999,0
GHCND:USC00049855,YOSEMITE PARK HEADQUARTERS CA US,20210205,-9999,-9999,0
GHCND:USC00049855,YOSEMITE PARK HEADQUARTERS CA US,20210206,-9999,-9999,0
GHCND:USC00049855,YOSEMITE PARK HEADQUARTERS CA US,20210207,-9999,-9999,0
GHCND:USC00049855,YOSEMITE PARK HEADQUARTERS CA US,20210208,-9999,-9999,0
GHCND:USC00049855,YOSEMITE PARK HEADQUARTERS CA US,20210211,-9999,-9999,0
GHCND:USC00049855,YOSEMITE PARK HEADQUARTERS CA US,20210212,-9999,-9999,0.96
GHCND:USC00049855,YOSEMITE PARK HEADQUARTERS CA US,20210213,-9999,-9999,0.19
GHCND:USC00049855,YOSEMITE PARK HEADQUARTERS CA US,20210214,-9999,-9999,0.28
GHCND:USC00049855,YOSEMITE PARK HEADQUARTERS CA US,20210215,-9999,-9999,0.1
GHCND:USC00049855,YOSEMITE PARK HEADQUARTERS CA US,20210216,-9999,-9999,0.12
GHCND:USC00049855,YOSEMITE PARK HEADQUARTERS CA US,20210217,-9999,-9999,0
GHCND:USC00049855,YOSEMITE PARK HEADQUARTERS CA US,20210218,-9999,-9999,0
GHCND:USC00049855,YOSEMITE PARK HEADQUARTERS CA US,20210219,-9999,-9999,0
GHCND:USC00049855,YOSEMITE PARK HEADQUARTERS CA US,20210220,-9999,-9999,0.11
GHCND:USC00049855,YOSEMITE PARK HEADQUARTERS CA US,20210221,-9999,-9999,0
GHCND:USC00049855,YOSEMITE PARK HEADQUARTERS CA US,20210222,-9999,-9999,0
GHCND:USC00049855,YOSEMITE PARK HEADQUARTERS CA US,20210223,-9999,-9999,0
GHCND:USC00049855,YOSEMITE PARK HEADQUARTERS CA US,20210224,-9999,-9999,0
GHCND:USC00049855,YOSEMITE PARK HEADQUARTERS CA US,20210225,-9999,-9999,0
GHCND:USC00049855,YOSEMITE PARK HEADQUARTERS CA US,20210226,-9999,-9999,0
GHCND:USC00049855,YOSEMITE PARK HEADQUARTERS CA US,20210227,-9999,-9999,0
GHCND:USC00049855,YOSEMITE PARK HEADQUARTERS CA US,20210228,-9999,-9999,0
GHCND:USC00049855,YOSEMITE PARK HEADQUARTERS CA US,20210301,-9999,-9999,0
GHCND:USC00049855,YOSEMITE PARK HEADQUARTERS CA US,20210302,-9999,-9999,0
GHCND:USC00049855,YOSEMITE PARK HEADQUARTERS CA US,20210303,-9999,-9999,0
GHCND:USC00049855,YOSEMITE PARK HEADQUARTERS CA US,20210304,-9999,-9999,0
GHCND:USC00049855,YOSEMITE PARK HEADQUARTERS CA US,20210305,-9999,-9999,0
GHCND:USC00049855,YOSEMITE PARK HEADQUARTERS CA US,20210306,-9999,-9999,0
GHCND:USC00049855,YOSEMITE PARK HEADQUARTERS CA US,20210307,-9999,-9999,0
GHCND:USC00049855,YOSEMITE PARK HEADQUARTERS CA US,20210308,-9999,-9999,0
GHCND:USC00049855,YOSEMITE PARK HEADQUARTERS CA US,20210309,-9999,-9999,0
GHCND:USC00049855,YOSEMITE PARK HEADQUARTERS CA US,20210310,-9999,-9999,0.53
GHCND:USC00049855,YOSEMITE PARK HEADQUARTERS CA US,20210311,-9999,-9999,0.19
GHCND:USC00049855,YOSEMITE PARK HEADQUARTERS CA US,20210312,-9999,-9999,0.06
GHCND:USC00049855,YOSEMITE PARK HEADQUARTERS CA US,20210313,-9999,-9999,0
GHCND:USC00049855,YOSEMITE PARK HEADQUARTERS CA US,20210314,-9999,-9999,0
GHCND:USC00049855,YOSEMITE PARK HEADQUARTERS CA US,20210315,-9999,-9999,0.53
GHCND:USC00049855,YOSEMITE PARK HEADQUARTERS CA US,20210316,-9999,-9999,0
GHCND:USC00049855,YOSEMITE PARK HEADQUARTERS CA US,20210317,-9999,-9999,0
GHCND:USC00049855,YOSEMITE PARK HEADQUARTERS CA US,20210318,-9999,-9999,0
GHCND:USC00049855,YOSEMITE PARK HEADQUARTERS CA US,20210319,-9999,-9999,0.48
GHCND:USC00049855,YOSEMITE PARK HEADQUARTERS CA US,20210320,-9999,-9999,0.12
GHCND:USC00049855,YOSEMITE PARK HEADQUARTERS CA US,20210321,-9999,-9999,0
GHCND:USC00049855,YOSEMITE PARK HEADQUARTERS CA US,20210322,-9999,-9999,0
GHCND:USC00049855,YOSEMITE PARK HEADQUARTERS CA US,20210323,-9999,-9999,0
GHCND:USC00049855,YOSEMITE PARK HEADQUARTERS CA US,20210324,-9999,-9999,0
GHCND:USC00049855,YOSEMITE PARK HEADQUARTERS CA US,20210325,-9999,-9999,0
GHCND:USC00049855,YOSEMITE PARK HEADQUARTERS CA US,20210326,-9999,-9999,0.03
GHCND:USC00049855,YOSEMITE PARK HEADQUARTERS CA US,20210327,-9999,-9999,0
GHCND:USC00049855,YOSEMITE PARK HEADQUARTERS CA US,20210328,-9999,-9999,0
GHCND:USC00049855,YOSEMITE PARK HEADQUARTERS CA US,20210329,-9999,-9999,0
GHCND:USC00049855,YOSEMITE PARK HEADQUARTERS CA US,20210401,-9999,-9999,0
GHCND:USC00049855,YOSEMITE PARK HEADQUARTERS CA US,20210402,-9999,-9999,0
GHCND:USC00049855,YOSEMITE PARK HEADQUARTERS CA US,20210403,-9999,-9999,0
GHCND:USC00049855,YOSEMITE PARK HEADQUARTERS CA US,20210404,-9999,-9999,0
GHCND:USC00049855,YOSEMITE PARK HEADQUARTERS CA US,20210405,-9999,-9999,0
GHCND:USC00049855,YOSEMITE PARK HEADQUARTERS CA US,20210406,-9999,-9999,0
GHCND:USC00049855,YOSEMITE PARK HEADQUARTERS CA US,20210407,-9999,-9999,0
GHCND:USC00049855,YOSEMITE PARK HEADQUARTERS CA US,20210408,-9999,-9999,0
GHCND:USC00049855,YOSEMITE PARK HEADQUARTERS CA US,20210409,-9999,-9999,0
GHCND:USC00049855,YOSEMITE PARK HEADQUARTERS CA US,20210410,-9999,-9999,0
GHCND:USC00049855,YOSEMITE PARK HEADQUARTERS CA US,20210411,-9999,-9999,0
GHCND:USC00049855,YOSEMITE PARK HEADQUARTERS CA US,20210412,-9999,-9999,0
GHCND:USC00049855,YOSEMITE PARK HEADQUARTERS CA US,20210413,-9999,-9999,0
GHCND:USC00049855,YOSEMITE PARK HEADQUARTERS CA US,20210414,-9999,-9999,0
GHCND:USC00049855,YOSEMITE PARK HEADQUARTERS CA US,20210415,-9999,-9999,0.15
GHCND:USC00049855,YOSEMITE PARK HEADQUARTERS CA US,20210416,-9999,-9999,0
GHCND:USC00049855,YOSEMITE PARK HEADQUARTERS CA US,20210417,-9999,-9999,0.03
GHCND:USC00049855,YOSEMITE PARK HEADQUARTERS CA US,20210418,-9999,-9999,0
GHCND:USC00049855,YOSEMITE PARK HEADQUARTERS CA US,20210419,-9999,-9999,0
GHCND:USC00049855,YOSEMITE PARK HEADQUARTERS CA US,20210420,-9999,-9999,0
GHCND:USC00049855,YOSEMITE PARK HEADQUARTERS CA US,20210421,-9999,-9999,0
GHCND:USC00049855,YOSEMITE PARK HEADQUARTERS CA US,20210422,-9999,-9999,0
GHCND:USC00049855,YOSEMITE PARK HEADQUARTERS CA US,20210423,-9999,-9999,0
GHCND:USC00049855,YOSEMITE PARK HEADQUARTERS CA US,20210424,-9999,-9999,0
GHCND:USC00049855,YOSEMITE PARK HEADQUARTERS CA US,20210425,-9999,-9999,0.02
GHCND:USC00049855,YOSEMITE PARK HEADQUARTERS CA US,20210426,-9999,-9999,0.36
GHCND:USC00049855,YOSEMITE PARK HEADQUARTERS CA US,20210427,-9999,-9999,0.03
GHCND:USC00049855,YOSEMITE PARK HEADQUARTERS CA US,20210428,-9999,-9999,0
GHCND:USC00049855,YOSEMITE PARK HEADQUARTERS CA US,20210429,-9999,-9999,0
GHCND:USC00049855,YOSEMITE PARK HEADQUARTERS CA US,20210430,-9999,-9999,0
GHCND:USC00049855,YOSEMITE PARK HEADQUARTERS CA US,20210501,-9999,-9999,0
GHCND:USC00049855,YOSEMITE PARK HEADQUARTERS CA US,20210502,-9999,-9999,0
GHCND:USC00049855,YOSEMITE PARK HEADQUARTERS CA US,20210503,-9999,-9999,0
GHCND:USC00049855,YOSEMITE PARK HEADQUARTERS CA US,20210504,-9999,-9999,0
GHCND:USC00049855,YOSEMITE PARK HEADQUARTERS CA US,20210505,-9999,-9999,0
GHCND:USC00049855,YOSEMITE PARK HEADQUARTERS CA US,20210506,-9999,-9999,0
GHCND:USC00049855,YOSEMITE PARK HEADQUARTERS CA US,20210507,-9999,-9999,0
GHCND:USC00049855,YOSEMITE PARK HEADQUARTERS CA US,20210510,-9999,-9999,0
GHCND:USC00049855,YOSEMITE PARK HEADQUARTERS CA US,20210511,-9999,-9999,0
GHCND:USC00049855,YOSEMITE PARK HEADQUARTERS CA US,20210512,-9999,-9999,0
GHCND:USC00049855,YOSEMITE PARK HEADQUARTERS CA US,20210513,-9999,-9999,0
GHCND:USC00049855,YOSEMITE PARK HEADQUARTERS CA US,20210514,-9999,-9999,0
GHCND:USC00049855,YOSEMITE PARK HEADQUARTERS CA US,20210515,-9999,-9999,0
GHCND:USC00049855,YOSEMITE PARK HEADQUARTERS CA US,20210516,-9999,-9999,0
GHCND:USC00049855,YOSEMITE PARK HEADQUARTERS CA US,20210517,-9999,-9999,0.18
GHCND:USC00049855,YOSEMITE PARK HEADQUARTERS CA US,20210518,-9999,-9999,0
GHCND:USC00049855,YOSEMITE PARK HEADQUARTERS CA US,20210519,-9999,-9999,0
GHCND:USC00049855,YOSEMITE PARK HEADQUARTERS CA US,20210520,-9999,-9999,0
GHCND:USC00049855,YOSEMITE PARK HEADQUARTERS CA US,20210523,-9999,-9999,0.06
GHCND:USC00049855,YOSEMITE PARK HEADQUARTERS CA US,20210526,-9999,-9999,0
GHCND:USC00049855,YOSEMITE PARK HEADQUARTERS CA US,20210527,-9999,-9999,0
GHCND:USC00049855,YOSEMITE PARK HEADQUARTERS CA US,20210528,-9999,-9999,0
GHCND:USC00049855,YOSEMITE PARK HEADQUARTERS CA US,20210531,-9999,-9999,0
GHCND:USC00049855,YOSEMITE PARK HEADQUARTERS CA US,20210601,-9999,-9999,0
GHCND:USC00049855,YOSEMITE PARK HEADQUARTERS CA US,20210602,-9999,-9999,0
GHCND:USC00049855,YOSEMITE PARK HEADQUARTERS CA US,20210603,-9999,-9999,0
GHCND:USC00049855,YOSEMITE PARK HEADQUARTERS CA US,20210604,-9999,-9999,0
GHCND:USC00049855,YOSEMITE PARK HEADQUARTERS CA US,20210607,-9999,-9999,0
GHCND:USC00049855,YOSEMITE PARK HEADQUARTERS CA US,20210608,-9999,-9999,0
GHCND:USC00049855,YOSEMITE PARK HEADQUARTERS CA US,20210610,-9999,-9999,0
GHCND:USC00049855,YOSEMITE PARK HEADQUARTERS CA US,20210611,-9999,-9999,0
GHCND:USC00049855,YOSEMITE PARK HEADQUARTERS CA US,20210614,-9999,-9999,0
GHCND:USC00049855,YOSEMITE PARK HEADQUARTERS CA US,20210615,-9999,-9999,0
GHCND:USC00049855,YOSEMITE PARK HEADQUARTERS CA US,20210616,-9999,-9999,0
GHCND:USC00049855,YOSEMITE PARK HEADQUARTERS CA US,20210617,-9999,-9999,0
GHCND:USC00049855,YOSEMITE PARK HEADQUARTERS CA US,20210618,-9999,-9999,0
GHCND:USC00049855,YOSEMITE PARK HEADQUARTERS CA US,20210619,-9999,-9999,0
GHCND:USC00049855,YOSEMITE PARK HEADQUARTERS CA US,20210625,-9999,-9999,0
GHCND:USC00049855,YOSEMITE PARK HEADQUARTERS CA US,20210628,-9999,-9999,0
GHCND:USC00049855,YOSEMITE PARK HEADQUARTERS CA US,20210629,-9999,-9999,0
GHCND:USC00049855,YOSEMITE PARK HEADQUARTERS CA US,20210630,-9999,-9999,0.01
GHCND:USC00049855,YOSEMITE PARK HEADQUARTERS CA US,20210701,-9999,-9999,0.05
GHCND:USC00049855,YOSEMITE PARK HEADQUARTERS CA US,20210702,-9999,-9999,0
GHCND:USC00049855,YOSEMITE PARK HEADQUARTERS CA US,20210707,-9999,-9999,0
GHCND:USC00049855,YOSEMITE PARK HEADQUARTERS CA US,20210708,-9999,-9999,0
GHCND:USC00049855,YOSEMITE PARK HEADQUARTERS CA US,20210709,-9999,-9999,0
GHCND:USC00049855,YOSEMITE PARK HEADQUARTERS CA US,20210710,-9999,-9999,0
GHCND:USC00049855,YOSEMITE PARK HEADQUARTERS CA US,20210711,-9999,-9999,0
GHCND:USC00049855,YOSEMITE PARK HEADQUARTERS CA US,20210712,-9999,-9999,0
GHCND:USC00049855,YOSEMITE PARK HEADQUARTERS CA US,20210713,-9999,-9999,0
GHCND:USC00049855,YOSEMITE PARK HEADQUARTERS CA US,20210715,-9999,-9999,0
GHCND:USC00049855,YOSEMITE PARK HEADQUARTERS CA US,20210716,-9999,-9999,0
GHCND:USC00049855,YOSEMITE PARK HEADQUARTERS CA US,20210719,-9999,-9999,0
GHCND:USC00049855,YOSEMITE PARK HEADQUARTERS CA US,20210720,-9999,-9999,0
GHCND:USC00049855,YOSEMITE PARK HEADQUARTERS CA US,20210721,-9999,-9999,0
GHCND:USC00049855,YOSEMITE PARK HEADQUARTERS CA US,20210722,-9999,-9999,0
GHCND:USC00049855,YOSEMITE PARK HEADQUARTERS CA US,20210723,-9999,-9999,0
GHCND:USC00049855,YOSEMITE PARK HEADQUARTERS CA US,20210727,-9999,-9999,0
GHCND:USC00049855,YOSEMITE PARK HEADQUARTERS CA US,20210728,-9999,-9999,0
GHCND:USC00049855,YOSEMITE PARK HEADQUARTERS CA US,20210729,-9999,-9999,0
GHCND:USC00049855,YOSEMITE PARK HEADQUARTERS CA US,20210730,-9999,-9999,0.21
GHCND:USC00049855,YOSEMITE PARK HEADQUARTERS CA US,20210801,-9999,-9999,0.95
GHCND:USC00049855,YOSEMITE PARK HEADQUARTERS CA US,20210802,-9999,-9999,0
GHCND:USC00049855,YOSEMITE PARK HEADQUARTERS CA US,20210803,-9999,-9999,0
GHCND:USC00049855,YOSEMITE PARK HEADQUARTERS CA US,20210804,-9999,-9999,0
GHCND:USC00049855,YOSEMITE PARK HEADQUARTERS CA US,20210805,-9999,-9999,0
GHCND:USC00049855,YOSEMITE PARK HEADQUARTERS CA US,20210806,-9999,-9999,0
GHCND:USC00049855,YOSEMITE PARK HEADQUARTERS CA US,20210807,-9999,-9999,0
GHCND:USC00049855,YOSEMITE PARK HEADQUARTERS CA US,20210808,-9999,-9999,0
GHCND:USC00049855,YOSEMITE PARK HEADQUARTERS CA US,20210809,-9999,-9999,0
GHCND:USC00049855,YOSEMITE PARK HEADQUARTERS CA US,20210810,-9999,-9999,0
GHCND:USC00049855,YOSEMITE PARK HEADQUARTERS CA US,20210811,-9999,-9999,0
GHCND:USC00049855,YOSEMITE PARK HEADQUARTERS CA US,20210812,-9999,-9999,0
GHCND:USC00049855,YOSEMITE PARK HEADQUARTERS CA US,20210813,-9999,-9999,0
GHCND:USC00049855,YOSEMITE PARK HEADQUARTERS CA US,20210814,-9999,-9999,0
GHCND:USC00049855,YOSEMITE PARK HEADQUARTERS CA US,20210815,-9999,-9999,0
GHCND:USC00049855,YOSEMITE PARK HEADQUARTERS CA US,20210816,-9999,-9999,0
GHCND:USC00049855,YOSEMITE PARK HEADQUARTERS CA US,20210817,-9999,-9999,0
GHCND:USC00049855,YOSEMITE PARK HEADQUARTERS CA US,20210818,-9999,-9999,0
GHCND:USC00049855,YOSEMITE PARK HEADQUARTERS CA US,20210819,-9999,-9999,0
GHCND:USC00049855,YOSEMITE PARK HEADQUARTERS CA US,20210820,-9999,-9999,0
GHCND:USC00049855,YOSEMITE PARK HEADQUARTERS CA US,20210821,-9999,-9999,0
GHCND:USC00049855,YOSEMITE PARK HEADQUARTERS CA US,20210822,-9999,-9999,0
GHCND:USC00049855,YOSEMITE PARK HEADQUARTERS CA US,20210823,-9999,-9999,0
GHCND:USC00049855,YOSEMITE PARK HEADQUARTERS CA US,20210824,-9999,-9999,0
GHCND:USC00049855,YOSEMITE PARK HEADQUARTERS CA US,20210825,-9999,-9999,0
GHCND:USC00049855,YOSEMITE PARK HEADQUARTERS CA US,20210826,-9999,-9999,0
GHCND:USC00049855,YOSEMITE PARK HEADQUARTERS CA US,20210827,-9999,-9999,0
GHCND:USC00049855,YOSEMITE PARK HEADQUARTERS CA US,20210828,-9999,-9999,0
GHCND:USC00049855,YOSEMITE PARK HEADQUARTERS CA US,20210829,-9999,-9999,0
GHCND:USC00049855,YOSEMITE PARK HEADQUARTERS CA US,20210830,-9999,-9999,0
GHCND:USC00049855,YOSEMITE PARK HEADQUARTERS CA US,20210831,-9999,-9999,0
GHCND:USC00049855,YOSEMITE PARK HEADQUARTERS CA US,20210901,-9999,-9999,0
GHCND:USC00049855,YOSEMITE PARK HEADQUARTERS CA US,20210902,-9999,-9999,0
GHCND:USC00049855,YOSEMITE PARK HEADQUARTERS CA US,20210903,-9999,-9999,0
GHCND:USC00049855,YOSEMITE PARK HEADQUARTERS CA US,20210904,-9999,-9999,0
GHCND:USC00049855,YOSEMITE PARK HEADQUARTERS CA US,20210905,-9999,-9999,0
GHCND:USC00049855,YOSEMITE PARK HEADQUARTERS CA US,20210906,-9999,-9999,0
GHCND:USC00049855,YOSEMITE PARK HEADQUARTERS CA US,20210907,-9999,-9999,0
GHCND:USC00049855,YOSEMITE PARK HEADQUARTERS CA US,20210908,-9999,-9999,0
GHCND:USC00049855,YOSEMITE PARK HEADQUARTERS CA US,20210909,-9999,-9999,0
GHCND:USC00049855,YOSEMITE PARK HEADQUARTERS CA US,20210910,-9999,-9999,0
GHCND:USC00049855,YOSEMITE PARK HEADQUARTERS CA US,20210911,-9999,-9999,0
GHCND:USC00049855,YOSEMITE PARK HEADQUARTERS CA US,20210912,-9999,-9999,0
GHCND:USC00049855,YOSEMITE PARK HEADQUARTERS CA US,20210913,-9999,-9999,0
GHCND:USC00049855,YOSEMITE PARK HEADQUARTERS CA US,20210914,-9999,-9999,0
GHCND:USC00049855,YOSEMITE PARK HEADQUARTERS CA US,20210915,-9999,-9999,0
GHCND:USC00049855,YOSEMITE PARK HEADQUARTERS CA US,20210919,-9999,-9999,0
GHCND:USC00049855,YOSEMITE PARK HEADQUARTERS CA US,20210920,-9999,-9999,0
GHCND:USC00049855,YOSEMITE PARK HEADQUARTERS CA US,20210921,-9999,-9999,0
GHCND:USC00049855,YOSEMITE PARK HEADQUARTERS CA US,20210922,-9999,-9999,0
GHCND:USC00049855,YOSEMITE PARK HEADQUARTERS CA US,20210923,-9999,-9999,0
GHCND:USC00049855,YOSEMITE PARK HEADQUARTERS CA US,20210925,-9999,-9999,0
GHCND:USC00049855,YOSEMITE PARK HEADQUARTERS CA US,20210928,-9999,-9999,0
GHCND:USC00049855,YOSEMITE PARK HEADQUARTERS CA US,20210929,-9999,-9999,0
GHCND:USC00049855,YOSEMITE PARK HEADQUARTERS CA US,20210930,-9999,-9999,0
GHCND:USC00049855,YOSEMITE PARK HEADQUARTERS CA US,20211001,-9999,-9999,0
GHCND:USC00049855,YOSEMITE PARK HEADQUARTERS CA US,20211004,-9999,-9999,0
GHCND:USC00049855,YOSEMITE PARK HEADQUARTERS CA US,20211005,-9999,-9999,0
GHCND:USC00049855,YOSEMITE PARK HEADQUARTERS CA US,20211006,-9999,-9999,0
GHCND:USC00049855,YOSEMITE PARK HEADQUARTERS CA US,20211007,-9999,-9999,0
GHCND:USC00049855,YOSEMITE PARK HEADQUARTERS CA US,20211008,-9999,-9999,0.2
GHCND:USC00049855,YOSEMITE PARK HEADQUARTERS CA US,20211009,-9999,-9999,0.12
GHCND:USC00049855,YOSEMITE PARK HEADQUARTERS CA US,20211010,-9999,-9999,0
GHCND:USC00049855,YOSEMITE PARK HEADQUARTERS CA US,20211011,-9999,-9999,0
GHCND:USC00049855,YOSEMITE PARK HEADQUARTERS CA US,20211012,-9999,-9999,0
GHCND:USC00049855,YOSEMITE PARK HEADQUARTERS CA US,20211013,-9999,-9999,0
GHCND:USC00049855,YOSEMITE PARK HEADQUARTERS CA US,20211014,-9999,-9999,0
GHCND:USC00049855,YOSEMITE PARK HEADQUARTERS CA US,20211015,-9999,-9999,0
GHCND:USC00049855,YOSEMITE PARK HEADQUARTERS CA US,20211018,-9999,-9999,0.44
GHCND:USC00049855,YOSEMITE PARK HEADQUARTERS CA US,20211019,-9999,-9999,0.01
GHCND:USC00049855,YOSEMITE PARK HEADQUARTERS CA US,20211020,-9999,-9999,0
GHCND:USC00049855,YOSEMITE PARK HEADQUARTERS CA US,20211021,-9999,-9999,0.03
GHCND:USC00049855,YOSEMITE PARK HEADQUARTERS CA US,20211022,-9999,-9999,0.01
GHCND:USC00049855,YOSEMITE PARK HEADQUARTERS CA US,20211024,-9999,-9999,0.44
GHCND:USC00049855,YOSEMITE PARK HEADQUARTERS CA US,20211025,-9999,-9999,5.43
GHCND:USC00049855,YOSEMITE PARK HEADQUARTERS CA US,20211026,-9999,-9999,0.55
GHCND:USC00049855,YOSEMITE PARK HEADQUARTERS CA US,20211027,-9999,-9999,0
GHCND:USC00049855,YOSEMITE PARK HEADQUARTERS CA US,20211028,-9999,-9999,0
GHCND:USC00049855,YOSEMITE PARK HEADQUARTERS CA US,20211029,-9999,-9999,0
GHCND:USC00049855,YOSEMITE PARK HEADQUARTERS CA US,20211030,-9999,-9999,0
GHCND:USC00049855,YOSEMITE PARK HEADQUARTERS CA US,20211031,-9999,-9999,0
GHCND:USC00049855,YOSEMITE PARK HEADQUARTERS CA US,20211101,-9999,-9999,0
GHCND:USC00049855,YOSEMITE PARK HEADQUARTERS CA US,20211102,-9999,-9999,0
GHCND:USC00049855,YOSEMITE PARK HEADQUARTERS CA US,20211103,-9999,-9999,0
GHCND:USC00049855,YOSEMITE PARK HEADQUARTERS CA US,20211104,-9999,-9999,0
GHCND:USC00049855,YOSEMITE PARK HEADQUARTERS CA US,20211105,-9999,-9999,0
GHCND:USC00049855,YOSEMITE PARK HEADQUARTERS CA US,20211106,-9999,-9999,0
GHCND:USC00049855,YOSEMITE PARK HEADQUARTERS CA US,20211107,-9999,-9999,0
GHCND:USC00049855,YOSEMITE PARK HEADQUARTERS CA US,20211109,-9999,-9999,0.9
GHCND:USC00049855,YOSEMITE PARK HEADQUARTERS CA US,20211110,-9999,-9999,0.15
GHCND:USC00049855,YOSEMITE PARK HEADQUARTERS CA US,20211111,-9999,-9999,0.02
GHCND:USC00049855,YOSEMITE PARK HEADQUARTERS CA US,20211112,-9999,-9999,0
GHCND:USC00049855,YOSEMITE PARK HEADQUARTERS CA US,20211113,-9999,-9999,0
GHCND:USC00049855,YOSEMITE PARK HEADQUARTERS CA US,20211114,-9999,-9999,0
GHCND:USC00049855,YOSEMITE PARK HEADQUARTERS CA US,20211116,-9999,-9999,0
GHCND:USC00049855,YOSEMITE PARK HEADQUARTERS CA US,20211118,-9999,-9999,0
GHCND:USC00049855,YOSEMITE PARK HEADQUARTERS CA US,20211119,-9999,-9999,0.01
GHCND:USC00049855,YOSEMITE PARK HEADQUARTERS CA US,20211120,-9999,-9999,0
GHCND:USC00049855,YOSEMITE PARK HEADQUARTERS CA US,20211121,-9999,-9999,0
GHCND:USC00049855,YOSEMITE PARK HEADQUARTERS CA US,20211122,-9999,-9999,0
GHCND:USC00049855,YOSEMITE PARK HEADQUARTERS CA US,20211123,-9999,-9999,0
GHCND:USC00049855,YOSEMITE PARK HEADQUARTERS CA US,20211124,-9999,-9999,0
GHCND:USC00049855,YOSEMITE PARK HEADQUARTERS CA US,20211125,-9999,-9999,0
GHCND:USC00049855,YOSEMITE PARK HEADQUARTERS CA US,20211126,-9999,-9999,0
GHCND:USC00049855,YOSEMITE PARK HEADQUARTERS CA US,20211127,-9999,-9999,0
GHCND:USC00049855,YOSEMITE PARK HEADQUARTERS CA US,20211128,-9999,-9999,0
GHCND:USC00049855,YOSEMITE PARK HEADQUARTERS CA US,20211129,-9999,-9999,0
GHCND:USC00049855,YOSEMITE PARK HEADQUARTERS CA US,20211130,-9999,-9999,0
GHCND:USC00049855,YOSEMITE PARK HEADQUARTERS CA US,20211201,-9999,-9999,0
GHCND:USC00049855,YOSEMITE PARK HEADQUARTERS CA US,20211202,-9999,-9999,0
GHCND:USC00049855,YOSEMITE PARK HEADQUARTERS CA US,20211203,-9999,-9999,0
GHCND:USC00049855,YOSEMITE PARK HEADQUARTERS CA US,20211204,-9999,-9999,0
GHCND:USC00049855,YOSEMITE PARK HEADQUARTERS CA US,20211205,-9999,-9999,0
GHCND:USC00049855,YOSEMITE PARK HEADQUARTERS CA US,20211206,-9999,-9999,0
GHCND:USC00049855,YOSEMITE PARK HEADQUARTERS CA US,20211207,-9999,-9999,0
GHCND:USC00049855,YOSEMITE PARK HEADQUARTERS CA US,20211208,-9999,-9999,0
GHCND:USC00049855,YOSEMITE PARK HEADQUARTERS CA US,20211209,-9999,-9999,0.48
GHCND:USC00049855,YOSEMITE PARK HEADQUARTERS CA US,20211210,-9999,-9999,0.19
GHCND:USC00049855,YOSEMITE PARK HEADQUARTERS CA US,20211211,-9999,-9999,0
GHCND:USC00049855,YOSEMITE PARK HEADQUARTERS CA US,20211212,-9999,-9999,0
GHCND:USC00049855,YOSEMITE PARK HEADQUARTERS CA US,20211213,-9999,-9999,0.77
GHCND:USC00049855,YOSEMITE PARK HEADQUARTERS CA US,20211215,-9999,-9999,0.11
GHCND:USC00049855,YOSEMITE PARK HEADQUARTERS CA US,20211216,-9999,-9999,1.05
GHCND:USC00049855,YOSEMITE PARK HEADQUARTERS CA US,20211217,-9999,-9999,0
GHCND:USC00049855,YOSEMITE PARK HEADQUARTERS CA US,20211218,-9999,-9999,0
GHCND:USC00049855,YOSEMITE PARK HEADQUARTERS CA US,20211219,-9999,-9999,0
GHCND:USC00049855,YOSEMITE PARK HEADQUARTERS CA US,20211220,-9999,-9999,0
GHCND:USC00049855,YOSEMITE PARK HEADQUARTERS CA US,20211221,-9999,-9999,0
GHCND:USC00049855,YOSEMITE PARK HEADQUARTERS CA US,20211222,-9999,-9999,0.03
GHCND:USC00049855,YOSEMITE PARK HEADQUARTERS CA US,20211223,-9999,-9999,0.05
GHCND:USC00049855,YOSEMITE PARK HEADQUARTERS CA US,20211224,-9999,-9999,2.25
GHCND:USC00049855,YOSEMITE PARK HEADQUARTERS CA US,20211225,-9999,-9999,0.64
GHCND:USC00049855,YOSEMITE PARK HEADQUARTERS CA US,20211226,-9999,-9999,1.25
GHCND:USC00049855,YOSEMITE PARK HEADQUARTERS CA US,20211227,-9999,-9999,0.41
GHCND:USC00049855,YOSEMITE PARK HEADQUARTERS CA US,20211228,-9999,-9999,0.5
GHCND:USC00049855,YOSEMITE PARK HEADQUARTERS CA US,20211229,-9999,-9999,0.13
GHCND:USC00049855,YOSEMITE PARK HEADQUARTERS CA US,20211230,-9999,-9999,0.32
GHCND:USC00049855,YOSEMITE PARK HEADQUARTERS CA US,20211231,-9999,-9999,0
GHCND:USC00049855,YOSEMITE PARK HEADQUARTERS CA US,20220101,-9999,-9999,0
GHCND:USC00049855,YOSEMITE PARK HEADQUARTERS CA US,20220102,-9999,-9999,0
GHCND:USC00049855,YOSEMITE PARK HEADQUARTERS CA US,20220103,-9999,-9999,0
GHCND:USC00049855,YOSEMITE PARK HEADQUARTERS CA US,20220104,-9999,-9999,0
GHCND:USC00049855,YOSEMITE PARK HEADQUARTERS CA US,20220105,-9999,-9999,0
GHCND:USC00049855,YOSEMITE PARK HEADQUARTERS CA US,20220106,-9999,-9999,0
GHCND:USC00049855,YOSEMITE PARK HEADQUARTERS CA US,20220107,-9999,-9999,0
GHCND:USC00049855,YOSEMITE PARK HEADQUARTERS CA US,20220108,-9999,-9999,0.03
GHCND:USC00049855,YOSEMITE PARK HEADQUARTERS CA US,20220109,-9999,-9999,0
GHCND:USC00049855,YOSEMITE PARK HEADQUARTERS CA US,20220110,-9999,-9999,0
GHCND:USC00049855,YOSEMITE PARK HEADQUARTERS CA US,20220111,-9999,-9999,0
GHCND:USC00049855,YOSEMITE PARK HEADQUARTERS CA US,20220112,-9999,-9999,0
GHCND:USC00049855,YOSEMITE PARK HEADQUARTERS CA US,20220113,-9999,-9999,0
GHCND:USC00049855,YOSEMITE PARK HEADQUARTERS CA US,20220114,-9999,-9999,0
GHCND:USC00049855,YOSEMITE PARK HEADQUARTERS CA US,20220115,-9999,-9999,0
GHCND:USC00049855,YOSEMITE PARK HEADQUARTERS CA US,20220116,-9999,-9999,0
GHCND:USC00049855,YOSEMITE PARK HEADQUARTERS CA US,20220117,-9999,-9999,0
GHCND:USC00049855,YOSEMITE PARK HEADQUARTERS CA US,20220118,-9999,-9999,0
GHCND:USC00049855,YOSEMITE PARK HEADQUARTERS CA US,20220119,-9999,-9999,0
GHCND:USC00049855,YOSEMITE PARK HEADQUARTERS CA US,20220120,-9999,-9999,0
GHCND:USC00049855,YOSEMITE PARK HEADQUARTERS CA US,20220121,-9999,-9999,0
GHCND:USC00049855,YOSEMITE PARK HEADQUARTERS CA US,20220122,-9999,-9999,0
GHCND:USC00049855,YOSEMITE PARK HEADQUARTERS CA US,20220123,-9999,-9999,0
GHCND:USC00049855,YOSEMITE PARK HEADQUARTERS CA US,20220124,-9999,-9999,0
GHCND:USC00049855,YOSEMITE PARK HEADQUARTERS CA US,20220125,-9999,-9999,0
GHCND:USC00049855,YOSEMITE PARK HEADQUARTERS CA US,20220126,-9999,-9999,0
GHCND:USC00049855,YOSEMITE PARK HEADQUARTERS CA US,20220127,-9999,-9999,0
GHCND:USC00049855,YOSEMITE PARK HEADQUARTERS CA US,20220128,-9999,-9999,0
GHCND:USC00049855,YOSEMITE PARK HEADQUARTERS CA US,20220129,-9999,-9999,0
GHCND:USC00049855,YOSEMITE PARK HEADQUARTERS CA US,20220130,-9999,-9999,0
GHCND:USC00049855,YOSEMITE PARK HEADQUARTERS CA US,20220131,-9999,-9999,0
GHCND:USC00049855,YOSEMITE PARK HEADQUARTERS CA US,20220201,-9999,-9999,0
GHCND:USC00049855,YOSEMITE PARK HEADQUARTERS CA US,20220202,-9999,-9999,0
GHCND:USC00049855,YOSEMITE PARK HEADQUARTERS CA US,20220203,-9999,-9999,0
GHCND:USC00049855,YOSEMITE PARK HEADQUARTERS CA US,20220204,-9999,-9999,0
GHCND:USC00049855,YOSEMITE PARK HEADQUARTERS CA US,20220205,-9999,-9999,0
GHCND:USC00049855,YOSEMITE PARK HEADQUARTERS CA US,20220206,-9999,-9999,0
GHCND:USC00049855,YOSEMITE PARK HEADQUARTERS CA US,20220207,-9999,-9999,0
GHCND:USC00049855,YOSEMITE PARK HEADQUARTERS CA US,20220208,-9999,-9999,0
GHCND:USC00049855,YOSEMITE PARK HEADQUARTERS CA US,20220209,-9999,-9999,0
GHCND:USC00049855,YOSEMITE PARK HEADQUARTERS CA US,20220210,-9999,-9999,0
GHCND:USC00049855,YOSEMITE PARK HEADQUARTERS CA US,20220211,-9999,-9999,0
GHCND:USC00049855,YOSEMITE PARK HEADQUARTERS CA US,20220212,-9999,-9999,0
GHCND:USC00049855,YOSEMITE PARK HEADQUARTERS CA US,20220213,-9999,-9999,0
GHCND:USC00049855,YOSEMITE PARK HEADQUARTERS CA US,20220214,-9999,-9999,0
GHCND:USC00049855,YOSEMITE PARK HEADQUARTERS CA US,20220215,-9999,-9999,0
GHCND:USC00049855,YOSEMITE PARK HEADQUARTERS CA US,20220216,-9999,-9999,0
GHCND:USC00049855,YOSEMITE PARK HEADQUARTERS CA US,20220217,-9999,-9999,0
GHCND:USC00049855,YOSEMITE PARK HEADQUARTERS CA US,20220218,-9999,-9999,0
GHCND:USC00049855,YOSEMITE PARK HEADQUARTERS CA US,20220219,-9999,-9999,0
GHCND:USC00049855,YOSEMITE PARK HEADQUARTERS CA US,20220220,-9999,-9999,0
GHCND:USC00049855,YOSEMITE PARK HEADQUARTERS CA US,20220221,-9999,-9999,0
GHCND:USC00049855,YOSEMITE PARK HEADQUARTERS CA US,20220222,-9999,-9999,0.05
GHCND:USC00049855,YOSEMITE PARK HEADQUARTERS CA US,20220223,-9999,-9999,0
GHCND:USC00049855,YOSEMITE PARK HEADQUARTERS CA US,20220224,-9999,-9999,0
GHCND:USC00049855,YOSEMITE PARK HEADQUARTERS CA US,20220225,-9999,-9999,0
GHCND:USC00049855,YOSEMITE PARK HEADQUARTERS CA US,20220226,-9999,-9999,0
GHCND:USC00049855,YOSEMITE PARK HEADQUARTERS CA US,20220227,-9999,-9999,0
GHCND:USC00049855,YOSEMITE PARK HEADQUARTERS CA US,20220228,-9999,-9999,0
GHCND:USC00049855,YOSEMITE PARK HEADQUARTERS CA US,20220301,-9999,-9999,0
GHCND:USC00049855,YOSEMITE PARK HEADQUARTERS CA US,20220302,-9999,-9999,0
GHCND:USC00049855,YOSEMITE PARK HEADQUARTERS CA US,20220303,-9999,-9999,0
GHCND:USC00049855,YOSEMITE PARK HEADQUARTERS CA US,20220304,-9999,-9999,0
GHCND:USC00049855,YOSEMITE PARK HEADQUARTERS CA US,20220305,-9999,-9999,0.39
GHCND:USC00049855,YOSEMITE PARK HEADQUARTERS CA US,20220306,-9999,-9999,0
GHCND:USC00049855,YOSEMITE PARK HEADQUARTERS CA US,20220307,-9999,-9999,0
GHCND:USC00049855,YOSEMITE PARK HEADQUARTERS CA US,20220308,-9999,-9999,0
GHCND:USC00049855,YOSEMITE PARK HEADQUARTERS CA US,20220309,-9999,-9999,0
GHCND:USC00049855,YOSEMITE PARK HEADQUARTERS CA US,20220310,-9999,-9999,0
GHCND:USC00049855,YOSEMITE PARK HEADQUARTERS CA US,20220311,-9999,-9999,0
GHCND:USC00049855,YOSEMITE PARK HEADQUARTERS CA US,20220312,-9999,-9999,0
GHCND:USC00049855,YOSEMITE PARK HEADQUARTERS CA US,20220313,-9999,-9999,0
GHCND:USC00049855,YOSEMITE PARK HEADQUARTERS CA US,20220314,-9999,-9999,0
GHCND:USC00049855,YOSEMITE PARK HEADQUARTERS CA US,20220315,-9999,-9999,0
GHCND:USC00049855,YOSEMITE PARK HEADQUARTERS CA US,20220316,-9999,-9999,0
GHCND:USC00049855,YOSEMITE PARK HEADQUARTERS CA US,20220317,-9999,-9999,0
GHCND:USC00049855,YOSEMITE PARK HEADQUARTERS CA US,20220318,-9999,-9999,0
GHCND:USC00049855,YOSEMITE PARK HEADQUARTERS CA US,20220319,-9999,-9999,0
GHCND:USC00049855,YOSEMITE PARK HEADQUARTERS CA US,20220320,-9999,-9999,0.4
GHCND:USC00049855,YOSEMITE PARK HEADQUARTERS CA US,20220321,-9999,-9999,0
GHCND:USC00049855,YOSEMITE PARK HEADQUARTERS CA US,20220322,-9999,-9999,0
GHCND:USC00049855,YOSEMITE PARK HEADQUARTERS CA US,20220323,-9999,-9999,0
GHCND:USC00049855,YOSEMITE PARK HEADQUARTERS CA US,20220324,-9999,-9999,0
GHCND:USC00049855,YOSEMITE PARK HEADQUARTERS CA US,20220325,-9999,-9999,0
GHCND:USC00049855,YOSEMITE PARK HEADQUARTERS CA US,20220326,-9999,-9999,0
GHCND:USC00049855,YOSEMITE PARK HEADQUARTERS CA US,20220327,-9999,-9999,0
GHCND:USC00049855,YOSEMITE PARK HEADQUARTERS CA US,20220328,-9999,-9999,0.28
GHCND:USC00049855,YOSEMITE PARK HEADQUARTERS CA US,20220329,-9999,-9999,0.21
GHCND:USC00049855,YOSEMITE PARK HEADQUARTERS CA US,20220330,-9999,-9999,0
GHCND:USC00049855,YOSEMITE PARK HEADQUARTERS CA US,20220331,-9999,-9999,0
GHCND:USC00049855,YOSEMITE PARK HEADQUARTERS CA US,20220401,-9999,-9999,0
GHCND:USC00049855,YOSEMITE PARK HEADQUARTERS CA US,20220402,-9999,-9999,0
GHCND:USC00049855,YOSEMITE PARK HEADQUARTERS CA US,20220403,-9999,-9999,0
GHCND:USC00049855,YOSEMITE PARK HEADQUARTERS CA US,20220404,-9999,-9999,0
GHCND:USC00049855,YOSEMITE PARK HEADQUARTERS CA US,20220405,-9999,-9999,0
GHCND:USC00049855,YOSEMITE PARK HEADQUARTERS CA US,20220406,-9999,-9999,0
GHCND:USC00049855,YOSEMITE PARK HEADQUARTERS CA US,20220407,-9999,-9999,0
GHCND:USC00049855,YOSEMITE PARK HEADQUARTERS CA US,20220409,-9999,-9999,0
GHCND:USC00049855,YOSEMITE PARK HEADQUARTERS CA US,20220411,-9999,-9999,0.08
GHCND:USC00049855,YOSEMITE PARK HEADQUARTERS CA US,20220412,-9999,-9999,0.79
GHCND:USC00049855,YOSEMITE PARK HEADQUARTERS CA US,20220413,-9999,-9999,0.12
GHCND:USC00049855,YOSEMITE PARK HEADQUARTERS CA US,20220414,-9999,-9999,0
GHCND:USC00049855,YOSEMITE PARK HEADQUARTERS CA US,20220415,-9999,-9999,0.11
GHCND:USC00049855,YOSEMITE PARK HEADQUARTERS CA US,20220416,-9999,-9999,0.42
GHCND:USC00049855,YOSEMITE PARK HEADQUARTERS CA US,20220417,-9999,-9999,0.49
GHCND:USC00049855,YOSEMITE PARK HEADQUARTERS CA US,20220418,-9999,-9999,0
GHCND:USC00049855,YOSEMITE PARK HEADQUARTERS CA US,20220419,-9999,-9999,0
GHCND:USC00049855,YOSEMITE PARK HEADQUARTERS CA US,20220420,-9999,-9999,0.05
GHCND:USC00049855,YOSEMITE PARK HEADQUARTERS CA US,20220421,-9999,-9999,0.02
GHCND:USC00049855,YOSEMITE PARK HEADQUARTERS CA US,20220422,-9999,-9999,1.74
GHCND:USC00049855,YOSEMITE PARK HEADQUARTERS CA US,20220423,-9999,-9999,0
GHCND:USC00049855,YOSEMITE PARK HEADQUARTERS CA US,20220424,-9999,-9999,0
GHCND:USC00049855,YOSEMITE PARK HEADQUARTERS CA US,20220425,-9999,-9999,0
GHCND:USC00049855,YOSEMITE PARK HEADQUARTERS CA US,20220426,-9999,-9999,0
GHCND:USC00049855,YOSEMITE PARK HEADQUARTERS CA US,20220427,-9999,-9999,0
GHCND:USC00049855,YOSEMITE PARK HEADQUARTERS CA US,20220428,-9999,-9999,0
GHCND:USC00049855,YOSEMITE PARK HEADQUARTERS CA US,20220429,-9999,-9999,0
GHCND:USC00049855,YOSEMITE PARK HEADQUARTERS CA US,20220430,-9999,-9999,0
GHCND:USC00049855,YOSEMITE PARK HEADQUARTERS CA US,20230101,-9999,-9999,0
GHCND:USC00049855,YOSEMITE PARK HEADQUARTERS CA US,20230102,-9999,-9999,0
GHCND:USC00049855,YOSEMITE PARK HEADQUARTERS CA US,20230103,-9999,-9999,0.3
GHCND:USC00049855,YOSEMITE PARK HEADQUARTERS CA US,20230104,-9999,-9999,0
GHCND:USC00049855,YOSEMITE PARK HEADQUARTERS CA US,20230105,-9999,-9999,0
GHCND:USC00049855,YOSEMITE PARK HEADQUARTERS CA US,20230106,-9999,-9999,0.32
GHCND:USC00049855,YOSEMITE PARK HEADQUARTERS CA US,20230107,-9999,-9999,0
GHCND:USC00049855,YOSEMITE PARK HEADQUARTERS CA US,20230108,-9999,-9999,0.83
GHCND:USC00049855,YOSEMITE PARK HEADQUARTERS CA US,20230109,-9999,-9999,1.53
GHCND:USC00049855,YOSEMITE PARK HEADQUARTERS CA US,20230110,-9999,-9999,3.7
GHCND:USC00049855,YOSEMITE PARK HEADQUARTERS CA US,20230111,-9999,-9999,1.66
GHCND:USC00049855,YOSEMITE PARK HEADQUARTERS CA US,20230113,-9999,-9999,0
GHCND:USC00049855,YOSEMITE PARK HEADQUARTERS CA US,20230114,-9999,-9999,0.64
GHCND:USC00049855,YOSEMITE PARK HEADQUARTERS CA US,20230115,-9999,-9999,2.23
GHCND:USC00049855,YOSEMITE PARK HEADQUARTERS CA US,20230116,-9999,-9999,0.74
GHCND:USC00049855,YOSEMITE PARK HEADQUARTERS CA US,20230117,-9999,-9999,0.4
GHCND:USC00049855,YOSEMITE PARK HEADQUARTERS CA US,20230118,-9999,-9999,0
GHCND:USC00049855,YOSEMITE PARK HEADQUARTERS CA US,20230119,-9999,-9999,0.3
GHCND:USC00049855,YOSEMITE PARK HEADQUARTERS CA US,20230120,-9999,-9999,0
GHCND:USC00049855,YOSEMITE PARK HEADQUARTERS CA US,20230121,-9999,-9999,0
GHCND:USC00049855,YOSEMITE PARK HEADQUARTERS CA US,20230122,-9999,-9999,0
GHCND:USC00049855,YOSEMITE PARK HEADQUARTERS CA US,20230123,-9999,-9999,0
GHCND:USC00049855,YOSEMITE PARK HEADQUARTERS CA US,20230124,-9999,-9999,0
GHCND:USC00049855,YOSEMITE PARK HEADQUARTERS CA US,20230125,-9999,-9999,0
GHCND:USC00049855,YOSEMITE PARK HEADQUARTERS CA US,20230126,-9999,-9999,0
GHCND:USC00049855,YOSEMITE PARK HEADQUARTERS CA US,20230127,-9999,-9999,0
GHCND:USC00049855,YOSEMITE PARK HEADQUARTERS CA US,20230128,-9999,-9999,0
GHCND:USC00049855,YOSEMITE PARK HEADQUARTERS CA US,20230129,-9999,-9999,0
GHCND:USC00049855,YOSEMITE PARK HEADQUARTERS CA US,20230130,-9999,-9999,1.7
GHCND:USC00049855,YOSEMITE PARK HEADQUARTERS CA US,20230131,-9999,-9999,0
GHCND:USC00049855,YOSEMITE PARK HEADQUARTERS CA US,20230201,-9999,-9999,0
GHCND:USC00049855,YOSEMITE PARK HEADQUARTERS CA US,20230202,-9999,-9999,0
GHCND:USC00049855,YOSEMITE PARK HEADQUARTERS CA US,20230203,-9999,-9999,0
GHCND:USC00049855,YOSEMITE PARK HEADQUARTERS CA US,20230204,-9999,-9999,0
GHCND:USC00049855,YOSEMITE PARK HEADQUARTERS CA US,20230205,-9999,-9999,1.15
GHCND:USC00049855,YOSEMITE PARK HEADQUARTERS CA US,20230206,-9999,-9999,0.23
GHCND:USC00049855,YOSEMITE PARK HEADQUARTERS CA US,20230207,-9999,-9999,0
GHCND:USC00049855,YOSEMITE PARK HEADQUARTERS CA US,20230208,-9999,-9999,0
GHCND:USC00049855,YOSEMITE PARK HEADQUARTERS CA US,20230209,-9999,-9999,0
GHCND:USC00049855,YOSEMITE PARK HEADQUARTERS CA US,20230210,-9999,-9999,0
GHCND:USC00049855,YOSEMITE PARK HEADQUARTERS CA US,20230211,-9999,-9999,0
GHCND:USC00049855,YOSEMITE PARK HEADQUARTERS CA US,20230212,-9999,-9999,0
GHCND:USC00049855,YOSEMITE PARK HEADQUARTERS CA US,20230213,-9999,-9999,0
GHCND:USC00049855,YOSEMITE PARK HEADQUARTERS CA US,20230214,-9999,-9999,0.13
GHCND:USC00049855,YOSEMITE PARK HEADQUARTERS CA US,20230215,-9999,-9999,0
GHCND:USC00049855,YOSEMITE PARK HEADQUARTERS CA US,20230216,-9999,-9999,0
GHCND:USC00049855,YOSEMITE PARK HEADQUARTERS CA US,20230217,-9999,-9999,0
GHCND:USC00049855,YOSEMITE PARK HEADQUARTERS CA US,20230222,-9999,-9999,0.33
GHCND:USC00049855,YOSEMITE PARK HEADQUARTERS CA US,20230223,-9999,-9999,0.78
GHCND:USC00049855,YOSEMITE PARK HEADQUARTERS CA US,20230224,-9999,-9999,0.83
GHCND:USC00049855,YOSEMITE PARK HEADQUARTERS CA US,20230225,-9999,-9999,2.6
GHCND:USC00049855,YOSEMITE PARK HEADQUARTERS CA US,20230226,-9999,-9999,0.5
GHCND:USC00049855,YOSEMITE PARK HEADQUARTERS CA US,20230227,-9999,-9999,0.58
GHCND:USC00049855,YOSEMITE PARK HEADQUARTERS CA US,20230309,-9999,-9999,0
GHCND:USC00049855,YOSEMITE PARK HEADQUARTERS CA US,20230310,-9999,-9999,4.43
GHCND:USC00049855,YOSEMITE PARK HEADQUARTERS CA US,20230311,-9999,-9999,3.41
GHCND:USC00049855,YOSEMITE PARK HEADQUARTERS CA US,20230312,-9999,-9999,0.9
GHCND:USC00049855,YOSEMITE PARK HEADQUARTERS CA US,20230313,-9999,-9999,0.71
GHCND:USC00049855,YOSEMITE PARK HEADQUARTERS CA US,20230316,-9999,-9999,2.68
GHCND:USC00049855,YOSEMITE PARK HEADQUARTERS CA US,20230317,-9999,-9999,0
GHCND:USC00049855,YOSEMITE PARK HEADQUARTERS CA US,20230318,-9999,-9999,0
GHCND:USC00049855,YOSEMITE PARK HEADQUARTERS CA US,20230319,-9999,-9999,0.01
GHCND:USC00049855,YOSEMITE PARK HEADQUARTERS CA US,20230320,-9999,-9999,0.81
GHCND:USC00049855,YOSEMITE PARK HEADQUARTERS CA US,20230321,-9999,-9999,0
GHCND:USC00049855,YOSEMITE PARK HEADQUARTERS CA US,20230322,-9999,-9999,0.6
GHCND:USC00049855,YOSEMITE PARK HEADQUARTERS CA US,20230323,-9999,-9999,0.05
GHCND:USC00049855,YOSEMITE PARK HEADQUARTERS CA US,20230324,-9999,-9999,0.27
GHCND:USC00049855,YOSEMITE PARK HEADQUARTERS CA US,20230325,-9999,-9999,0
GHCND:USC00049855,YOSEMITE PARK HEADQUARTERS CA US,20230326,-9999,-9999,0
GHCND:USC00049855,YOSEMITE PARK HEADQUARTERS CA US,20230327,-9999,-9999,0
GHCND:USC00049855,YOSEMITE PARK HEADQUARTERS CA US,20230328,-9999,-9999,0
GHCND:USC00049855,YOSEMITE PARK HEADQUARTERS CA US,20230329,-9999,-9999,1.34
GHCND:USC00049855,YOSEMITE PARK HEADQUARTERS CA US,20230330,-9999,-9999,0.08
GHCND:USC00049855,YOSEMITE PARK HEADQUARTERS CA US,20230331,-9999,-9999,0
GHCND:USC00049855,YOSEMITE PARK HEADQUARTERS CA US,20230401,-9999,-9999,0
GHCND:USC00049855,YOSEMITE PARK HEADQUARTERS CA US,20230402,-9999,-9999,0
GHCND:USC00049855,YOSEMITE PARK HEADQUARTERS CA US,20230403,-9999,-9999,0.06
GHCND:USC00049855,YOSEMITE PARK HEADQUARTERS CA US,20230404,-9999,-9999,0.01
GHCND:USC00049855,YOSEMITE PARK HEADQUARTERS CA US,20230405,-9999,-9999,0
GHCND:USC00049855,YOSEMITE PARK HEADQUARTERS CA US,20230406,-9999,-9999,0
GHCND:USC00049855,YOSEMITE PARK HEADQUARTERS CA US,20230407,-9999,-9999,0
GHCND:USC00049855,YOSEMITE PARK HEADQUARTERS CA US,20230408,-9999,-9999,0.01
GHCND:USC00049855,YOSEMITE PARK HEADQUARTERS CA US,20230409,-9999,-9999,0
GHCND:USC00049855,YOSEMITE PARK HEADQUARTERS CA US,20230410,-9999,-9999,0
GHCND:USC00049855,YOSEMITE PARK HEADQUARTERS CA US,20230411,-9999,-9999,0
GHCND:USC00049855,YOSEMITE PARK HEADQUARTERS CA US,20230412,-9999,-9999,0
GHCND:USC00049855,YOSEMITE PARK HEADQUARTERS CA US,20230413,-9999,-9999,0
GHCND:USC00049855,YOSEMITE PARK HEADQUARTERS CA US,20230414,-9999,-9999,0
GHCND:USC00049855,YOSEMITE PARK HEADQUARTERS CA US,20230415,-9999,-9999,0
GHCND:USC00049855,YOSEMITE PARK HEADQUARTERS CA US,20230416,-9999,-9999,0
GHCND:USC00049855,YOSEMITE PARK HEADQUARTERS CA US,20230417,-9999,-9999,0
GHCND:USC00049855,YOSEMITE PARK HEADQUARTERS CA US,20230418,-9999,-9999,0.15
GHCND:USC00049855,YOSEMITE PARK HEADQUARTERS CA US,20230419,-9999,-9999,0
GHCND:USC00049855,YOSEMITE PARK HEADQUARTERS CA US,20230701,-9999,-9999,0
GHCND:USC00049855,YOSEMITE PARK HEADQUARTERS CA US,20230702,-9999,-9999,0
GHCND:USC00049855,YOSEMITE PARK HEADQUARTERS CA US,20230703,-9999,-9999,0
GHCND:USC00049855,YOSEMITE PARK HEADQUARTERS CA US,20230704,-9999,-9999,0
GHCND:USC00049855,YOSEMITE PARK HEADQUARTERS CA US,20230705,-9999,-9999,0
GHCND:USC00049855,YOSEMITE PARK HEADQUARTERS CA US,20230706,-9999,-9999,0
GHCND:USC00049855,YOSEMITE PARK HEADQUARTERS CA US,20230707,-9999,-9999,0
GHCND:USC00049855,YOSEMITE PARK HEADQUARTERS CA US,20230708,-9999,-9999,0
GHCND:USC00049855,YOSEMITE PARK HEADQUARTERS CA US,20230709,-9999,-9999,0
GHCND:USC00049855,YOSEMITE PARK HEADQUARTERS CA US,20230710,-9999,-9999,0
GHCND:USC00049855,YOSEMITE PARK HEADQUARTERS CA US,20230711,-9999,-9999,0
GHCND:USC00049855,YOSEMITE PARK HEADQUARTERS CA US,20230712,-9999,-9999,0
GHCND:USC00049855,YOSEMITE PARK HEADQUARTERS CA US,20230713,-9999,-9999,0
GHCND:USC00049855,YOSEMITE PARK HEADQUARTERS CA US,20230714,-9999,-9999,0
GHCND:USC00049855,YOSEMITE PARK HEADQUARTERS CA US,20230715,-9999,-9999,0
GHCND:USC00049855,YOSEMITE PARK HEADQUARTERS CA US,20230716,-9999,-9999,0
GHCND:USC00049855,YOSEMITE PARK HEADQUARTERS CA US,20230717,-9999,-9999,0
GHCND:USC00049855,YOSEMITE PARK HEADQUARTERS CA US,20230718,-9999,-9999,0
GHCND:USC00049855,YOSEMITE PARK HEADQUARTERS CA US,20230719,-9999,-9999,0
GHCND:USC00049855,YOSEMITE PARK HEADQUARTERS CA US,20230720,-9999,-9999,0
GHCND:USC00049855,YOSEMITE PARK HEADQUARTERS CA US,20230721,-9999,-9999,0
GHCND:USC00049855,YOSEMITE PARK HEADQUARTERS CA US,20230722,-9999,-9999,0
GHCND:USC00049855,YOSEMITE PARK HEADQUARTERS CA US,20230723,-9999,-9999,0
GHCND:USC00049855,YOSEMITE PARK HEADQUARTERS CA US,20230724,-9999,-9999,0
GHCND:USC00049855,YOSEMITE PARK HEADQUARTERS CA US,20230725,-9999,-9999,0
GHCND:USC00049855,YOSEMITE PARK HEADQUARTERS CA US,20230726,-9999,-9999,0
GHCND:USC00049855,YOSEMITE PARK HEADQUARTERS CA US,20230727,-9999,-9999,0
GHCND:USC00049855,YOSEMITE PARK HEADQUARTERS CA US,20230728,-9999,-9999,0
GHCND:USC00049855,YOSEMITE PARK HEADQUARTERS CA US,20230729,-9999,-9999,0
GHCND:USC00049855,YOSEMITE PARK HEADQUARTERS CA US,20230730,-9999,-9999,0
GHCND:USC00049855,YOSEMITE PARK HEADQUARTERS CA US,20230731,-9999,-9999,0
GHCND:USC00049855,YOSEMITE PARK HEADQUARTERS CA US,20230801,-9999,-9999,0
GHCND:USC00049855,YOSEMITE PARK HEADQUARTERS CA US,20230802,-9999,-9999,0
GHCND:USC00049855,YOSEMITE PARK HEADQUARTERS CA US,20230803,-9999,-9999,0
GHCND:USC00049855,YOSEMITE PARK HEADQUARTERS CA US,20230804,-9999,-9999,0
GHCND:USC00049855,YOSEMITE PARK HEADQUARTERS CA US,20230805,-9999,-9999,0
GHCND:USC00049855,YOSEMITE PARK HEADQUARTERS CA US,20230806,-9999,-9999,0
GHCND:USC00049855,YOSEMITE PARK HEADQUARTERS CA US,20230807,-9999,-9999,0
GHCND:USC00049855,YOSEMITE PARK HEADQUARTERS CA US,20230808,-9999,-9999,0
GHCND:USC00049855,YOSEMITE PARK HEADQUARTERS CA US,20230809,-9999,-9999,0
GHCND:USC00049855,YOSEMITE PARK HEADQUARTERS CA US,20230810,-9999,-9999,0
GHCND:USC00049855,YOSEMITE PARK HEADQUARTERS CA US,20230812,-9999,-9999,0
GHCND:USC00049855,YOSEMITE PARK HEADQUARTERS CA US,20230813,-9999,-9999,0.26
GHCND:USC00049855,YOSEMITE PARK HEADQUARTERS CA US,20230814,-9999,-9999,0.14
GHCND:USC00049855,YOSEMITE PARK HEADQUARTERS CA US,20230815,-9999,-9999,0.16
GHCND:USC00049855,YOSEMITE PARK HEADQUARTERS CA US,20230816,-9999,-9999,0
GHCND:USC00049855,YOSEMITE PARK HEADQUARTERS CA US,20230817,-9999,-9999,0.1
GHCND:USC00049855,YOSEMITE PARK HEADQUARTERS CA US,20230818,-9999,-9999,0
GHCND:USC00049855,YOSEMITE PARK HEADQUARTERS CA US,20230819,-9999,-9999,0
GHCND:USC00049855,YOSEMITE PARK HEADQUARTERS CA US,20230820,-9999,-9999,0.5
GHCND:USC00049855,YOSEMITE PARK HEADQUARTERS CA US,20230821,-9999,-9999,0.01
GHCND:USC00049855,YOSEMITE PARK HEADQUARTERS CA US,20230822,-9999,-9999,0
GHCND:USC00049855,YOSEMITE PARK HEADQUARTERS CA US,20230823,-9999,-9999,0
GHCND:USC00049855,YOSEMITE PARK HEADQUARTERS CA US,20230824,-9999,-9999,0
GHCND:USC00049855,YOSEMITE PARK HEADQUARTERS CA US,20230825,-9999,-9999,0
GHCND:USC00049855,YOSEMITE PARK HEADQUARTERS CA US,20230826,-9999,-9999,0
GHCND:USC00049855,YOSEMITE PARK HEADQUARTERS CA US,20230827,-9999,-9999,0
GHCND:USC00049855,YOSEMITE PARK HEADQUARTERS CA US,20230828,-9999,-9999,0
GHCND:USC00049855,YOSEMITE PARK HEADQUARTERS CA US,20230829,-9999,-9999,0
GHCND:USC00049855,YOSEMITE PARK HEADQUARTERS CA US,20230830,-9999,-9999,0
GHCND:USC00049855,YOSEMITE PARK HEADQUARTERS CA US,20230831,-9999,-9999,0
GHCND:USC00049855,YOSEMITE PARK HEADQUARTERS CA US,20230901,-9999,-9999,0
GHCND:USC00049855,YOSEMITE PARK HEADQUARTERS CA US,20230902,-9999,-9999,0
GHCND:USC00049855,YOSEMITE PARK HEADQUARTERS CA US,20230903,-9999,-9999,0.5
GHCND:USC00049855,YOSEMITE PARK HEADQUARTERS CA US,20230904,-9999,-9999,0.16
GHCND:USC00049855,YOSEMITE PARK HEADQUARTERS CA US,20230905,-9999,-9999,0.01
GHCND:USC00049855,YOSEMITE PARK HEADQUARTERS CA US,20230906,-9999,-9999,0
GHCND:USC00049855,YOSEMITE PARK HEADQUARTERS CA US,20230907,-9999,-9999,0
GHCND:USC00049855,YOSEMITE PARK HEADQUARTERS CA US,20230908,-9999,-9999,0
GHCND:USC00049855,YOSEMITE PARK HEADQUARTERS CA US,20230909,-9999,-9999,0
GHCND:USC00049855,YOSEMITE PARK HEADQUARTERS CA US,20230910,-9999,-9999,0.06
GHCND:USC00049855,YOSEMITE PARK HEADQUARTERS CA US,20230911,-9999,-9999,0
GHCND:USC00049855,YOSEMITE PARK HEADQUARTERS CA US,20230912,-9999,-9999,0
GHCND:USC00049855,YOSEMITE PARK HEADQUARTERS CA US,20230913,-9999,-9999,0
GHCND:USC00049855,YOSEMITE PARK HEADQUARTERS CA US,20230914,-9999,-9999,0
GHCND:USC00049855,YOSEMITE PARK HEADQUARTERS CA US,20230915,-9999,-9999,0
GHCND:USC00049855,YOSEMITE PARK HEADQUARTERS CA US,20230916,-9999,-9999,0.01
GHCND:USC00049855,YOSEMITE PARK HEADQUARTERS CA US,20230917,-9999,-9999,0
GHCND:USC00049855,YOSEMITE PARK HEADQUARTERS CA US,20230918,-9999,-9999,0
GHCND:USC00049855,YOSEMITE PARK HEADQUARTERS CA US,20230919,-9999,-9999,0
GHCND:USC00049855,YOSEMITE PARK HEADQUARTERS CA US,20230920,-9999,-9999,0
GHCND:USC00049855,YOSEMITE PARK HEADQUARTERS CA US,20230921,-9999,-9999,1.2
GHCND:USC00049855,YOSEMITE PARK HEADQUARTERS CA US,20230922,-9999,-9999,0
GHCND:USC00049855,YOSEMITE PARK HEADQUARTERS CA US,20230923,-9999,-9999,0
GHCND:USC00049855,YOSEMITE PARK HEADQUARTERS CA US,20230924,-9999,-9999,0
GHCND:USC00049855,YOSEMITE PARK HEADQUARTERS CA US,20230925,-9999,-9999,0
GHCND:USC00049855,YOSEMITE PARK HEADQUARTERS CA US,20230926,-9999,-9999,0
GHCND:USC00049855,YOSEMITE PARK HEADQUARTERS CA US,20230927,-9999,-9999,0
GHCND:USC00049855,YOSEMITE PARK HEADQUARTERS CA US,20230928,-9999,-9999,0
GHCND:USC00049855,YOSEMITE PARK HEADQUARTERS CA US,20230929,-9999,-9999,0
GHCND:USC00049855,YOSEMITE PARK HEADQUARTERS CA US,20230930,-9999,-9999,0.1
GHCND:USC00049855,YOSEMITE PARK HEADQUARTERS CA US,20231001,-9999,-9999,0
GHCND:USC00049855,YOSEMITE PARK HEADQUARTERS CA US,20231002,-9999,-9999,0
GHCND:USC00049855,YOSEMITE PARK HEADQUARTERS CA US,20231003,-9999,-9999,0
GHCND:USC00049855,YOSEMITE PARK HEADQUARTERS CA US,20231004,-9999,-9999,0
GHCND:USC00049855,YOSEMITE PARK HEADQUARTERS CA US,20231005,-9999,-9999,0
GHCND:USC00049855,YOSEMITE PARK HEADQUARTERS CA US,20231006,-9999,-9999,0
GHCND:USC00049855,YOSEMITE PARK HEADQUARTERS CA US,20231007,-9999,-9999,0
GHCND:USC00049855,YOSEMITE PARK HEADQUARTERS CA US,20231008,-9999,-9999,0
GHCND:USC00049855,YOSEMITE PARK HEADQUARTERS CA US,20231009,-9999,-9999,0
GHCND:USC00049855,YOSEMITE PARK HEADQUARTERS CA US,20231010,-9999,-9999,0
GHCND:USC00049855,YOSEMITE PARK HEADQUARTERS CA US,20231011,-9999,-9999,0
GHCND:USC00049855,YOSEMITE PARK HEADQUARTERS CA US,20231012,-9999,-9999,0
GHCND:USC00049855,YOSEMITE PARK HEADQUARTERS CA US,20231013,-9999,-9999,0
GHCND:USC00049855,YOSEMITE PARK HEADQUARTERS CA US,20231014,-9999,-9999,0
GHCND:USC00049855,YOSEMITE PARK HEADQUARTERS CA US,20231015,-9999,-9999,0
GHCND:USC00049855,YOSEMITE PARK HEADQUARTERS CA US,20231016,-9999,-9999,0
GHCND:USC00049855,YOSEMITE PARK HEADQUARTERS CA US,20231017,-9999,-9999,0
GHCND:USC00049855,YOSEMITE PARK HEADQUARTERS CA US,20231018,-9999,-9999,0
GHCND:USC00049855,YOSEMITE PARK HEADQUARTERS CA US,20231019,-9999,-9999,0
GHCND:USC00049855,YOSEMITE PARK HEADQUARTERS CA US,20231020,-9999,-9999,0
GHCND:USC00049855,YOSEMITE PARK HEADQUARTERS CA US,20231021,-9999,-9999,0
GHCND:USC00049855,YOSEMITE PARK HEADQUARTERS CA US,20231022,-9999,-9999,0
GHCND:USC00049855,YOSEMITE PARK HEADQUARTERS CA US,20231023,-9999,-9999,0
GHCND:USC00049855,YOSEMITE PARK HEADQUARTERS CA US,20231024,-9999,-9999,0
GHCND:USC00049855,YOSEMITE PARK HEADQUARTERS CA US,20231025,-9999,-9999,0
GHCND:USC00049855,YOSEMITE PARK HEADQUARTERS CA US,20231026,-9999,-9999,0
GHCND:USC00049855,YOSEMITE PARK HEADQUARTERS CA US,20231027,-9999,-9999,0
GHCND:USC00049855,YOSEMITE PARK HEADQUARTERS CA US,20231028,-9999,-9999,0
GHCND:USC00049855,YOSEMITE PARK HEADQUARTERS CA US,20231029,-9999,-9999,0
GHCND:USC00049855,YOSEMITE PARK HEADQUARTERS CA US,20231030,-9999,-9999,0
GHCND:USC00049855,YOSEMITE PARK HEADQUARTERS CA US,20231031,-9999,-9999,0
GHCND:USC00049855,YOSEMITE PARK HEADQUARTERS CA US,20231101,-9999,-9999,0
GHCND:USC00049855,YOSEMITE PARK HEADQUARTERS CA US,20231102,-9999,-9999,0
GHCND:USC00049855,YOSEMITE PARK HEADQUARTERS CA US,20231103,-9999,-9999,0
GHCND:USC00049855,YOSEMITE PARK HEADQUARTERS CA US,20231104,-9999,-9999,0
GHCND:USC00049855,YOSEMITE PARK HEADQUARTERS CA US,20231105,-9999,-9999,0
GHCND:USC00049855,YOSEMITE PARK HEADQUARTERS CA US,20231106,-9999,-9999,1
GHCND:USC00049855,YOSEMITE PARK HEADQUARTERS CA US,20231107,-9999,-9999,0.81
GHCND:USC00049855,YOSEMITE PARK HEADQUARTERS CA US,20231108,-9999,-9999,0
GHCND:USC00049855,YOSEMITE PARK HEADQUARTERS CA US,20231109,-9999,-9999,0
GHCND:USC00049855,YOSEMITE PARK HEADQUARTERS CA US,20231110,-9999,-9999,0
GHCND:USC00049855,YOSEMITE PARK HEADQUARTERS CA US,20231111,-9999,-9999,0
GHCND:USC00049855,YOSEMITE PARK HEADQUARTERS CA US,20231112,-9999,-9999,0.3
GHCND:USC00049855,YOSEMITE PARK HEADQUARTERS CA US,20231113,-9999,-9999,0
GHCND:USC00049855,YOSEMITE PARK HEADQUARTERS CA US,20231114,-9999,-9999,0
GHCND:USC00049855,YOSEMITE PARK HEADQUARTERS CA US,20231115,-9999,-9999,0
GHCND:USC00049855,YOSEMITE PARK HEADQUARTERS CA US,20231116,-9999,-9999,0.31
GHCND:USC00049855,YOSEMITE PARK HEADQUARTERS CA US,20231117,-9999,-9999,0.01
GHCND:USC00049855,YOSEMITE PARK HEADQUARTERS CA US,20231118,-9999,-9999,0.02
GHCND:USC00049855,YOSEMITE PARK HEADQUARTERS CA US,20231119,-9999,-9999,1.16
GHCND:USC00049855,YOSEMITE PARK HEADQUARTERS CA US,20231120,-9999,-9999,0
GHCND:USC00049855,YOSEMITE PARK HEADQUARTERS CA US,20231121,-9999,-9999,0
GHCND:USC00049855,YOSEMITE PARK HEADQUARTERS CA US,20231122,-9999,-9999,0.01
GHCND:USC00049855,YOSEMITE PARK HEADQUARTERS CA US,20231123,-9999,-9999,0
GHCND:USC00049855,YOSEMITE PARK HEADQUARTERS CA US,20231124,-9999,-9999,0
GHCND:USC00049855,YOSEMITE PARK HEADQUARTERS CA US,20231125,-9999,-9999,0
GHCND:USC00049855,YOSEMITE PARK HEADQUARTERS CA US,20231126,-9999,-9999,0
GHCND:USC00049855,YOSEMITE PARK HEADQUARTERS CA US,20231127,-9999,-9999,0
GHCND:USC00049855,YOSEMITE PARK HEADQUARTERS CA US,20231128,-9999,-9999,0
GHCND:USC00049855,YOSEMITE PARK HEADQUARTERS CA US,20231129,-9999,-9999,0
GHCND:USC00049855,YOSEMITE PARK HEADQUARTERS CA US,20231130,-9999,-9999,0
GHCND:USC00049855,YOSEMITE PARK HEADQUARTERS CA US,20240102,-9999,-9999,0.56
GHCND:USC00049855,YOSEMITE PARK HEADQUARTERS CA US,20240103,-9999,-9999,0.1
GHCND:USC00049855,YOSEMITE PARK HEADQUARTERS CA US,20240104,-9999,-9999,0
GHCND:USC00049855,YOSEMITE PARK HEADQUARTERS CA US,20240105,-9999,-9999,0
GHCND:USC00049855,YOSEMITE PARK HEADQUARTERS CA US,20240106,-9999,-9999,0.4
GHCND:USC00049855,YOSEMITE PARK HEADQUARTERS CA US,20240107,-9999,-9999,0
GHCND:USC00049855,YOSEMITE PARK HEADQUARTERS CA US,20240109,-9999,-9999,0.01
GHCND:USC00049855,YOSEMITE PARK HEADQUARTERS CA US,20240110,-9999,-9999,0.47
GHCND:USC00049855,YOSEMITE PARK HEADQUARTERS CA US,20240111,-9999,-9999,0
GHCND:USC00049855,YOSEMITE PARK HEADQUARTERS CA US,20240112,-9999,-9999,0.1
GHCND:USC00049855,YOSEMITE PARK HEADQUARTERS CA US,20240113,-9999,-9999,0.41
GHCND:USC00049855,YOSEMITE PARK HEADQUARTERS CA US,20240114,-9999,-9999,0
GHCND:USC00049855,YOSEMITE PARK HEADQUARTERS CA US,20240201,-9999,-9999,1.1
GHCND:USC00049855,YOSEMITE PARK HEADQUARTERS CA US,20240202,-9999,-9999,0.82
GHCND:USC00049855,YOSEMITE PARK HEADQUARTERS CA US,20240203,-9999,-9999,0.32
GHCND:USC00049855,YOSEMITE PARK HEADQUARTERS CA US,20240204,-9999,-9999,0.45
GHCND:USC00049855,YOSEMITE PARK HEADQUARTERS CA US,20240205,-9999,-9999,1.85
GHCND:USC00049855,YOSEMITE PARK HEADQUARTERS CA US,20240206,-9999,-9999,0.13
GHCND:USC00049855,YOSEMITE PARK HEADQUARTERS CA US,20240207,-9999,-9999,0
GHCND:USC00049855,YOSEMITE PARK HEADQUARTERS CA US,20240208,-9999,-9999,0.61
GHCND:USC00049855,YOSEMITE PARK HEADQUARTERS CA US,20240209,-9999,-9999,0
GHCND:USC00049855,YOSEMITE PARK HEADQUARTERS CA US,20240210,-9999,-9999,0
GHCND:USC00049855,YOSEMITE PARK HEADQUARTERS CA US,20240211,-9999,-9999,0
GHCND:USC00049855,YOSEMITE PARK HEADQUARTERS CA US,20240212,-9999,-9999,0
GHCND:USC00049855,YOSEMITE PARK HEADQUARTERS CA US,20240213,-9999,-9999,0
GHCND:USC00049855,YOSEMITE PARK HEADQUARTERS CA US,20240214,-9999,-9999,0
GHCND:USC00049855,YOSEMITE PARK HEADQUARTERS CA US,20240215,-9999,-9999,0.82
GHCND:USC00049855,YOSEMITE PARK HEADQUARTERS CA US,20240216,-9999,-9999,0
GHCND:USC00049855,YOSEMITE PARK HEADQUARTERS CA US,20240217,-9999,-9999,0
GHCND:USC00049855,YOSEMITE PARK HEADQUARTERS CA US,20240218,-9999,-9999,0
GHCND:USC00049855,YOSEMITE PARK HEADQUARTERS CA US,20240219,-9999,-9999,1.4
GHCND:USC00049855,YOSEMITE PARK HEADQUARTERS CA US,20240220,-9999,-9999,0.07
GHCND:USC00049855,YOSEMITE PARK HEADQUARTERS CA US,20240221,-9999,-9999,0.98
GHCND:USC00049855,YOSEMITE PARK HEADQUARTERS CA US,20240222,-9999,-9999,0
GHCND:USC00049855,YOSEMITE PARK HEADQUARTERS CA US,20240223,-9999,-9999,0
GHCND:USC00049855,YOSEMITE PARK HEADQUARTERS CA US,20240224,-9999,-9999,0
GHCND:USC00049855,YOSEMITE PARK HEADQUARTERS CA US,20240225,-9999,-9999,0
GHCND:USC00049855,YOSEMITE PARK HEADQUARTERS CA US,20240226,-9999,-9999,0
GHCND:USC00049855,YOSEMITE PARK HEADQUARTERS CA US,20240227,-9999,-9999,0.15
GHCND:USC00049855,YOSEMITE PARK HEADQUARTERS CA US,20240228,-9999,-9999,0
GHCND:USC00049855,YOSEMITE PARK HEADQUARTERS CA US,20240229,-9999,-9999,0
GHCND:USC00049855,YOSEMITE PARK HEADQUARTERS CA US,20240301,-9999,-9999,0.2
GHCND:USC00049855,YOSEMITE PARK HEADQUARTERS CA US,20240303,-9999,-9999,0.45
GHCND:USC00049855,YOSEMITE PARK HEADQUARTERS CA US,20240304,-9999,-9999,0
GHCND:USC00049855,YOSEMITE PARK HEADQUARTERS CA US,20240305,-9999,-9999,0
GHCND:USC00049855,YOSEMITE PARK HEADQUARTERS CA US,20240306,-9999,-9999,0
GHCND:USC00049855,YOSEMITE PARK HEADQUARTERS CA US,20240307,-9999,-9999,0
GHCND:USC00049855,YOSEMITE PARK HEADQUARTERS CA US,20240308,-9999,-9999,0
GHCND:USC00049855,YOSEMITE PARK HEADQUARTERS CA US,20240309,-9999,-9999,0
GHCND:USC00049855,YOSEMITE PARK HEADQUARTERS CA US,20240310,-9999,-9999,0
GHCND:USC00049855,YOSEMITE PARK HEADQUARTERS CA US,20240311,-9999,-9999,0.18
GHCND:USC00049855,YOSEMITE PARK HEADQUARTERS CA US,20240312,-9999,-9999,0.3
GHCND:USC00049855,YOSEMITE PARK HEADQUARTERS CA US,20240313,-9999,-9999,0.05
GHCND:USC00049855,YOSEMITE PARK HEADQUARTERS CA US,20240314,-9999,-9999,0
GHCND:USC00049855,YOSEMITE PARK HEADQUARTERS CA US,20240315,-9999,-9999,0
GHCND:USC00049855,YOSEMITE PARK HEADQUARTERS CA US,20240316,-9999,-9999,0
GHCND:USC00049855,YOSEMITE PARK HEADQUARTERS CA US,20240317,-9999,-9999,0
GHCND:USC00049855,YOSEMITE PARK HEADQUARTERS CA US,20240318,-9999,-9999,0
GHCND:USC00049855,YOSEMITE PARK HEADQUARTERS CA US,20240319,-9999,-9999,0
GHCND:USC00049855,YOSEMITE PARK HEADQUARTERS CA US,20240320,-9999,-9999,0
GHCND:USC00049855,YOSEMITE PARK HEADQUARTERS CA US,20240321,-9999,-9999,0
GHCND:USC00049855,YOSEMITE PARK HEADQUARTERS CA US,20240322,-9999,-9999,0
GHCND:USC00049855,YOSEMITE PARK HEADQUARTERS CA US,20240323,-9999,-9999,0.71
GHCND:USC00049855,YOSEMITE PARK HEADQUARTERS CA US,20240324,-9999,-9999,0.44
GHCND:USC00049855,YOSEMITE PARK HEADQUARTERS CA US,20240325,-9999,-9999,0
GHCND:USC00049855,YOSEMITE PARK HEADQUARTERS CA US,20240329,-9999,-9999,1.52
GHCND:USC00049855,YOSEMITE PARK HEADQUARTERS CA US,20240330,-9999,-9999,0.7
GHCND:USC00049855,YOSEMITE PARK HEADQUARTERS CA US,20240331,-9999,-9999,0.12
GHCND:USC00049855,YOSEMITE PARK HEADQUARTERS CA US,20240503,-9999,-9999,0
GHCND:USC00049855,YOSEMITE PARK HEADQUARTERS CA US,20240504,-9999,-9999,0
GHCND:USC00049855,YOSEMITE PARK HEADQUARTERS CA US,20240505,-9999,-9999,1.34
GHCND:USC00049855,YOSEMITE PARK HEADQUARTERS CA US,20240506,-9999,-9999,0.01
GHCND:USC00049855,YOSEMITE PARK HEADQUARTERS CA US,20240507,-9999,-9999,0
GHCND:USC00049855,YOSEMITE PARK HEADQUARTERS CA US,20240508,-9999,-9999,0
GHCND:USC00049855,YOSEMITE PARK HEADQUARTERS CA US,20240509,-9999,-9999,0
GHCND:USC00049855,YOSEMITE PARK HEADQUARTERS CA US,20240510,-9999,-9999,0
GHCND:USC00049855,YOSEMITE PARK HEADQUARTERS CA US,20240511,-9999,-9999,0
GHCND:USC00049855,YOSEMITE PARK HEADQUARTERS CA US,20240513,-9999,-9999,0
GHCND:USC00049855,YOSEMITE PARK HEADQUARTERS CA US,20240514,-9999,-9999,0.2
GHCND:USC00049855,YOSEMITE PARK HEADQUARTERS CA US,20240515,-9999,-9999,0
GHCND:USC00049855,YOSEMITE PARK HEADQUARTERS CA US,20240517,-9999,-9999,0
GHCND:USC00049855,YOSEMITE PARK HEADQUARTERS CA US,20240518,-9999,-9999,0
GHCND:USC00049855,YOSEMITE PARK HEADQUARTERS CA US,20240520,-9999,-9999,0
GHCND:USC00049855,YOSEMITE PARK HEADQUARTERS CA US,20240521,-9999,-9999,0
GHCND:USC00049855,YOSEMITE PARK HEADQUARTERS CA US,20240522,-9999,-9999,0
GHCND:USC00049855,YOSEMITE PARK HEADQUARTERS CA US,20240523,-9999,-9999,0
GHCND:USC00049855,YOSEMITE PARK HEADQUARTERS CA US,20240525,-9999,-9999,0
GHCND:USC00049855,YOSEMITE PARK HEADQUARTERS CA US,20240526,-9999,-9999,0
GHCND:USC00049855,YOSEMITE PARK HEADQUARTERS CA US,20240527,-9999,-9999,0
GHCND:USC00049855,YOSEMITE PARK HEADQUARTERS CA US,20240528,-9999,-9999,0
GHCND:USC00049855,YOSEMITE PARK HEADQUARTERS CA US,20240529,-9999,-9999,0
GHCND:USC00049855,YOSEMITE PARK HEADQUARTERS CA US,20240530,-9999,-9999,0
GHCND:USC00049855,YOSEMITE PARK HEADQUARTERS CA US,20240531,-9999,-9999,0
GHCND:USC00049855,YOSEMITE PARK HEADQUARTERS CA US,20240701,-9999,-9999,0
GHCND:USC00049855,YOSEMITE PARK HEADQUARTERS CA US,20240702,-9999,-9999,0
GHCND:USC00049855,YOSEMITE PARK HEADQUARTERS CA US,20240703,-9999,-9999,0
GHCND:USC00049855,YOSEMITE PARK HEADQUARTERS CA US,20240705,-9999,-9999,0
GHCND:USC00049855,YOSEMITE PARK HEADQUARTERS CA US,20240706,-9999,-9999,0
GHCND:USC00049855,YOSEMITE PARK HEADQUARTERS CA US,20240707,-9999,-9999,0
GHCND:USC00049855,YOSEMITE PARK HEADQUARTERS CA US,20240708,-9999,-9999,0
GHCND:USC00049855,YOSEMITE PARK HEADQUARTERS CA US,20240709,-9999,-9999,0
GHCND:USC00049855,YOSEMITE PARK HEADQUARTERS CA US,20240710,-9999,-9999,0
GHCND:USC00049855,YOSEMITE PARK HEADQUARTERS CA US,20240711,-9999,-9999,0
GHCND:USC00049855,YOSEMITE PARK HEADQUARTERS CA US,20240713,-9999,-9999,0
GHCND:USC00049855,YOSEMITE PARK HEADQUARTERS CA US,20240714,-9999,-9999,1.25
GHCND:USC00049855,YOSEMITE PARK HEADQUARTERS CA US,20240715,-9999,-9999,0.01
GHCND:USC00049855,YOSEMITE PARK HEADQUARTERS CA US,20240716,-9999,-9999,0.4
GHCND:USC00049855,YOSEMITE PARK HEADQUARTERS CA US,20240717,-9999,-9999,0
GHCND:USC00049855,YOSEMITE PARK HEADQUARTERS CA US,20240719,-9999,-9999,0
GHCND:USC00049855,YOSEMITE PARK HEADQUARTERS CA US,20240720,-9999,-9999,0
GHCND:USC00049855,YOSEMITE PARK HEADQUARTERS CA US,20240723,-9999,-9999,0
GHCND:USC00049855,YOSEMITE PARK HEADQUARTERS CA US,20240724,-9999,-9999,0
GHCND:USC00049855,YOSEMITE PARK HEADQUARTERS CA US,20240726,-9999,-9999,0
GHCND:USC00049855,YOSEMITE PARK HEADQUARTERS CA US,20240728,-9999,-9999,0
GHCND:USC00049855,YOSEMITE PARK HEADQUARTERS CA US,20240729,-9999,-9999,0
GHCND:USC00049855,YOSEMITE PARK HEADQUARTERS CA US,20240730,-9999,-9999,0
GHCND:USC00049855,YOSEMITE PARK HEADQUARTERS CA US,20240731,-9999,-9999,0
GHCND:USC00049855,YOSEMITE PARK HEADQUARTERS CA US,20240803,-9999,-9999,0.05
GHCND:USC00049855,YOSEMITE PARK HEADQUARTERS CA US,20240804,-9999,-9999,0
GHCND:USC00049855,YOSEMITE PARK HEADQUARTERS CA US,20240805,-9999,-9999,0
GHCND:USC00049855,YOSEMITE PARK HEADQUARTERS CA US,20240807,-9999,-9999,0
GHCND:USC00049855,YOSEMITE PARK HEADQUARTERS CA US,20240809,-9999,-9999,0
GHCND:USC00049855,YOSEMITE PARK HEADQUARTERS CA US,20240810,-9999,-9999,0
GHCND:USC00049855,YOSEMITE PARK HEADQUARTERS CA US,20240811,-9999,-9999,0
GHCND:USC00049855,YOSEMITE PARK HEADQUARTERS CA US,20240812,-9999,-9999,0
GHCND:USC00049855,YOSEMITE PARK HEADQUARTERS CA US,20240813,-9999,-9999,0
GHCND:USC00049855,YOSEMITE PARK HEADQUARTERS CA US,20240817,-9999,-9999,0
GHCND:USC00049855,YOSEMITE PARK HEADQUARTERS CA US,20240819,-9999,-9999,0
GHCND:USC00049855,YOSEMITE PARK HEADQUARTERS CA US,20240820,-9999,-9999,0
GHCND:USC00049855,YOSEMITE PARK HEADQUARTERS CA US,20240821,-9999,-9999,0
GHCND:USC00049855,YOSEMITE PARK HEADQUARTERS CA US,20240824,-9999,-9999,0.12
GHCND:USC00049855,YOSEMITE PARK HEADQUARTERS CA US,20240825,-9999,-9999,0
GHCND:USC00049855,YOSEMITE PARK HEADQUARTERS CA US,20240826,-9999,-9999,0
GHCND:USC00049855,YOSEMITE PARK HEADQUARTERS CA US,20240827,-9999,-9999,0
GHCND:USC00049855,YOSEMITE PARK HEADQUARTERS CA US,20240828,-9999,-9999,0
GHCND:USC00049855,YOSEMITE PARK HEADQUARTERS CA US,20240830,-9999,-9999,0
GHCND:USC00049855,YOSEMITE PARK HEADQUARTERS CA US,20240831,-9999,-9999,0
GHCND:USC00049855,YOSEMITE PARK HEADQUARTERS CA US,20240901,-9999,-9999,0
GHCND:USC00049855,YOSEMITE PARK HEADQUARTERS CA US,20240902,-9999,-9999,0
GHCND:USC00049855,YOSEMITE PARK HEADQUARTERS CA US,20240903,-9999,-9999,0
GHCND:USC00049855,YOSEMITE PARK HEADQUARTERS CA US,20240904,-9999,-9999,0
GHCND:USC00049855,YOSEMITE PARK HEADQUARTERS CA US,20240905,-9999,-9999,0
GHCND:USC00049855,YOSEMITE PARK HEADQUARTERS CA US,20240906,-9999,-9999,0
GHCND:USC00049855,YOSEMITE PARK HEADQUARTERS CA US,20240907,-9999,-9999,0
GHCND:USC00049855,YOSEMITE PARK HEADQUARTERS CA US,20240908,-9999,-9999,0
GHCND:USC00049855,YOSEMITE PARK HEADQUARTERS CA US,20240909,-9999,-9999,0
GHCND:USC00049855,YOSEMITE PARK HEADQUARTERS CA US,20240910,-9999,-9999,0
GHCND:USC00049855,YOSEMITE PARK HEADQUARTERS CA US,20240911,-9999,-9999,0
GHCND:USC00049855,YOSEMITE PARK HEADQUARTERS CA US,20240912,-9999,-9999,0
GHCND:USC00049855,YOSEMITE PARK HEADQUARTERS CA US,20240913,-9999,-9999,0
GHCND:USC00049855,YOSEMITE PARK HEADQUARTERS CA US,20240915,-9999,-9999,0
GHCND:USC00049855,YOSEMITE PARK HEADQUARTERS CA US,20240916,-9999,-9999,0
GHCND:USC00049855,YOSEMITE PARK HEADQUARTERS CA US,20240917,-9999,-9999,0
GHCND:USC00049855,YOSEMITE PARK HEADQUARTERS CA US,20240918,-9999,-9999,0
GHCND:USC00049855,YOSEMITE PARK HEADQUARTERS CA US,20240920,-9999,-9999,0.14
GHCND:USC00049855,YOSEMITE PARK HEADQUARTERS CA US,20240921,-9999,-9999,0
GHCND:USC00049855,YOSEMITE PARK HEADQUARTERS CA US,20240922,-9999,-9999,0
GHCND:USC00049855,YOSEMITE PARK HEADQUARTERS CA US,20240923,-9999,-9999,0
GHCND:USC00049855,YOSEMITE PARK HEADQUARTERS CA US,20240924,-9999,-9999,0
GHCND:USC00049855,YOSEMITE PARK HEADQUARTERS CA US,20240928,-9999,-9999,0
GHCND:USC00049855,YOSEMITE PARK HEADQUARTERS CA US,20240929,-9999,-9999,0
GHCND:USC00049855,YOSEMITE PARK HEADQUARTERS CA US,20240930,-9999,-9999,0
GHCND:USC00049855,YOSEMITE PARK HEADQUARTERS CA US,20241001,-9999,-9999,0
GHCND:USC00049855,YOSEMITE PARK HEADQUARTERS CA US,20241002,-9999,-9999,0
GHCND:USC00049855,YOSEMITE PARK HEADQUARTERS CA US,20241003,-9999,-9999,0
GHCND:USC00049855,YOSEMITE PARK HEADQUARTERS CA US,20241004,-9999,-9999,0
GHCND:USC00049855,YOSEMITE PARK HEADQUARTERS CA US,20241005,-9999,-9999,0
GHCND:USC00049855,YOSEMITE PARK HEADQUARTERS CA US,20241006,-9999,-9999,0
GHCND:USC00049855,YOSEMITE PARK HEADQUARTERS CA US,20241007,-9999,-9999,0
GHCND:USC00049855,YOSEMITE PARK HEADQUARTERS CA US,20241008,-9999,-9999,0
GHCND:USC00049855,YOSEMITE PARK HEADQUARTERS CA US,20241009,-9999,-9999,0.1
GHCND:USC00049855,YOSEMITE PARK HEADQUARTERS CA US,20241010,-9999,-9999,0
GHCND:USC00049855,YOSEMITE PARK HEADQUARTERS CA US,20241011,-9999,-9999,0
GHCND:USC00049855,YOSEMITE PARK HEADQUARTERS CA US,20241012,-9999,-9999,0
GHCND:USC00049855,YOSEMITE PARK HEADQUARTERS CA US,20241013,-9999,-9999,0
GHCND:USC00049855,YOSEMITE PARK HEADQUARTERS CA US,20241014,-9999,-9999,0
GHCND:USC00049855,YOSEMITE PARK HEADQUARTERS CA US,20241015,-9999,-9999,0
GHCND:USC00049855,YOSEMITE PARK HEADQUARTERS CA US,20241016,-9999,-9999,0
GHCND:USC00049855,YOSEMITE PARK HEADQUARTERS CA US,20241018,-9999,-9999,0
GHCND:USC00049855,YOSEMITE PARK HEADQUARTERS CA US,20241019,-9999,-9999,0
GHCND:USC00049855,YOSEMITE PARK HEADQUARTERS CA US,20241020,-9999,-9999,0
GHCND:USC00049855,YOSEMITE PARK HEADQUARTERS CA US,20241021,-9999,-9999,0
GHCND:USC00049855,YOSEMITE PARK HEADQUARTERS CA US,20241022,-9999,-9999,0
GHCND:USC00049855,YOSEMITE PARK HEADQUARTERS CA US,20241023,-9999,-9999,0
GHCND:USC00049855,YOSEMITE PARK HEADQUARTERS CA US,20241024,-9999,-9999,0
GHCND:USC00049855,YOSEMITE PARK HEADQUARTERS CA US,20241025,-9999,-9999,0
GHCND:USC00049855,YOSEMITE PARK HEADQUARTERS CA US,20241027,-9999,-9999,0
GHCND:USC00049855,YOSEMITE PARK HEADQUARTERS CA US,20241028,-9999,-9999,0.06
GHCND:USC00049855,YOSEMITE PARK HEADQUARTERS CA US,20241029,-9999,-9999,0.14
GHCND:USC00049855,YOSEMITE PARK HEADQUARTERS CA US,20241030,-9999,-9999,0.01
GHCND:USC00049855,YOSEMITE PARK HEADQUARTERS CA US,20241031,-9999,-9999,0
GHCND:USC00049855,YOSEMITE PARK HEADQUARTERS CA US,20241101,-9999,-9999,0
GHCND:USC00049855,YOSEMITE PARK HEADQUARTERS CA US,20241102,-9999,-9999,0.08
GHCND:USC00049855,YOSEMITE PARK HEADQUARTERS CA US,20241103,-9999,-9999,0
GHCND:USC00049855,YOSEMITE PARK HEADQUARTERS CA US,20241104,-9999,-9999,0
GHCND:USC00049855,YOSEMITE PARK HEADQUARTERS CA US,20241105,-9999,-9999,0
GHCND:USC00049855,YOSEMITE PARK HEADQUARTERS CA US,20241106,-9999,-9999,0
GHCND:USC00049855,YOSEMITE PARK HEADQUARTERS CA US,20241107,-9999,-9999,0
GHCND:USC00049855,YOSEMITE PARK HEADQUARTERS CA US,20241108,-9999,-9999,0
GHCND:USC00049855,YOSEMITE PARK HEADQUARTERS CA US,20241109,-9999,-9999,0
GHCND:USC00049855,YOSEMITE PARK HEADQUARTERS CA US,20241110,-9999,-9999,0
GHCND:USC00049855,YOSEMITE PARK HEADQUARTERS CA US,20241111,-9999,-9999,0
GHCND:USC00049855,YOSEMITE PARK HEADQUARTERS CA US,20241112,-9999,-9999,0.44
GHCND:USC00049855,YOSEMITE PARK HEADQUARTERS CA US,20241113,-9999,-9999,0
GHCND:USC00049855,YOSEMITE PARK HEADQUARTERS CA US,20241114,-9999,-9999,0
GHCND:USC00049855,YOSEMITE PARK HEADQUARTERS CA US,20241115,-9999,-9999,0.14
GHCND:USC00049855,YOSEMITE PARK HEADQUARTERS CA US,20241116,-9999,-9999,0.07
GHCND:USC00049855,YOSEMITE PARK HEADQUARTERS CA US,20241117,-9999,-9999,0
GHCND:USC00049855,YOSEMITE PARK HEADQUARTERS CA US,20241118,-9999,-9999,0.05
GHCND:USC00049855,YOSEMITE PARK HEADQUARTERS CA US,20241119,-9999,-9999,0.01
GHCND:USC00049855,YOSEMITE PARK HEADQUARTERS CA US,20241120,-9999,-9999,0.01
GHCND:USC00049855,YOSEMITE PARK HEADQUARTERS CA US,20241121,-9999,-9999,0
GHCND:USC00049855,YOSEMITE PARK HEADQUARTERS CA US,20241122,-9999,-9999,0
GHCND:USC00049855,YOSEMITE PARK HEADQUARTERS CA US,20241123,-9999,-9999,1.5
GHCND:USC00049855,YOSEMITE PARK HEADQUARTERS CA US,20241124,-9999,-9999,0.27
GHCND:USC00049855,YOSEMITE PARK HEADQUARTERS CA US,20241125,-9999,-9999,0.1
GHCND:USC00049855,YOSEMITE PARK HEADQUARTERS CA US,20241126,-9999,-9999,1.76
GHCND:USC00049855,YOSEMITE PARK HEADQUARTERS CA US,20241127,-9999,-9999,0.22
GHCND:USC00049855,YOSEMITE PARK HEADQUARTERS CA US,20241128,-9999,-9999,0
GHCND:USC00049855,YOSEMITE PARK HEADQUARTERS CA US,20241129,-9999,-9999,0
GHCND:USC00049855,YOSEMITE PARK HEADQUARTERS CA US,20241130,-9999,-9999,0
GHCND:USC00049855,YOSEMITE PARK HEADQUARTERS CA US,20241230,-9999,-9999,0.83
GHCND:USC00049855,YOSEMITE PARK HEADQUARTERS CA US,20241231,-9999,-9999,0
GHCND:USC00049855,YOSEMITE PARK HEADQUARTERS CA US,20250201,-9999,-9999,0.55
GHCND:USC00049855,YOSEMITE PARK HEADQUARTERS CA US,20250202,-9999,-9999,1.3
GHCND:USC00049855,YOSEMITE PARK HEADQUARTERS CA US,20250203,-9999,-9999,0.01
GHCND:USC00049855,YOSEMITE PARK HEADQUARTERS CA US,20250204,-9999,-9999,0
GHCND:USC00049855,YOSEMITE PARK HEADQUARTERS CA US,20250205,-9999,-9999,1.48
GHCND:USC00049855,YOSEMITE PARK HEADQUARTERS CA US,20250206,-9999,-9999,0.02
GHCND:USC00049855,YOSEMITE PARK HEADQUARTERS CA US,20250207,-9999,-9999,1.52
GHCND:USC00049855,YOSEMITE PARK HEADQUARTERS CA US,20250208,-9999,-9999,1.7
GHCND:USC00049855,YOSEMITE PARK HEADQUARTERS CA US,20250209,-9999,-9999,0
GHCND:USC00049855,YOSEMITE PARK HEADQUARTERS CA US,20250210,-9999,-9999,0
GHCND:USC00049855,YOSEMITE PARK HEADQUARTERS CA US,20250211,-9999,-9999,0
GHCND:USC00049855,YOSEMITE PARK HEADQUARTERS CA US,20250212,-9999,-9999,0
GHCND:USC00049855,YOSEMITE PARK HEADQUARTERS CA US,20250213,-9999,-9999,1.87
GHCND:USC00049855,YOSEMITE PARK HEADQUARTERS CA US,20250214,-9999,-9999,2.67
GHCND:USC00049855,YOSEMITE PARK HEADQUARTERS CA US,20250215,-9999,-9999,0.17
GHCND:USC00049855,YOSEMITE PARK HEADQUARTERS CA US,20250216,-9999,-9999,0.01
GHCND:USC00049855,YOSEMITE PARK HEADQUARTERS CA US,20250217,-9999,-9999,0.01
GHCND:USC00049855,YOSEMITE PARK HEADQUARTERS CA US,20250218,-9999,-9999,0
GHCND:USC00049855,YOSEMITE PARK HEADQUARTERS CA US,20250219,-9999,-9999,0
GHCND:USC00049855,YOSEMITE PARK HEADQUARTERS CA US,20250220,-9999,-9999,0
GHCND:USC00049855,YOSEMITE PARK HEADQUARTERS CA US,20250221,-9999,-9999,0
GHCND:USC00049855,YOSEMITE PARK HEADQUARTERS CA US,20250222,-9999,-9999,0
GHCND:USC00049855,YOSEMITE PARK HEADQUARTERS CA US,20250223,-9999,-9999,0
GHCND:USC00049855,YOSEMITE PARK HEADQUARTERS CA US,20250224,-9999,-9999,0
GHCND:USC00049855,YOSEMITE PARK HEADQUARTERS CA US,20250225,-9999,-9999,0
GHCND:USC00049855,YOSEMITE PARK HEADQUARTERS CA US,20250226,-9999,-9999,0
GHCND:USC00049855,YOSEMITE PARK HEADQUARTERS CA US,20250227,-9999,-9999,0
GHCND:USC00049855,YOSEMITE PARK HEADQUARTERS CA US,20250228,-9999,-9999,0
GHCND:USC00049855,YOSEMITE PARK HEADQUARTERS CA US,20250301,-9999,-9999,0
GHCND:USC00049855,YOSEMITE PARK HEADQUARTERS CA US,20250302,-9999,-9999,0.5
GHCND:USC00049855,YOSEMITE PARK HEADQUARTERS CA US,20250303,-9999,-9999,0.23
GHCND:USC00049855,YOSEMITE PARK HEADQUARTERS CA US,20250304,-9999,-9999,0
GHCND:USC00049855,YOSEMITE PARK HEADQUARTERS CA US,20250305,-9999,-9999,0.22
GHCND:USC00049855,YOSEMITE PARK HEADQUARTERS CA US,20250307,-9999,-9999,0.08
GHCND:USC00049855,YOSEMITE PARK HEADQUARTERS CA US,20250308,-9999,-9999,0
GHCND:USC00049855,YOSEMITE PARK HEADQUARTERS CA US,20250309,-9999,-9999,0
GHCND:USC00049855,YOSEMITE PARK HEADQUARTERS CA US,20250310,-9999,-9999,0
GHCND:USC00049855,YOSEMITE PARK HEADQUARTERS CA US,20250311,-9999,-9999,0
GHCND:USC00049855,YOSEMITE PARK HEADQUARTERS CA US,20250313,-9999,-9999,2.05
GHCND:USC00049855,YOSEMITE PARK HEADQUARTERS CA US,20250314,-9999,-9999,2.5
GHCND:USC00049855,YOSEMITE PARK HEADQUARTERS CA US,20250315,-9999,-9999,2.4
GHCND:USC00049855,YOSEMITE PARK HEADQUARTERS CA US,20250316,-9999,-9999,0
GHCND:USC00049855,YOSEMITE PARK HEADQUARTERS CA US,20250317,-9999,-9999,1.62
GHCND:USC00049855,YOSEMITE PARK HEADQUARTERS CA US,20250318,-9999,-9999,0
GHCND:USC00049855,YOSEMITE PARK HEADQUARTERS CA US,20250319,-9999,-9999,0
GHCND:USC00049855,YOSEMITE PARK HEADQUARTERS CA US,20250321,-9999,-9999,0
GHCND:USC00049855,YOSEMITE PARK HEADQUARTERS CA US,20250322,-9999,-9999,0
GHCND:USC00049855,YOSEMITE PARK HEADQUARTERS CA US,20250323,-9999,-9999,0.02
GHCND:USC00049855,YOSEMITE PARK HEADQUARTERS CA US,20250324,-9999,-9999,0
GHCND:USC00049855,YOSEMITE PARK HEADQUARTERS CA US,20250325,-9999,-9999,0
GHCND:USC00049855,YOSEMITE PARK HEADQUARTERS CA US,20250326,-9999,-9999,0
GHCND:USC00049855,YOSEMITE PARK HEADQUARTERS CA US,20250327,-9999,-9999,0
GHCND:USC00049855,YOSEMITE PARK HEADQUARTERS CA US,20250328,-9999,-9999,0
GHCND:USC00049855,YOSEMITE PARK HEADQUARTERS CA US,20250329,-9999,-9999,0.02
GHCND:USC00049855,YOSEMITE PARK HEADQUARTERS CA US,20250330,-9999,-9999,0.1
GHCND:USC00049855,YOSEMITE PARK HEADQUARTERS CA US,20250331,-9999,-9999,0.68
GHCND:USC00049855,YOSEMITE PARK HEADQUARTERS CA US,20250401,-9999,-9999,1.05
GHCND:USC00049855,YOSEMITE PARK HEADQUARTERS CA US,20250402,-9999,-9999,0.8
GHCND:USC00049855,YOSEMITE PARK HEADQUARTERS CA US,20250403,-9999,-9999,0
GHCND:USC00049855,YOSEMITE PARK HEADQUARTERS CA US,20250404,-9999,-9999,0
GHCND:USC00049855,YOSEMITE PARK HEADQUARTERS CA US,20250405,-9999,-9999,0
GHCND:USC00049855,YOSEMITE PARK HEADQUARTERS CA US,20250406,-9999,-9999,0
GHCND:USC00049855,YOSEMITE PARK HEADQUARTERS CA US,20250407,-9999,-9999,0
GHCND:USC00049855,YOSEMITE PARK HEADQUARTERS CA US,20250408,-9999,-9999,0
GHCND:USC00049855,YOSEMITE PARK HEADQUARTERS CA US,20250409,-9999,-9999,0
GHCND:USC00049855,YOSEMITE PARK HEADQUARTERS CA US,20250410,-9999,-9999,0
GHCND:USC00049855,YOSEMITE PARK HEADQUARTERS CA US,20250411,-9999,-9999,0
GHCND:USC00049855,YOSEMITE PARK HEADQUARTERS CA US,20250412,-9999,-9999,0
GHCND:USC00049855,YOSEMITE PARK HEADQUARTERS CA US,20250413,-9999,-9999,0
GHCND:USC00049855,YOSEMITE PARK HEADQUARTERS CA US,20250414,-9999,-9999,0
GHCND:USC00049855,YOSEMITE PARK HEADQUARTERS CA US,20250415,-9999,-9999,0
GHCND:USC00049855,YOSEMITE PARK HEADQUARTERS CA US,20250416,-9999,-9999,0
GHCND:USC00049855,YOSEMITE PARK HEADQUARTERS CA US,20250417,-9999,-9999,0
GHCND:USC00049855,YOSEMITE PARK HEADQUARTERS CA US,20250418,-9999,-9999,0
GHCND:USC00049855,YOSEMITE PARK HEADQUARTERS CA US,20250419,-9999,-9999,0
GHCND:USC00049855,YOSEMITE PARK HEADQUARTERS CA US,20250421,0,2,-9999
GHCND:USC00049855,YOSEMITE PARK HEADQUARTERS CA US,20250422,-9999,-9999,0
GHCND:USC00049855,YOSEMITE PARK HEADQUARTERS CA US,20250423,-9999,-9999,0
GHCND:USC00049855,YOSEMITE PARK HEADQUARTERS CA US,20250426,0.01,3,-9999
GHCND:USC00049855,YOSEMITE PARK HEADQUARTERS CA US,20250427,-9999,-9999,0.2
GHCND:USC00049855,YOSEMITE PARK HEADQUARTERS CA US,20250428,-9999,-9999,0
GHCND:USC00049855,YOSEMITE PARK HEADQUARTERS CA US,20250429,-9999,-9999,0
GHCND:USC00049855,YOSEMITE PARK HEADQUARTERS CA US,20250430,-9999,-9999,0
GHCND:USC00049855,YOSEMITE PARK HEADQUARTERS CA US,20250501,-9999,-9999,0.03
GHCND:USC00049855,YOSEMITE PARK HEADQUARTERS CA US,20250502,-9999,-9999,0
GHCND:USC00049855,YOSEMITE PARK HEADQUARTERS CA US,20250503,-9999,-9999,0
GHCND:USC00049855,YOSEMITE PARK HEADQUARTERS CA US,20250504,-9999,-9999,0.13
GHCND:USC00049855,YOSEMITE PARK HEADQUARTERS CA US,20250505,-9999,-9999,0.1
GHCND:USC00049855,YOSEMITE PARK HEADQUARTERS CA US,20250506,-9999,-9999,0.2
GHCND:USC00049855,YOSEMITE PARK HEADQUARTERS CA US,20250507,-9999,-9999,0
GHCND:USC00049855,YOSEMITE PARK HEADQUARTERS CA US,20250508,-9999,-9999,0
GHCND:USC00049855,YOSEMITE PARK HEADQUARTERS CA US,20250509,-9999,-9999,0
GHCND:USC00049855,YOSEMITE PARK HEADQUARTERS CA US,20250510,-9999,-9999,0
GHCND:USC00049855,YOSEMITE PARK HEADQUARTERS CA US,20250511,-9999,-9999,0
GHCND:USC00049855,YOSEMITE PARK HEADQUARTERS CA US,20250512,-9999,-9999,0
GHCND:USC00049855,YOSEMITE PARK HEADQUARTERS CA US,20250513,-9999,-9999,0.01
GHCND:USC00049855,YOSEMITE PARK HEADQUARTERS CA US,20250514,-9999,-9999,0
GHCND:USC00049855,YOSEMITE PARK HEADQUARTERS CA US,20250515,-9999,-9999,0
GHCND:USC00049855,YOSEMITE PARK HEADQUARTERS CA US,20250516,-9999,-9999,0
GHCND:USC00049855,YOSEMITE PARK HEADQUARTERS CA US,20250517,-9999,-9999,0
GHCND:USC00049855,YOSEMITE PARK HEADQUARTERS CA US,20250518,-9999,-9999,0
GHCND:USC00049855,YOSEMITE PARK HEADQUARTERS CA US,20250519,-9999,-9999,0
GHCND:USC00049855,YOSEMITE PARK HEADQUARTERS CA US,20250520,-9999,-9999,0
GHCND:USC00049855,YOSEMITE PARK HEADQUARTERS CA US,20250521,-9999,-9999,0
GHCND:USC00049855,YOSEMITE PARK HEADQUARTERS CA US,20250522,-9999,-9999,0
GHCND:USC00049855,YOSEMITE PARK HEADQUARTERS CA US,20250526,0,4,-9999
GHCND:USC00049855,YOSEMITE PARK HEADQUARTERS CA US,20250527,-9999,-9999,0
GHCND:USC00049855,YOSEMITE PARK HEADQUARTERS CA US,20250529,0,2,-9999
GHCND:USC00049855,YOSEMITE PARK HEADQUARTERS CA US,20250530,-9999,-9999,0
GHCND:USC00049855,YOSEMITE PARK HEADQUARTERS CA US,20250531,-9999,-9999,0
GHCND:USC00049855,YOSEMITE PARK HEADQUARTERS CA US,20250601,-9999,-9999,0
GHCND:USC00049855,YOSEMITE PARK HEADQUARTERS CA US,20250602,-9999,-9999,0
GHCND:USC00049855,YOSEMITE PARK HEADQUARTERS CA US,20250603,-9999,-9999,0
GHCND:USC00049855,YOSEMITE PARK HEADQUARTERS CA US,20250604,-9999,-9999,0
GHCND:USC00049855,YOSEMITE PARK HEADQUARTERS CA US,20250605,-9999,-9999,0
GHCND:USC00049855,YOSEMITE PARK HEADQUARTERS CA US,20250606,-9999,-9999,0
GHCND:USC00049855,YOSEMITE PARK HEADQUARTERS CA US,20250607,-9999,-9999,0
GHCND:USC00049855,YOSEMITE PARK HEADQUARTERS CA US,20250608,-9999,-9999,0
GHCND:USC00049855,YOSEMITE PARK HEADQUARTERS CA US,20250609,-9999,-9999,0
GHCND:USC00049855,YOSEMITE PARK HEADQUARTERS CA US,20250610,-9999,-9999,0
GHCND:USC00049855,YOSEMITE PARK HEADQUARTERS CA US,20250611,-9999,-9999,0
GHCND:USC00049855,YOSEMITE PARK HEADQUARTERS CA US,20250612,-9999,-9999,0
GHCND:USC00049855,YOSEMITE PARK HEADQUARTERS CA US,20250613,-9999,-9999,0
GHCND:USC00049855,YOSEMITE PARK HEADQUARTERS CA US,20250614,-9999,-9999,0
GHCND:USC00049855,YOSEMITE PARK HEADQUARTERS CA US,20250615,-9999,-9999,0
GHCND:USC00049855,YOSEMITE PARK HEADQUARTERS CA US,20250616,-9999,-9999,0
GHCND:USC00049855,YOSEMITE PARK HEADQUARTERS CA US,20250617,-9999,-9999,0
GHCND:USC00049855,YOSEMITE PARK HEADQUARTERS CA US,20250618,-9999,-9999,0
GHCND:USC00049855,YOSEMITE PARK HEADQUARTERS CA US,20250619,-9999,-9999,0
GHCND:USC00049855,YOSEMITE PARK HEADQUARTERS CA US,20250620,-9999,-9999,0
GHCND:USC00049855,YOSEMITE PARK HEADQUARTERS CA US,20250621,-9999,-9999,0
GHCND:USC00049855,YOSEMITE PARK HEADQUARTERS CA US,20250622,-9999,-9999,0
GHCND:USC00049855,YOSEMITE PARK HEADQUARTERS CA US,20250623,-9999,-9999,0
GHCND:USC00049855,YOSEMITE PARK HEADQUARTERS CA US,20250624,-9999,-9999,0.02
GHCND:USC00049855,YOSEMITE PARK HEADQUARTERS CA US,20250625,-9999,-9999,0
GHCND:USC00049855,YOSEMITE PARK HEADQUARTERS CA US,20250626,-9999,-9999,0
GHCND:USC00049855,YOSEMITE PARK HEADQUARTERS CA US,20250627,-9999,-9999,0
GHCND:USC00049855,YOSEMITE PARK HEADQUARTERS CA US,20250628,-9999,-9999,0
GHCND:USC00049855,YOSEMITE PARK HEADQUARTERS CA US,20250629,-9999,-9999,0
GHCND:USC00049855,YOSEMITE PARK HEADQUARTERS CA US,20250630,-9999,-9999,0
GHCND:USC00049855,YOSEMITE PARK HEADQUARTERS CA US,20250701,-9999,-9999,0
GHCND:USC00049855,YOSEMITE PARK HEADQUARTERS CA US,20250702,-9999,-9999,0
GHCND:USC00049855,YOSEMITE PARK HEADQUARTERS CA US,20250703,-9999,-9999,0
GHCND:USC00049855,YOSEMITE PARK HEADQUARTERS CA US,20250704,-9999,-9999,0
GHCND:USC00049855,YOSEMITE PARK HEADQUARTERS CA US,20250705,-9999,-9999,0
GHCND:USC00049855,YOSEMITE PARK HEADQUARTERS CA US,20250706,-9999,-9999,0
GHCND:USC00049855,YOSEMITE PARK HEADQUARTERS CA US,20250707,-9999,-9999,0
GHCND:USC00049855,YOSEMITE PARK HEADQUARTERS CA US,20250708,-9999,-9999,0
GHCND:USC00049855,YOSEMITE PARK HEADQUARTERS CA US,20250709,-9999,-9999,0
GHCND:USC00049855,YOSEMITE PARK HEADQUARTERS CA US,20250710,-9999,-9999,0
GHCND:USC00049855,YOSEMITE PARK HEADQUARTERS CA US,20250711,-9999,-9999,0
GHCND:USC00049855,YOSEMITE PARK HEADQUARTERS CA US,20250712,-9999,-9999,0
GHCND:USC00049855,YOSEMITE PARK HEADQUARTERS CA US,20250713,-9999,-9999,0
GHCND:USC00049855,YOSEMITE PARK HEADQUARTERS CA US,20250714,-9999,-9999,0
GHCND:USC00049855,YOSEMITE PARK HEADQUARTERS CA US,20250715,-9999,-9999,0
GHCND:USC00049855,YOSEMITE PARK HEADQUARTERS CA US,20250716,-9999,-9999,0
GHCND:USC00049855,YOSEMITE PARK HEADQUARTERS CA US,20250717,-9999,-9999,0
GHCND:USC00049855,YOSEMITE PARK HEADQUARTERS CA US,20250718,-9999,-9999,0
GHCND:USC00049855,YOSEMITE PARK HEADQUARTERS CA US,20250719,-9999,-9999,0
GHCND:USC00049855,YOSEMITE PARK HEADQUARTERS CA US,20250720,-9999,-9999,0
GHCND:USC00049855,YOSEMITE PARK HEADQUARTERS CA US,20250721,-9999,-9999,0
GHCND:USC00049855,YOSEMITE PARK HEADQUARTERS CA US,20250722,-9999,-9999,0
GHCND:USC00049855,YOSEMITE PARK HEADQUARTERS CA US,20250723,-9999,-9999,0
GHCND:USC00049855,YOSEMITE PARK HEADQUARTERS CA US,20250724,-9999,-9999,0
GHCND:USC00049855,YOSEMITE PARK HEADQUARTERS CA US,20250725,-9999,-9999,0
GHCND:USC00049855,YOSEMITE PARK HEADQUARTERS CA US,20250726,-9999,-9999,0
GHCND:USC00049855,YOSEMITE PARK HEADQUARTERS CA US,20250727,-9999,-9999,0
GHCND:USC00049855,YOSEMITE PARK HEADQUARTERS CA US,20250728,-9999,-9999,0
GHCND:USC00049855,YOSEMITE PARK HEADQUARTERS CA US,20250729,-9999,-9999,0
GHCND:USC00049855,YOSEMITE PARK HEADQUARTERS CA US,20250730,-9999,-9999,0
GHCND:USC00049855,YOSEMITE PARK HEADQUARTERS CA US,20250731,-9999,-9999,0
GHCND:USC00049855,YOSEMITE PARK HEADQUARTERS CA US,20250801,-9999,-9999,0
GHCND:USC00049855,YOSEMITE PARK HEADQUARTERS CA US,20250802,-9999,-9999,0
GHCND:USC00049855,YOSEMITE PARK HEADQUARTERS CA US,20250803,-9999,-9999,0
GHCND:USC00049855,YOSEMITE PARK HEADQUARTERS CA US,20250804,-9999,-9999,0
GHCND:USC00049855,YOSEMITE PARK HEADQUARTERS CA US,20250805,-9999,-9999,0
GHCND:USC00049855,YOSEMITE PARK HEADQUARTERS CA US,20250806,-9999,-9999,0
GHCND:USC00049855,YOSEMITE PARK HEADQUARTERS CA US,20250807,-9999,-9999,0
GHCND:USC00049855,YOSEMITE PARK HEADQUARTERS CA US,20250808,-9999,-9999,0
GHCND:USC00049855,YOSEMITE PARK HEADQUARTERS CA US,20250809,-9999,-9999,0
GHCND:USC00049855,YOSEMITE PARK HEADQUARTERS CA US,20250810,-9999,-9999,0
GHCND:USC00049855,YOSEMITE PARK HEADQUARTERS CA US,20250811,-9999,-9999,0
GHCND:USC00049855,YOSEMITE PARK HEADQUARTERS CA US,20250812,-9999,-9999,0
GHCND:USC00049855,YOSEMITE PARK HEADQUARTERS CA US,20250813,-9999,-9999,0
GHCND:USC00049855,YOSEMITE PARK HEADQUARTERS CA US,20250814,-9999,-9999,0
GHCND:USC00049855,YOSEMITE PARK HEADQUARTERS CA US,20250815,-9999,-9999,0
GHCND:USC00049855,YOSEMITE PARK HEADQUARTERS CA US,20250816,-9999,-9999,0
GHCND:USC00049855,YOSEMITE PARK HEADQUARTERS CA US,20250817,-9999,-9999,0
GHCND:USC00049855,YOSEMITE PARK HEADQUARTERS CA US,20250818,-9999,-9999,0
GHCND:USC00049855,YOSEMITE PARK HEADQUARTERS CA US,20250819,-9999,-9999,0
GHCND:USC00049855,YOSEMITE PARK HEADQUARTERS CA US,20250820,-9999,-9999,0
GHCND:USC00049855,YOSEMITE PARK HEADQUARTERS CA US,20250821,-9999,-9999,0
GHCND:USC00049855,YOSEMITE PARK HEADQUARTERS CA US,20250822,-9999,-9999,0
GHCND:USC00049855,YOSEMITE PARK HEADQUARTERS CA US,20250823,-9999,-9999,0
GHCND:USC00049855,YOSEMITE PARK HEADQUARTERS CA US,20250824,-9999,-9999,0
GHCND:USC00049855,YOSEMITE PARK HEADQUARTERS CA US,20250825,-9999,-9999,0.11
GHCND:USC00049855,YOSEMITE PARK HEADQUARTERS CA US,20250827,0.49,2,-9999
GHCND:USC00049855,YOSEMITE PARK HEADQUARTERS CA US,20250828,-9999,-9999,0.02
GHCND:USC00049855,YOSEMITE PARK HEADQUARTERS CA US,20250829,-9999,-9999,0
GHCND:USC00049855,YOSEMITE PARK HEADQUARTERS CA US,20250830,-9999,-9999,0
GHCND:USC00049855,YOSEMITE PARK HEADQUARTERS CA US,20250831,-9999,-9999,0
GHCND:USC00049855,YOSEMITE PARK HEADQUARTERS CA US,20250901,-9999,-9999,0
GHCND:USC00049855,YOSEMITE PARK HEADQUARTERS CA US,20250903,0.08,2,-9999
GHCND:USC00049855,YOSEMITE PARK HEADQUARTERS CA US,20250904,-9999,-9999,0
GHCND:USC00049855,YOSEMITE PARK HEADQUARTERS CA US,20250905,-9999,-9999,0
GHCND:USC00049855,YOSEMITE PARK HEADQUARTERS CA US,20250906,-9999,-9999,0
GHCND:USC00049855,YOSEMITE PARK HEADQUARTERS CA US,20250907,-9999,-9999,0
GHCND:USC00049855,YOSEMITE PARK HEADQUARTERS CA US,20250908,-9999,-9999,0
GHCND:USC00049855,YOSEMITE PARK HEADQUARTERS CA US,20250909,-9999,-9999,0
GHCND:USC00049855,YOSEMITE PARK HEADQUARTERS CA US,20250910,-9999,-9999,0
GHCND:USC00049855,YOSEMITE PARK HEADQUARTERS CA US,20250911,-9999,-9999,0
GHCND:USC00049855,YOSEMITE PARK HEADQUARTERS CA US,20250913,0,2,-9999
GHCND:USC00049855,YOSEMITE PARK HEADQUARTERS CA US,20250914,-9999,-9999,0
GHCND:USC00049855,YOSEMITE PARK HEADQUARTERS CA US,20250917,0,3,-9999
GHCND:USC00049855,YOSEMITE PARK HEADQUARTERS CA US,20250918,-9999,-9999,0
GHCND:USC00049855,YOSEMITE PARK HEADQUARTERS CA US,20250919,-9999,-9999,0.19
GHCND:USC00049855,YOSEMITE PARK HEADQUARTERS CA US,20250920,-9999,-9999,0.07
GHCND:USC00049855,YOSEMITE PARK HEADQUARTERS CA US,20250921,-9999,-9999,0
GHCND:USC00049855,YOSEMITE PARK HEADQUARTERS CA US,20250922,-9999,-9999,0
GHCND:USC00049855,YOSEMITE PARK HEADQUARTERS CA US,20250923,-9999,-9999,0
GHCND:USC00049855,YOSEMITE PARK HEADQUARTERS CA US,20250924,-9999,-9999,0
GHCND:USC00049855,YOSEMITE PARK HEADQUARTERS CA US,20250925,-9999,-9999,0
GHCND:USC00049855,YOSEMITE PARK HEADQUARTERS CA US,20250926,-9999,-9999,0.05
GHCND:USC00049855,YOSEMITE PARK HEADQUARTERS CA US,20250927,-9999,-9999,0
GHCND:USC00049855,YOSEMITE PARK HEADQUARTERS CA US,20250928,-9999,-9999,0.04
GHCND:USC00049855,YOSEMITE PARK HEADQUARTERS CA US,20250929,-9999,-9999,0
GHCND:USC00049855,YOSEMITE PARK HEADQUARTERS CA US,20251101,-9999,-9999,0
GHCND:USC00049855,YOSEMITE PARK HEADQUARTERS CA US,20251102,-9999,-9999,0
GHCND:USC00049855,YOSEMITE PARK HEADQUARTERS CA US,20251103,-9999,-9999,0
GHCND:USC00049855,YOSEMITE PARK HEADQUARTERS CA US,20251104,-9999,-9999,0
GHCND:USC00049855,YOSEMITE PARK HEADQUARTERS CA US,20251105,-9999,-9999,0
GHCND:USC00049855,YOSEMITE PARK HEADQUARTERS CA US,20251106,-9999,-9999,0.22
GHCND:USC00049855,YOSEMITE PARK HEADQUARTERS CA US,20251107,-9999,-9999,0
GHCND:USC00049855,YOSEMITE PARK HEADQUARTERS CA US,20251108,-9999,-9999,0
GHCND:USC00049855,YOSEMITE PARK HEADQUARTERS CA US,20251109,-9999,-9999,0
GHCND:USC00049855,YOSEMITE PARK HEADQUARTERS CA US,20251110,-9999,-9999,0
GHCND:USC00049855,YOSEMITE PARK HEADQUARTERS CA US,20251111,-9999,-9999,0
GHCND:USC00049855,YOSEMITE PARK HEADQUARTERS CA US,20251112,-9999,-9999,0
GHCND:USC00049855,YOSEMITE PARK HEADQUARTERS CA US,20251113,-9999,-9999,0.08
GHCND:USC00049855,YOSEMITE PARK HEADQUARTERS CA US,20251114,-9999,-9999,1.56
GHCND:USC00049855,YOSEMITE PARK HEADQUARTERS CA US,20251115,-9999,-9999,0.47
GHCND:USC00049855,YOSEMITE PARK HEADQUARTERS CA US,20251116,-9999,-9999,0.58
GHCND:USC00049855,YOSEMITE PARK HEADQUARTERS CA US,20251117,-9999,-9999,0.23
GHCND:USC00049855,YOSEMITE PARK HEADQUARTERS CA US,20251118,-9999,-9999,0.87
GHCND:USC00049855,YOSEMITE PARK HEADQUARTERS CA US,20251119,-9999,-9999,0
GHCND:USC00049855,YOSEMITE PARK HEADQUARTERS CA US,20251120,-9999,-9999,0.03
GHCND:USC00049855,YOSEMITE PARK HEADQUARTERS CA US,20251121,-9999,-9999,0.06
GHCND:USC00049855,YOSEMITE PARK HEADQUARTERS CA US,20251122,-9999,-9999,0
GHCND:USC00049855,YOSEMITE PARK HEADQUARTERS CA US,20251123,-9999,-9999,0
GHCND:USC00049855,YOSEMITE PARK HEADQUARTERS CA US,20251124,-9999,-9999,0
GHCND:USC00049855,YOSEMITE PARK HEADQUARTERS CA US,20251125,-9999,-9999,0
GHCND:USC00049855,YOSEMITE PARK HEADQUARTERS CA US,20251126,-9999,-9999,0
GHCND:USC00049855,YOSEMITE PARK HEADQUARTERS CA US,20251127,-9999,-9999,0
GHCND:USC00049855,YOSEMITE PARK HEADQUARTERS CA US,20251128,-9999,-9999,0
GHCND:USC00049855,YOSEMITE PARK HEADQUARTERS CA US,20251129,-9999,-9999,0
GHCND:USC00049855,YOSEMITE PARK HEADQUARTERS CA US,20251130,-9999,-9999,0
GHCND:USC00049855,YOSEMITE PARK HEADQUARTERS CA US,20251201,-9999,-9999,0
GHCND:USC00049855,YOSEMITE PARK HEADQUARTERS CA US,20251202,-9999,-9999,0
GHCND:USC00049855,YOSEMITE PARK HEADQUARTERS CA US,20251203,-9999,-9999,0
GHCND:USC00049855,YOSEMITE PARK HEADQUARTERS CA US,20251204,-9999,-9999,0
GHCND:USC00049855,YOSEMITE PARK HEADQUARTERS CA US,20251205,-9999,-9999,0
GHCND:USC00049855,YOSEMITE PARK HEADQUARTERS CA US,20251206,-9999,-9999,0
GHCND:USC00049855,YOSEMITE PARK HEADQUARTERS CA US,20251207,-9999,-9999,0
GHCND:USC00049855,YOSEMITE PARK HEADQUARTERS CA US,20251208,-9999,-9999,0
GHCND:USC00049855,YOSEMITE PARK HEADQUARTERS CA US,20251209,-9999,-9999,0
GHCND:USC00049855,YOSEMITE PARK HEADQUARTERS CA US,20251210,-9999,-9999,0
GHCND:USC00049855,YOSEMITE PARK HEADQUARTERS CA US,20251211,-9999,-9999,0
GHCND:USC00049855,YOSEMITE PARK HEADQUARTERS CA US,20251212,-9999,-9999,0
GHCND:USC00049855,YOSEMITE PARK HEADQUARTERS CA US,20251213,-9999,-9999,0
GHCND:USC00049855,YOSEMITE PARK HEADQUARTERS CA US,20251214,-9999,-9999,0
GHCND:USC00049855,YOSEMITE PARK HEADQUARTERS CA US,20251215,-9999,-9999,0
GHCND:USC00049855,YOSEMITE PARK HEADQUARTERS CA US,20251216,-9999,-9999,0
GHCND:USC00049855,YOSEMITE PARK HEADQUARTERS CA US,20251217,-9999,-9999,0
GHCND:USC00049855,YOSEMITE PARK HEADQUARTERS CA US,20251218,-9999,-9999,0
GHCND:USC00049855,YOSEMITE PARK HEADQUARTERS CA US,20251219,-9999,-9999,0
GHCND:USC00049855,YOSEMITE PARK HEADQUARTERS CA US,20251220,-9999,-9999,0.39
GHCND:USC00049855,YOSEMITE PARK HEADQUARTERS CA US,20251221,-9999,-9999,0.08
GHCND:USC00049855,YOSEMITE PARK HEADQUARTERS CA US,20251222,-9999,-9999,0.02
GHCND:USC00049855,YOSEMITE PARK HEADQUARTERS CA US,20251223,-9999,-9999,0
GHCND:USC00049855,YOSEMITE PARK HEADQUARTERS CA US,20251224,-9999,-9999,1.9
GHCND:USC00049855,YOSEMITE PARK HEADQUARTERS CA US,20251225,-9999,-9999,2.98
GHCND:USC00049855,YOSEMITE PARK HEADQUARTERS CA US,20251226,-9999,-9999,1.53
GHCND:USC00049855,YOSEMITE PARK HEADQUARTERS CA US,20251227,-9999,-9999,0.18
GHCND:USC00049855,YOSEMITE PARK HEADQUARTERS CA US,20251228,-9999,-9999,0
GHCND:USC00049855,YOSEMITE PARK HEADQUARTERS CA US,20251229,-9999,-9999,0
GHCND:USC00049855,YOSEMITE PARK HEADQUARTERS CA US,20251230,-9999,-9999,0
GHCND:USC00049855,YOSEMITE PARK HEADQUARTERS CA US,20251231,-9999,-9999,0
